seed,strategy,panel,hands,distinct_target_keys,distinct_flop,distinct_preflop,distinct_river,distinct_turn,flop:positive_mass,positive_mass,preflop:positive_mass,river:positive_mass,turn:positive_mass,turn:zero_mass,zero_mass,limited_lbr_decisions,river:zero_mass,flop:missing,missing,preflop:missing,river:missing,turn:missing,flop:zero_mass,preflop:zero_mass,current,flop:current,preflop:current,river:current,turn:current
2026093001,average,lbr,256,437,109,223,37,68,189,636,339,38,70,1,1,0,,,,,,,,,,,,,
2026093001,average,loose_aggressive,512,607,107,267,105,128,242,945,437,115,151,2,3,0,1,,,,,,,,,,,,
2026093001,average,loose_passive,512,581,78,219,151,133,305,1149,418,204,222,,,0,,2,10,1,4,3,,,,,,,
2026093001,average,minraise-cap2,512,1045,171,384,225,265,547,1909,726,261,375,3,10,0,7,,,,,,,,,,,,
2026093001,average,native-pressure,512,1094,211,495,143,245,554,1905,856,162,333,12,36,0,15,,4,4,,,4,5,,,,,
2026093001,average,passive,512,823,91,245,273,214,470,1918,512,466,470,,,0,,,,,,,,,,,,,
2026093001,average,pot_pressure,512,369,63,212,34,60,89,438,294,18,37,,,0,,36,141,59,17,29,,,,,,,
2026093001,average,pressure-cap2,512,810,125,384,137,164,426,1559,726,162,245,2,5,0,3,,,,,,,,,,,,
2026093001,average,selective-stackoff,512,391,58,180,74,79,170,700,328,85,117,,1,0,1,,,,,,,,,,,,
2026093001,average,tight_aggressive,512,265,44,156,28,37,111,490,294,32,53,,,0,,,,,,,,,,,,,
2026093001,average,tight_passive,512,236,33,138,31,34,107,471,272,38,54,,,0,,2,7,2,1,2,,,,,,,
2026093001,average,train_pressure,512,510,83,214,102,111,179,751,357,97,118,,1,0,1,6,35,5,12,12,,,,,,,
2026093001,average,uniform,512,814,196,404,76,138,310,1119,596,74,139,1,5,0,2,1,1,,,,,2,,,,,
2026093001,current,lbr,256,421,116,218,26,61,,,,,,,,0,,,,,,,,,618,193,334,27,64
2026093001,current,loose_aggressive,512,607,106,272,104,125,,,,,,,,0,,,2,,1,1,,,964,245,443,117,159
2026093001,current,loose_passive,512,577,84,219,139,135,,,,,,,,0,,3,8,1,2,2,,,1170,313,418,210,229
2026093001,current,minraise-cap2,512,1005,171,379,216,239,,,,,,,,0,,,,,,,,,1940,543,728,293,376
2026093001,current,native-pressure,512,1098,206,466,173,253,,,,,,,,0,,,4,,3,1,,,1989,581,850,207,351
2026093001,current,passive,512,794,90,245,246,213,,,,,,,,0,,,,,,,,,1921,472,512,465,472
2026093001,current,pot_pressure,512,357,57,213,29,58,,,,,,,,0,,30,137,61,15,31,,,444,90,295,17,42
2026093001,current,pressure-cap2,512,810,130,379,140,161,,,,,,,,0,,,,,,,,,1572,422,728,182,240
2026093001,current,selective-stackoff,512,386,63,180,64,79,,,,,,,,0,,,,,,,,,701,167,328,81,125
2026093001,current,tight_aggressive,512,264,43,157,21,43,,,,,,,,0,,,,,,,,,495,111,295,25,64
2026093001,current,tight_passive,512,242,38,138,30,36,,,,,,,,0,,2,7,2,1,2,,,480,109,272,37,62
2026093001,current,train_pressure,512,527,85,217,113,112,,,,,,,,0,,5,34,5,13,11,,,790,182,361,114,133
2026093001,current,uniform,512,816,209,401,65,141,,,,,,,,0,,,1,,,1,,,1122,320,595,65,142
2026093002,average,lbr,256,475,124,234,36,81,204,668,345,37,82,4,5,0,,,1,,1,,1,,,,,,
2026093002,average,loose_aggressive,512,615,118,267,95,135,253,960,435,111,161,,,0,,,,,,,,,,,,,
2026093002,average,loose_passive,512,553,78,218,136,121,308,1145,418,203,216,1,1,0,,,3,,2,1,,,,,,,
2026093002,average,minraise-cap2,512,1036,173,385,227,251,529,1873,726,260,358,5,13,0,8,,,,,,,,,,,,
2026093002,average,native-pressure,512,1088,209,487,153,239,518,1871,849,172,332,6,23,0,14,,2,,1,1,3,,,,,,
2026093002,average,passive,512,824,93,245,265,221,470,1914,512,462,470,,,0,,,,,,,,,,,,,
2026093002,average,pot_pressure,512,371,68,209,36,58,90,434,292,17,35,,1,0,,42,154,58,20,34,,1,,,,,
2026093002,average,pressure-cap2,512,803,121,385,140,157,399,1549,726,175,249,1,2,0,1,,,,,,,,,,,,
2026093002,average,selective-stackoff,512,388,58,180,73,77,170,708,328,92,118,,,0,,,,,,,,,,,,,
2026093002,average,tight_aggressive,512,265,44,156,27,38,118,496,293,32,53,,,0,,,,,,,,,,,,,
2026093002,average,tight_passive,512,233,31,138,30,34,113,478,274,37,54,,,0,,,,,,,,,,,,,
2026093002,average,train_pressure,512,514,86,210,109,109,195,792,357,109,131,,,0,,4,30,,16,10,,,,,,,
2026093002,average,uniform,512,845,206,408,81,150,322,1158,601,77,158,2,6,0,4,,1,,,1,,,,,,,
2026093002,current,lbr,256,441,112,228,23,78,,,,,,,,0,,,,,,,,,641,186,350,24,81
2026093002,current,loose_aggressive,512,600,112,266,96,126,,,,,,,,0,,,,,,,,,943,249,435,108,151
2026093002,current,loose_passive,512,560,82,218,132,128,,,,,,,,0,,1,8,1,3,3,,,1122,311,417,189,205
2026093002,current,minraise-cap2,512,958,159,369,205,225,,,,,,,,0,,,,,,,,,1838,517,722,260,339
2026093002,current,native-pressure,512,998,186,450,132,230,,,,,,,,0,,1,4,,2,1,,,1866,542,841,163,320
2026093002,current,passive,512,801,93,245,247,216,,,,,,,,0,,,,,,,,,1908,466,512,464,466
2026093002,current,pot_pressure,512,347,64,208,25,50,,,,,,,,0,,33,129,56,13,27,,,433,93,294,14,32
2026093002,current,pressure-cap2,512,771,119,369,134,149,,,,,,,,0,,,,,,,,,1507,405,722,167,213
2026093002,current,selective-stackoff,512,380,63,182,64,71,,,,,,,,0,,,,,,,,,683,171,330,76,106
2026093002,current,tight_aggressive,512,259,45,157,18,39,,,,,,,,0,,,,,,,,,478,113,294,19,52
2026093002,current,tight_passive,512,230,35,138,25,32,,,,,,,,0,,2,7,2,1,2,,,460,109,272,29,50
2026093002,current,train_pressure,512,480,83,211,89,97,,,,,,,,0,,6,24,3,11,4,,,746,183,355,90,118
2026093002,current,uniform,512,833,211,400,73,149,,,,,,,,0,,,,,,,,,1142,312,597,73,160
2026093003,average,lbr,256,469,117,224,43,85,205,666,334,41,86,1,3,0,2,,,,,,,,,,,,
2026093003,average,loose_aggressive,512,608,113,267,102,126,239,948,439,117,153,2,2,0,,,,,,,,,,,,,
2026093003,average,loose_passive,512,566,77,218,141,130,300,1138,417,200,221,,2,0,2,3,6,1,,2,,,,,,,
2026093003,average,minraise-cap2,512,1072,179,378,237,278,550,1918,724,268,376,4,13,0,9,,2,,2,,,,,,,,
2026093003,average,native-pressure,512,1133,234,480,161,258,567,1918,854,180,317,20,38,0,16,3,13,2,4,4,1,1,,,,,
2026093003,average,passive,512,816,89,245,266,216,468,1905,512,457,468,,2,0,2,,,,,,,,,,,,
2026093003,average,pot_pressure,512,368,65,208,33,62,93,449,295,21,40,,,0,,36,144,56,18,34,,,,,,,
2026093003,average,pressure-cap2,512,805,130,378,132,165,422,1544,724,163,235,3,4,0,1,,2,,2,,,,,,,,
2026093003,average,selective-stackoff,512,382,60,181,66,75,172,697,329,82,114,,,0,,,,,,,,,,,,,
2026093003,average,tight_aggressive,512,265,45,154,30,36,112,496,292,36,56,,,0,,,,,,,,,,,,,
2026093003,average,tight_passive,512,236,34,138,30,34,110,481,273,38,60,,,0,,1,3,1,,1,,,,,,,
2026093003,average,train_pressure,512,499,88,213,92,106,184,767,357,101,125,,,0,,7,28,4,9,8,,,,,,,
2026093003,average,uniform,512,819,208,406,61,144,313,1111,600,53,145,3,11,0,8,,,,,,,,,,,,
2026093003,current,lbr,256,446,116,215,38,77,,,,,,,,0,,,,,,,,,650,197,332,39,82
2026093003,current,loose_aggressive,512,589,101,264,98,126,,,,,,,,0,,,,,,,,,933,236,436,112,149
2026093003,current,loose_passive,512,567,78,218,137,134,,,,,,,,0,,2,3,,1,,,,1139,305,418,196,220
2026093003,current,minraise-cap2,512,991,165,364,217,245,,,,,,,,0,,,3,,3,,,,1919,547,721,277,374
2026093003,current,native-pressure,512,1072,209,451,136,276,,,,,,,,0,,1,7,,1,5,,,1970,566,845,175,384
2026093003,current,passive,512,788,88,245,244,211,,,,,,,,0,,,,,,,,,1901,465,512,459,465
2026093003,current,pot_pressure,512,353,63,204,30,56,,,,,,,,0,,39,148,55,19,35,,,429,95,293,13,28
2026093003,current,pressure-cap2,512,804,125,364,143,172,,,,,,,,0,,,2,,2,,,,1584,425,721,181,257
2026093003,current,selective-stackoff,512,367,56,182,54,75,,,,,,,,0,,,,,,,,,671,168,330,69,104
2026093003,current,tight_aggressive,512,252,43,155,14,40,,,,,,,,0,,,,,,,,,470,114,293,15,48
2026093003,current,tight_passive,512,222,32,138,20,32,,,,,,,,0,,,,,,,,,462,112,274,26,50
2026093003,current,train_pressure,512,472,78,208,82,104,,,,,,,,0,,3,26,2,7,14,,,730,183,354,82,111
2026093003,current,uniform,512,820,211,392,62,155,,,,,,,,0,,,1,,,1,,,1135,318,597,62,158
