seed,strategy,panel,mass_status,decisions,large_opportunities,large_actions
2026093001,average,lbr,positive_mass,636,226,55
2026093001,average,lbr,zero_mass,1,1,
2026093001,average,loose_aggressive,positive_mass,945,131,31
2026093001,average,loose_aggressive,zero_mass,3,1,
2026093001,average,loose_passive,missing,10,10,6
2026093001,average,loose_passive,positive_mass,1149,77,26
2026093001,average,minraise-cap2,positive_mass,1909,837,167
2026093001,average,minraise-cap2,zero_mass,10,5,0
2026093001,average,native-pressure,missing,4,4,0
2026093001,average,native-pressure,positive_mass,1905,792,150
2026093001,average,native-pressure,zero_mass,36,22,7
2026093001,average,passive,positive_mass,1918,243,105
2026093001,average,pot_pressure,missing,141,117,45
2026093001,average,pot_pressure,positive_mass,438,6,1
2026093001,average,pressure-cap2,positive_mass,1559,535,103
2026093001,average,pressure-cap2,zero_mass,5,3,0
2026093001,average,selective-stackoff,positive_mass,700,21,4
2026093001,average,selective-stackoff,zero_mass,1,1,
2026093001,average,tight_aggressive,positive_mass,490,24,5
2026093001,average,tight_passive,missing,7,7,2
2026093001,average,tight_passive,positive_mass,471,6,2
2026093001,average,train_pressure,missing,35,26,10
2026093001,average,train_pressure,positive_mass,751,75,20
2026093001,average,train_pressure,zero_mass,1,0,
2026093001,average,uniform,missing,1,1,
2026093001,average,uniform,positive_mass,1119,273,49
2026093001,average,uniform,zero_mass,5,3,1
2026093001,current,lbr,current,618,200,47
2026093001,current,loose_aggressive,current,964,133,27
2026093001,current,loose_aggressive,missing,2,0,0
2026093001,current,loose_passive,current,1170,79,24
2026093001,current,loose_passive,missing,8,7,5
2026093001,current,minraise-cap2,current,1940,896,164
2026093001,current,native-pressure,current,1989,904,149
2026093001,current,native-pressure,missing,4,1,1
2026093001,current,passive,current,1921,218,79
2026093001,current,pot_pressure,current,444,3,0
2026093001,current,pot_pressure,missing,137,119,56
2026093001,current,pressure-cap2,current,1572,570,99
2026093001,current,selective-stackoff,current,701,28,13
2026093001,current,tight_aggressive,current,495,14,3
2026093001,current,tight_passive,current,480,9,5
2026093001,current,tight_passive,missing,7,7,2
2026093001,current,train_pressure,current,790,78,13
2026093001,current,train_pressure,missing,34,26,10
2026093001,current,uniform,current,1122,270,60
2026093001,current,uniform,missing,1,0,
2026093002,average,lbr,missing,1,0,
2026093002,average,lbr,positive_mass,668,238,56
2026093002,average,lbr,zero_mass,5,3,0
2026093002,average,loose_aggressive,positive_mass,960,129,27
2026093002,average,loose_passive,missing,3,2,1
2026093002,average,loose_passive,positive_mass,1145,81,30
2026093002,average,loose_passive,zero_mass,1,1,
2026093002,average,minraise-cap2,positive_mass,1873,806,168
2026093002,average,minraise-cap2,zero_mass,13,5,2
2026093002,average,native-pressure,missing,2,1,1
2026093002,average,native-pressure,positive_mass,1871,781,157
2026093002,average,native-pressure,zero_mass,23,12,4
2026093002,average,passive,positive_mass,1914,269,113
2026093002,average,pot_pressure,missing,154,131,56
2026093002,average,pot_pressure,positive_mass,434,2,0
2026093002,average,pot_pressure,zero_mass,1,0,
2026093002,average,pressure-cap2,positive_mass,1549,537,106
2026093002,average,pressure-cap2,zero_mass,2,0,0
2026093002,average,selective-stackoff,positive_mass,708,23,5
2026093002,average,tight_aggressive,positive_mass,496,20,2
2026093002,average,tight_passive,positive_mass,478,8,4
2026093002,average,train_pressure,missing,30,23,11
2026093002,average,train_pressure,positive_mass,792,66,20
2026093002,average,uniform,missing,1,1,
2026093002,average,uniform,positive_mass,1158,269,36
2026093002,average,uniform,zero_mass,6,1,1
2026093002,current,lbr,current,641,215,50
2026093002,current,loose_aggressive,current,943,135,26
2026093002,current,loose_passive,current,1122,73,36
2026093002,current,loose_passive,missing,8,7,3
2026093002,current,minraise-cap2,current,1838,767,164
2026093002,current,native-pressure,current,1866,749,151
2026093002,current,native-pressure,missing,4,1,0
2026093002,current,passive,current,1908,256,107
2026093002,current,pot_pressure,current,433,4,2
2026093002,current,pot_pressure,missing,129,114,50
2026093002,current,pressure-cap2,current,1507,490,102
2026093002,current,selective-stackoff,current,683,16,6
2026093002,current,tight_aggressive,current,478,19,4
2026093002,current,tight_passive,current,460,5,1
2026093002,current,tight_passive,missing,7,7,2
2026093002,current,train_pressure,current,746,59,16
2026093002,current,train_pressure,missing,24,17,6
2026093002,current,uniform,current,1142,251,41
2026093003,average,lbr,positive_mass,666,225,51
2026093003,average,lbr,zero_mass,3,0,
2026093003,average,loose_aggressive,positive_mass,948,134,19
2026093003,average,loose_aggressive,zero_mass,2,0,
2026093003,average,loose_passive,missing,6,6,4
2026093003,average,loose_passive,positive_mass,1138,80,30
2026093003,average,loose_passive,zero_mass,2,2,0
2026093003,average,minraise-cap2,missing,2,0,0
2026093003,average,minraise-cap2,positive_mass,1918,847,172
2026093003,average,minraise-cap2,zero_mass,13,7,1
2026093003,average,native-pressure,missing,13,2,1
2026093003,average,native-pressure,positive_mass,1918,810,149
2026093003,average,native-pressure,zero_mass,38,19,6
2026093003,average,passive,positive_mass,1905,253,106
2026093003,average,passive,zero_mass,2,2,0
2026093003,average,pot_pressure,missing,144,119,49
2026093003,average,pot_pressure,positive_mass,449,3,1
2026093003,average,pressure-cap2,missing,2,0,0
2026093003,average,pressure-cap2,positive_mass,1544,522,110
2026093003,average,pressure-cap2,zero_mass,4,3,0
2026093003,average,selective-stackoff,positive_mass,697,13,4
2026093003,average,tight_aggressive,positive_mass,496,19,3
2026093003,average,tight_passive,missing,3,3,2
2026093003,average,tight_passive,positive_mass,481,8,2
2026093003,average,train_pressure,missing,28,21,9
2026093003,average,train_pressure,positive_mass,767,63,13
2026093003,average,uniform,positive_mass,1111,263,43
2026093003,average,uniform,zero_mass,11,2,0
2026093003,current,lbr,current,650,210,49
2026093003,current,loose_aggressive,current,933,121,17
2026093003,current,loose_passive,current,1139,76,35
2026093003,current,loose_passive,missing,3,3,2
2026093003,current,minraise-cap2,current,1919,815,174
2026093003,current,minraise-cap2,missing,3,1,0
2026093003,current,native-pressure,current,1970,860,164
2026093003,current,native-pressure,missing,7,1,0
2026093003,current,passive,current,1901,245,103
2026093003,current,pot_pressure,current,429,2,0
2026093003,current,pot_pressure,missing,148,122,53
2026093003,current,pressure-cap2,current,1584,525,103
2026093003,current,pressure-cap2,missing,2,0,0
2026093003,current,selective-stackoff,current,671,15,3
2026093003,current,tight_aggressive,current,470,13,1
2026093003,current,tight_passive,current,462,6,3
2026093003,current,train_pressure,current,730,61,15
2026093003,current,train_pressure,missing,26,19,8
2026093003,current,uniform,current,1135,278,44
2026093003,current,uniform,missing,1,0,
