seed,panel,position,average_minus_current_bb_per_100,ci95_low,ci95_high,paired_blocks
2026093001,lbr,overall,-0.390625,-91.1526832323338,90.3714332323338,128
2026093001,lbr,big_blind,-15.625,-129.79002978240385,98.54002978240385,128
2026093001,lbr,button,14.84375,-117.59501710567756,147.28251710567756,128
2026093001,loose_aggressive,overall,-14.453125,-54.58145029814355,25.67520029814355,256
2026093001,loose_aggressive,big_blind,8.203125,-39.14289780809056,55.54914780809056,256
2026093001,loose_aggressive,button,-37.109375,-99.73284101048007,25.514091010480072,256
2026093001,loose_passive,overall,6.8359375,-28.696243634069525,42.368118634069525,256
2026093001,loose_passive,big_blind,16.796875,-26.323334302144467,59.91708430214447,256
2026093001,loose_passive,button,-3.125,-56.20322139667192,49.95322139667192,256
2026093001,minraise-cap2,overall,20.703125,-39.36816787360941,80.77441787360941,256
2026093001,minraise-cap2,big_blind,51.953125,-31.574542629197936,135.48079262919794,256
2026093001,minraise-cap2,button,-10.546875,-99.81858422007824,78.72483422007824,256
2026093001,native-pressure,overall,36.71875,-28.337560274910956,101.77506027491096,256
2026093001,native-pressure,big_blind,67.578125,-24.61848831411845,159.77473831411845,256
2026093001,native-pressure,button,5.859375,-88.61758341506267,100.33633341506267,256
2026093001,passive,overall,30.6640625,-12.648781816255564,73.97690681625556,256
2026093001,passive,big_blind,46.484375,-21.534318870357495,114.5030688703575,256
2026093001,passive,button,14.84375,-45.68422737392639,75.37172737392639,256
2026093001,pot_pressure,overall,5.6640625,-17.66750201629033,28.99562701629033,256
2026093001,pot_pressure,big_blind,0,-28.880698511452625,28.880698511452625,256
2026093001,pot_pressure,button,11.328125,-25.258760464378668,47.91501046437867,256
2026093001,pressure-cap2,overall,7.421875,-42.183340787579546,57.027090787579546,256
2026093001,pressure-cap2,big_blind,32.421875,-40.57807043176646,105.42182043176646,256
2026093001,pressure-cap2,button,-17.578125,-93.894319403342,58.738069403341996,256
2026093001,selective-stackoff,overall,-3.7109375,-22.6304856317954,15.208610631795398,256
2026093001,selective-stackoff,big_blind,-5.859375,-19.30086492575593,7.582114925755933,256
2026093001,selective-stackoff,button,-1.5625,-36.8030544583243,33.6780544583243,256
2026093001,tight_aggressive,overall,-0.78125,-21.124427875648607,19.561927875648607,256
2026093001,tight_aggressive,big_blind,3.90625,-15.79906017916198,23.61156017916198,256
2026093001,tight_aggressive,button,-5.46875,-41.055693041763575,30.118193041763575,256
2026093001,tight_passive,overall,-5.859375,-13.518587189520792,1.799837189520792,256
2026093001,tight_passive,big_blind,-3.125,-8.338383681528775,2.088383681528774,256
2026093001,tight_passive,button,-8.59375,-23.026061746194827,5.838561746194827,256
2026093001,train_pressure,overall,-4.1015625,-38.14603255203306,29.942907552033063,256
2026093001,train_pressure,big_blind,-16.796875,-53.534156921087096,19.940406921087096,256
2026093001,train_pressure,button,8.59375,-47.585777363907695,64.7732773639077,256
2026093001,uniform,overall,-12.109375,-68.3074670742083,44.088717074208304,256
2026093001,uniform,big_blind,66.40625,4.297827557322599,128.5146724426774,256
2026093001,uniform,button,-90.625,-185.4491456506022,4.199145650602176,256
2026093002,lbr,overall,100.9765625,-2.669059756711917,204.62218475671193,128
2026093002,lbr,big_blind,66.40625,-68.29464781780632,201.10714781780632,128
2026093002,lbr,button,135.546875,-12.479234174353707,283.5729841743537,128
2026093002,loose_aggressive,overall,-3.3203125,-37.18126477334949,30.54063977334949,256
2026093002,loose_aggressive,big_blind,1.171875,-43.31267109359812,45.65642109359812,256
2026093002,loose_aggressive,button,-7.8125,-60.12515119434761,44.50015119434761,256
2026093002,loose_passive,overall,17.96875,-12.339565609034146,48.277065609034146,256
2026093002,loose_passive,big_blind,8.59375,-36.49529968474092,53.68279968474092,256
2026093002,loose_passive,button,27.34375,-14.89311118127052,69.58061118127051,256
2026093002,minraise-cap2,overall,-40.4296875,-105.65834275926369,24.79896775926369,256
2026093002,minraise-cap2,big_blind,-30.46875,-117.50160356098692,56.56410356098692,256
2026093002,minraise-cap2,button,-50.390625,-142.28358371229245,41.502333712292454,256
2026093002,native-pressure,overall,-53.3203125,-128.86634394797008,22.22571894797008,256
2026093002,native-pressure,big_blind,-35.546875,-130.13076957054642,59.03701957054642,256
2026093002,native-pressure,button,-71.09375,-182.88076632533705,40.69326632533706,256
2026093002,passive,overall,-10.3515625,-62.58647423013425,41.88334923013425,256
2026093002,passive,big_blind,20.703125,-57.117916019461816,98.52416601946182,256
2026093002,passive,button,-41.40625,-112.16227950130137,29.34977950130137,256
2026093002,pot_pressure,overall,-1.953125,-27.019735172741225,23.113485172741225,256
2026093002,pot_pressure,big_blind,0,-44.66470654248268,44.66470654248268,256
2026093002,pot_pressure,button,-3.90625,-26.570122022765933,18.757622022765933,256
2026093002,pressure-cap2,overall,-22.0703125,-75.5764949738332,31.4358699738332,256
2026093002,pressure-cap2,big_blind,-11.328125,-80.0507776153696,57.3945276153696,256
2026093002,pressure-cap2,button,-32.8125,-110.05660218058713,44.431602180587134,256
2026093002,selective-stackoff,overall,-9.765625,-24.253384887900168,4.72213488790017,256
2026093002,selective-stackoff,big_blind,-7.421875,-28.69271843389945,13.84896843389945,256
2026093002,selective-stackoff,button,-12.109375,-32.534691980555095,8.315941980555099,256
2026093002,tight_aggressive,overall,-15.4296875,-30.72717251750563,-0.13220248249437283,256
2026093002,tight_aggressive,big_blind,-7.421875,-22.3196588755477,7.475908875547699,256
2026093002,tight_aggressive,button,-23.4375,-50.25911987664355,3.384119876643549,256
2026093002,tight_passive,overall,-0.78125,-17.847025149195503,16.284525149195503,256
2026093002,tight_passive,big_blind,-7.8125,-19.81368242948392,4.188682429483919,256
2026093002,tight_passive,button,6.25,-25.678813548621356,38.178813548621356,256
2026093002,train_pressure,overall,-7.2265625,-37.3769570262361,22.923832026236102,256
2026093002,train_pressure,big_blind,16.796875,-26.598007571015017,60.19175757101502,256
2026093002,train_pressure,button,-31.25,-81.36775725992575,18.867757259925746,256
2026093002,uniform,overall,1.953125,-52.489307542565,56.395557542565,256
2026093002,uniform,big_blind,32.03125,-26.505251758042434,90.56775175804243,256
2026093002,uniform,button,-28.125,-122.95697672625954,66.70697672625954,256
2026093003,lbr,overall,48.046875,-34.64794481111052,130.7416948111105,128
2026093003,lbr,big_blind,5.46875,-112.43034629007917,123.36784629007917,128
2026093003,lbr,button,90.625,-23.518928651565858,204.76892865156586,128
2026093003,loose_aggressive,overall,-14.94140625,-49.59792229803135,19.71510979803135,256
2026093003,loose_aggressive,big_blind,-36.71875,-84.4907776005982,11.053277600598186,256
2026093003,loose_aggressive,button,6.8359375,-46.0196642232479,59.6915392232479,256
2026093003,loose_passive,overall,27.44140625,-4.697527131950629,59.58033963195063,256
2026093003,loose_passive,big_blind,10.546875,-34.39729111579778,55.49104111579778,256
2026093003,loose_passive,button,44.3359375,-1.577750772306139,90.24962577230613,256
2026093003,minraise-cap2,overall,-22.94921875,-87.76924914509715,41.87081164509715,256
2026093003,minraise-cap2,big_blind,-47.65625,-138.5084793268954,43.19597932689541,256
2026093003,minraise-cap2,button,1.7578125,-87.07365673205841,90.58928173205841,256
2026093003,native-pressure,overall,-72.94921875,-151.21529852892945,5.316861028929452,256
2026093003,native-pressure,big_blind,-16.40625,-114.32456274495078,81.51206274495078,256
2026093003,native-pressure,button,-129.4921875,-247.85598974170227,-11.128385258297726,256
2026093003,passive,overall,14.94140625,-33.68410380447237,63.56691630447237,256
2026093003,passive,big_blind,8.984375,-60.285977098205464,78.25472709820546,256
2026093003,passive,button,20.8984375,-50.37400717179668,92.17088217179668,256
2026093003,pot_pressure,overall,-30.37109375,-57.16929667424266,-3.572890825757341,256
2026093003,pot_pressure,big_blind,-11.71875,-42.496316114149906,19.058816114149902,256
2026093003,pot_pressure,button,-49.0234375,-93.10053569000404,-4.946339309995963,256
2026093003,pressure-cap2,overall,-56.73828125,-106.77611084032117,-6.7004516596788335,256
2026093003,pressure-cap2,big_blind,-75.78125,-149.2553084915899,-2.3071915084101136,256
2026093003,pressure-cap2,button,-37.6953125,-109.816271143753,34.425646143753,256
2026093003,selective-stackoff,overall,4.19921875,-9.36031329870028,17.75875079870028,256
2026093003,selective-stackoff,big_blind,-3.515625,-17.188542383345105,10.157292383345105,256
2026093003,selective-stackoff,button,11.9140625,-11.529428560743284,35.357553560743284,256
2026093003,tight_aggressive,overall,-7.91015625,-27.31510432924329,11.49479182924329,256
2026093003,tight_aggressive,big_blind,-10.9375,-28.291570139246225,6.416570139246225,256
2026093003,tight_aggressive,button,-4.8828125,-39.61995025558732,29.85432525558732,256
2026093003,tight_passive,overall,-8.49609375,-18.466744445773546,1.4745569457735463,256
2026093003,tight_passive,big_blind,-11.328125,-25.023427825863575,2.3671778258635747,256
2026093003,tight_passive,button,-5.6640625,-20.225856426522604,8.897731426522602,256
2026093003,train_pressure,overall,17.67578125,-9.9774148963132,45.3289773963132,256
2026093003,train_pressure,big_blind,3.125,-25.711953498175856,31.961953498175856,256
2026093003,train_pressure,button,32.2265625,-14.898643459602802,79.3517684596028,256
2026093003,uniform,overall,-7.12890625,-63.09402904010879,48.83621654010879,256
2026093003,uniform,big_blind,-50.390625,-139.4869537742626,38.70570377426259,256
2026093003,uniform,button,36.1328125,-41.52889609856092,113.79452109856092,256
