seed,strategy,panel,position,bb_per_100,ci95_low,ci95_high,paired_blocks,all_positions_fallback,all_positions_flop_trained,all_positions_full_stack_losses,all_positions_full_stack_wins,all_positions_hands,all_positions_jam_actions,all_positions_jam_opportunities,all_positions_large_actions,all_positions_large_opportunities,all_positions_large_trained,all_positions_no_response,all_positions_preflop_trained,all_positions_rival_continuations,all_positions_rival_folds,all_positions_river_trained,all_positions_target_decisions,all_positions_trained,all_positions_turn_trained,all_positions_flop_fallback,all_positions_large_fallback,all_positions_preflop_fallback,all_positions_river_fallback,all_positions_turn_fallback
2026093001,average,lbr,overall,-127.5390625,-219.44646811123835,-35.631656888761654,128,0,189,26,18,256,49,243,55,227,55,0,339,29,26,38,637,637,71,,,,,
2026093001,average,lbr,big_blind,-175,-323.89758322429554,-26.102416775704427,128,,,,,,,,,,,,,,,,,,,,,,,
2026093001,average,lbr,button,-80.078125,-250.30424458806957,90.14799458806957,128,,,,,,,,,,,,,,,,,,,,,,,
2026093001,average,loose_aggressive,overall,-2.63671875,-48.99677845707039,43.72334095707039,256,0,242,21,18,512,27,150,31,132,31,0,437,29,2,116,948,948,153,,,,,
2026093001,average,loose_aggressive,big_blind,-6.4453125,-79.25823428176211,66.36760928176211,256,,,,,,,,,,,,,,,,,,,,,,,
2026093001,average,loose_aggressive,button,1.171875,-80.40032260497414,82.74407260497414,256,,,,,,,,,,,,,,,,,,,,,,,
2026093001,average,loose_passive,overall,20.8984375,-18.625129226856373,60.42200422685637,256,10,305,13,8,512,23,87,32,87,26,0,418,32,0,204,1159,1149,222,2,6,1,4,3
2026093001,average,loose_passive,big_blind,3.125,-58.67725132238676,64.92725132238675,256,,,,,,,,,,,,,,,,,,,,,,,
2026093001,average,loose_passive,button,38.671875,-27.65104596691235,104.99479596691235,256,,,,,,,,,,,,,,,,,,,,,,,
2026093001,average,minraise-cap2,overall,41.9921875,-26.449017252859676,110.43339225285968,256,0,547,61,89,512,140,880,167,842,167,0,726,167,0,268,1919,1919,378,,,,,
2026093001,average,minraise-cap2,big_blind,75.390625,-71.08282331460731,221.8640733146073,256,,,,,,,,,,,,,,,,,,,,,,,
2026093001,average,minraise-cap2,button,8.59375,-136.22796747432727,153.41546747432727,256,,,,,,,,,,,,,,,,,,,,,,,
2026093001,average,native-pressure,overall,75.390625,2.1468152081747576,148.63443479182524,256,4,558,47,63,512,155,906,157,818,157,0,861,108,49,177,1945,1941,345,,,4,,
2026093001,average,native-pressure,big_blind,28.125,-108.45068977119894,164.70068977119894,256,,,,,,,,,,,,,,,,,,,,,,,
2026093001,average,native-pressure,button,122.65625,-8.48403306518776,253.79653306518776,256,,,,,,,,,,,,,,,,,,,,,,,
2026093001,average,passive,overall,92.96875,44.1655733785969,141.7719266214031,256,0,470,23,37,512,62,246,105,243,105,0,512,105,0,466,1918,1918,470,,,,,
2026093001,average,passive,big_blind,101.953125,-0.5704352671291275,204.47668526712914,256,,,,,,,,,,,,,,,,,,,,,,,
2026093001,average,passive,button,83.984375,-30.494733679262012,198.46348367926203,256,,,,,,,,,,,,,,,,,,,,,,,
2026093001,average,pot_pressure,overall,7.6171875,-38.77012802203012,54.00450302203012,256,141,89,22,11,512,31,132,46,123,1,0,294,26,20,18,579,438,37,36,45,59,17,29
2026093001,average,pot_pressure,big_blind,6.640625,-56.967050892070375,70.24830089207038,256,,,,,,,,,,,,,,,,,,,,,,,
2026093001,average,pot_pressure,button,8.59375,-62.532842747571095,79.7203427475711,256,,,,,,,,,,,,,,,,,,,,,,,
2026093001,average,pressure-cap2,overall,-11.5234375,-65.54864480351426,42.50176980351426,256,0,426,36,29,512,78,555,103,538,103,0,726,76,27,165,1564,1564,247,,,,,
2026093001,average,pressure-cap2,big_blind,-45.3125,-147.00561750958593,56.38061750958592,256,,,,,,,,,,,,,,,,,,,,,,,
2026093001,average,pressure-cap2,button,22.265625,-79.615344875823,124.146594875823,256,,,,,,,,,,,,,,,,,,,,,,,
2026093001,average,selective-stackoff,overall,37.79296875,19.9942526312432,55.5916848687568,256,0,170,2,0,512,3,22,4,22,4,0,328,3,1,86,701,701,117,,,,,
2026093001,average,selective-stackoff,big_blind,28.7109375,6.698132657241253,50.72374234275875,256,,,,,,,,,,,,,,,,,,,,,,,
2026093001,average,selective-stackoff,button,46.875,17.290627377169695,76.4593726228303,256,,,,,,,,,,,,,,,,,,,,,,,
2026093001,average,tight_aggressive,overall,62.98828125,42.120594048346,83.85596845165401,256,0,111,2,4,512,6,28,5,24,5,0,294,4,1,32,490,490,53,,,,,
2026093001,average,tight_aggressive,big_blind,40.0390625,11.732741880307039,68.34538311969297,256,,,,,,,,,,,,,,,,,,,,,,,
2026093001,average,tight_aggressive,button,85.9375,54.36007400153831,117.51492599846169,256,,,,,,,,,,,,,,,,,,,,,,,
2026093001,average,tight_passive,overall,51.85546875,36.3660956370413,67.3448418629587,256,7,107,2,0,512,3,13,4,13,2,0,272,3,1,38,478,471,54,2,2,2,1,2
2026093001,average,tight_passive,big_blind,36.1328125,13.024819369210931,59.24080563078907,256,,,,,,,,,,,,,,,,,,,,,,,
2026093001,average,tight_passive,button,67.578125,46.61675768560056,88.53949231439944,256,,,,,,,,,,,,,,,,,,,,,,,
2026093001,average,train_pressure,overall,-13.37890625,-54.0801727598666,27.3223602598666,256,35,179,14,6,512,19,109,30,101,20,0,357,28,2,98,787,752,118,6,10,5,12,12
2026093001,average,train_pressure,big_blind,-19.7265625,-77.30659489801485,37.85346989801484,256,,,,,,,,,,,,,,,,,,,,,,,
2026093001,average,train_pressure,button,-7.03125,-69.64991693454778,55.587416934547775,256,,,,,,,,,,,,,,,,,,,,,,,
2026093001,average,uniform,overall,40.91796875,-17.28375894435711,99.11969644435712,256,1,310,24,35,512,57,324,50,277,50,0,598,28,22,76,1125,1124,140,1,,,,
2026093001,average,uniform,big_blind,84.9609375,-5.355475747176229,175.27735074717623,256,,,,,,,,,,,,,,,,,,,,,,,
2026093001,average,uniform,button,-3.125,-105.45816844974121,99.20816844974121,256,,,,,,,,,,,,,,,,,,,,,,,
2026093001,current,lbr,overall,-127.1484375,-220.44778392082608,-33.84909107917392,128,0,193,27,16,256,41,220,47,200,47,0,334,26,21,27,618,618,64,,,,,
2026093001,current,lbr,big_blind,-159.375,-311.6388801317503,-7.111119868249688,128,,,,,,,,,,,,,,,,,,,,,,,
2026093001,current,lbr,button,-94.921875,-260.3378392529194,70.49408925291942,128,,,,,,,,,,,,,,,,,,,,,,,
2026093001,current,loose_aggressive,overall,11.81640625,-30.002601000490614,53.635413500490614,256,2,245,19,19,512,26,151,27,133,27,0,443,23,4,117,966,964,159,,,,1,1
2026093001,current,loose_aggressive,big_blind,-14.6484375,-83.63442947386501,54.33755447386501,256,,,,,,,,,,,,,,,,,,,,,,,
2026093001,current,loose_aggressive,button,38.28125,-43.043022354961195,119.6055223549612,256,,,,,,,,,,,,,,,,,,,,,,,
2026093001,current,loose_passive,overall,14.0625,-20.10493075873425,48.22993075873425,256,8,313,11,5,512,20,88,29,86,24,0,418,28,1,210,1178,1170,229,3,5,1,2,2
2026093001,current,loose_passive,big_blind,-13.671875,-70.92560230690489,43.581852306904885,256,,,,,,,,,,,,,,,,,,,,,,,
2026093001,current,loose_passive,button,41.796875,-19.672976774531627,103.26672677453163,256,,,,,,,,,,,,,,,,,,,,,,,
2026093001,current,minraise-cap2,overall,21.2890625,-47.29376132481502,89.87188632481502,256,0,543,61,79,512,123,921,164,896,164,0,728,164,0,293,1940,1940,376,,,,,
2026093001,current,minraise-cap2,big_blind,23.4375,-122.25195276506813,169.12695276506813,256,,,,,,,,,,,,,,,,,,,,,,,
2026093001,current,minraise-cap2,button,19.140625,-122.20589682408271,160.4871468240827,256,,,,,,,,,,,,,,,,,,,,,,,
2026093001,current,native-pressure,overall,38.671875,-35.04628955214392,112.39003955214392,256,4,581,52,64,512,162,993,150,905,149,0,850,102,48,207,1993,1989,351,,1,,3,1
2026093001,current,native-pressure,big_blind,-39.453125,-172.6002931105582,93.6940431105582,256,,,,,,,,,,,,,,,,,,,,,,,
2026093001,current,native-pressure,button,116.796875,-19.33883007536653,252.93258007536653,256,,,,,,,,,,,,,,,,,,,,,,,
2026093001,current,passive,overall,62.3046875,16.615100460393073,107.99427453960692,256,0,472,20,28,512,52,222,79,218,79,0,512,79,0,465,1921,1921,472,,,,,
2026093001,current,passive,big_blind,55.46875,-36.673541769663416,147.61104176966342,256,,,,,,,,,,,,,,,,,,,,,,,
2026093001,current,passive,button,69.140625,-31.911315588037183,170.19256558803718,256,,,,,,,,,,,,,,,,,,,,,,,
2026093001,current,pot_pressure,overall,1.953125,-43.10902463429298,47.01527463429298,256,137,90,23,10,512,38,126,56,122,,0,295,28,28,17,581,444,42,30,56,61,15,31
2026093001,current,pot_pressure,big_blind,6.640625,-53.767056090765934,67.04830609076593,256,,,,,,,,,,,,,,,,,,,,,,,
2026093001,current,pot_pressure,button,-2.734375,-75.89982049459287,70.43107049459287,256,,,,,,,,,,,,,,,,,,,,,,,
2026093001,current,pressure-cap2,overall,-18.9453125,-75.34227035917726,37.45164535917727,256,0,422,35,23,512,67,582,99,570,99,0,728,76,23,182,1572,1572,240,,,,,
2026093001,current,pressure-cap2,big_blind,-77.734375,-173.12401131599904,17.655261315999056,256,,,,,,,,,,,,,,,,,,,,,,,
2026093001,current,pressure-cap2,button,39.84375,-63.40866517049696,143.09616517049696,256,,,,,,,,,,,,,,,,,,,,,,,
2026093001,current,selective-stackoff,overall,41.50390625,16.47064961730482,66.53716288269518,256,0,167,3,1,512,6,28,13,28,13,0,328,11,2,81,701,701,125,,,,,
2026093001,current,selective-stackoff,big_blind,34.5703125,10.67454876819508,58.46607623180492,256,,,,,,,,,,,,,,,,,,,,,,,
2026093001,current,selective-stackoff,button,48.4375,4.106983971244816,92.76801602875518,256,,,,,,,,,,,,,,,,,,,,,,,
2026093001,current,tight_aggressive,overall,63.76953125,43.49620505227727,84.04285744772272,256,0,111,3,3,512,3,16,3,14,3,0,295,1,2,25,495,495,64,,,,,
2026093001,current,tight_aggressive,big_blind,36.1328125,13.134342385106173,59.13128261489383,256,,,,,,,,,,,,,,,,,,,,,,,
2026093001,current,tight_aggressive,button,91.40625,57.50898535413814,125.30351464586187,256,,,,,,,,,,,,,,,,,,,,,,,
2026093001,current,tight_passive,overall,57.71484375,41.68009516422232,73.74959233577768,256,7,109,1,0,512,3,16,7,16,5,0,272,5,2,37,487,480,62,2,2,2,1,2
2026093001,current,tight_passive,big_blind,39.2578125,15.566280849540874,62.949344150459126,256,,,,,,,,,,,,,,,,,,,,,,,
2026093001,current,tight_passive,button,76.171875,53.74707379939612,98.59667620060388,256,,,,,,,,,,,,,,,,,,,,,,,
2026093001,current,train_pressure,overall,-9.27734375,-47.8291486832756,29.274461183275598,256,34,182,11,6,512,14,112,23,104,13,0,361,17,6,114,824,790,133,5,10,5,13,11
2026093001,current,train_pressure,big_blind,-2.9296875,-46.799437591606804,40.940062591606804,256,,,,,,,,,,,,,,,,,,,,,,,
2026093001,current,train_pressure,button,-15.625,-84.88169899628583,53.631698996285834,256,,,,,,,,,,,,,,,,,,,,,,,
2026093001,current,uniform,overall,53.02734375,-8.221275263732203,114.2759627637322,256,1,320,26,37,512,65,322,60,270,60,0,595,37,23,65,1123,1122,142,,,,,1
2026093001,current,uniform,big_blind,18.5546875,-72.3647941318155,109.4741691318155,256,,,,,,,,,,,,,,,,,,,,,,,
2026093001,current,uniform,button,87.5,-21.049866448046814,196.04986644804683,256,,,,,,,,,,,,,,,,,,,,,,,
2026093002,average,lbr,overall,-59.765625,-142.77956154600236,23.248311546002355,128,1,205,22,20,256,49,263,56,241,56,0,345,26,30,37,674,673,86,,,,1,
2026093002,average,lbr,big_blind,-121.09375,-285.0755815806392,42.88808158063921,128,,,,,,,,,,,,,,,,,,,,,,,
2026093002,average,lbr,button,1.5625,-152.38944111076302,155.51444111076302,128,,,,,,,,,,,,,,,,,,,,,,,
2026093002,average,loose_aggressive,overall,10.83984375,-31.899127194535396,53.578814694535396,256,0,253,20,17,512,21,141,27,129,27,0,435,24,3,111,960,960,161,,,,,
2026093002,average,loose_aggressive,big_blind,-10.3515625,-78.10256653333258,57.39944153333258,256,,,,,,,,,,,,,,,,,,,,,,,
2026093002,average,loose_aggressive,button,32.03125,-49.24461144369599,113.30711144369599,256,,,,,,,,,,,,,,,,,,,,,,,
2026093002,average,loose_passive,overall,25.1953125,-9.813199361833242,60.20382436183324,256,3,308,9,9,512,21,85,31,84,30,0,418,31,0,203,1149,1146,217,,1,,2,1
2026093002,average,loose_passive,big_blind,0,-57.34592555331348,57.34592555331348,256,,,,,,,,,,,,,,,,,,,,,,,
2026093002,average,loose_passive,button,50.390625,-13.900440676529726,114.68169067652973,256,,,,,,,,,,,,,,,,,,,,,,,
2026093002,average,minraise-cap2,overall,17.96875,-52.02011224869865,87.95761224869865,256,0,529,60,80,512,135,866,170,811,170,0,726,170,0,268,1886,1886,363,,,,,
2026093002,average,minraise-cap2,big_blind,27.34375,-115.36896148692142,170.05646148692142,256,,,,,,,,,,,,,,,,,,,,,,,
2026093002,average,minraise-cap2,button,8.59375,-138.56378105749667,155.75128105749667,256,,,,,,,,,,,,,,,,,,,,,,,
2026093002,average,native-pressure,overall,46.2890625,-29.566191220485777,122.14431622048578,256,2,521,50,65,512,151,866,162,794,161,0,849,115,47,186,1896,1894,338,,1,,1,1
2026093002,average,native-pressure,big_blind,6.25,-126.83434732388676,139.33434732388676,256,,,,,,,,,,,,,,,,,,,,,,,
2026093002,average,native-pressure,button,86.328125,-50.21268500732447,222.86893500732447,256,,,,,,,,,,,,,,,,,,,,,,,
2026093002,average,passive,overall,62.109375,14.453223689292955,109.76552631070705,256,0,470,27,41,512,71,270,113,269,113,0,512,113,0,462,1914,1914,470,,,,,
2026093002,average,passive,big_blind,69.921875,-37.49974145983313,177.34349145983313,256,,,,,,,,,,,,,,,,,,,,,,,
2026093002,average,passive,button,54.296875,-60.986611774833975,169.580361774834,256,,,,,,,,,,,,,,,,,,,,,,,
2026093002,average,pot_pressure,overall,5.6640625,-43.24289689807388,54.57102189807388,256,154,90,26,11,512,42,141,56,133,,0,293,30,26,17,589,435,35,42,56,58,20,34
2026093002,average,pot_pressure,big_blind,-0.78125,-70.45160780116987,68.88910780116987,256,,,,,,,,,,,,,,,,,,,,,,,
2026093002,average,pot_pressure,button,12.109375,-60.99895626295633,85.21770626295633,256,,,,,,,,,,,,,,,,,,,,,,,
2026093002,average,pressure-cap2,overall,-3.3203125,-61.67821645961713,55.03759145961713,256,0,399,32,28,512,74,558,106,537,106,0,726,81,25,176,1551,1551,250,,,,,
2026093002,average,pressure-cap2,big_blind,-53.515625,-145.9490411353605,38.91779113536049,256,,,,,,,,,,,,,,,,,,,,,,,
2026093002,average,pressure-cap2,button,46.875,-61.68375957639243,155.43375957639245,256,,,,,,,,,,,,,,,,,,,,,,,
2026093002,average,selective-stackoff,overall,53.80859375,36.600566347254286,71.01662115274571,256,0,170,1,2,512,5,23,5,23,5,0,328,3,2,92,708,708,118,,,,,
2026093002,average,selective-stackoff,big_blind,32.2265625,11.045657356661454,53.40746764333855,256,,,,,,,,,,,,,,,,,,,,,,,
2026093002,average,selective-stackoff,button,75.390625,45.90938662834385,104.87186337165615,256,,,,,,,,,,,,,,,,,,,,,,,
2026093002,average,tight_aggressive,overall,49.70703125,28.923977754151053,70.49008474584895,256,0,118,4,2,512,2,21,2,20,2,0,293,1,1,32,496,496,53,,,,,
2026093002,average,tight_aggressive,big_blind,36.5234375,4.738211683138864,68.30866331686113,256,,,,,,,,,,,,,,,,,,,,,,,
2026093002,average,tight_aggressive,button,62.890625,34.87398838715633,90.90726161284367,256,,,,,,,,,,,,,,,,,,,,,,,
2026093002,average,tight_passive,overall,49.70703125,32.486163398399384,66.92789910160062,256,0,113,3,1,512,4,8,4,8,4,0,274,4,0,37,478,478,54,,,,,
2026093002,average,tight_passive,big_blind,34.9609375,12.070790917318295,57.85108408268171,256,,,,,,,,,,,,,,,,,,,,,,,
2026093002,average,tight_passive,button,64.453125,38.40441884532058,90.50183115467942,256,,,,,,,,,,,,,,,,,,,,,,,
2026093002,average,train_pressure,overall,-1.66015625,-37.07563701009902,33.75532451009902,256,30,195,15,6,512,22,95,31,89,20,0,357,25,6,109,822,792,131,4,11,,16,10
2026093002,average,train_pressure,big_blind,-12.6953125,-67.6993977140998,42.3087727140998,256,,,,,,,,,,,,,,,,,,,,,,,
2026093002,average,train_pressure,button,9.375,-50.761023672035996,69.511023672036,256,,,,,,,,,,,,,,,,,,,,,,,
2026093002,average,uniform,overall,61.03515625,0.14956576897077412,121.92074673102923,256,1,322,25,45,512,46,316,37,271,37,0,601,25,12,81,1165,1164,160,,,,,1
2026093002,average,uniform,big_blind,66.9921875,-26.0200296191597,160.0044046191597,256,,,,,,,,,,,,,,,,,,,,,,,
2026093002,average,uniform,button,55.078125,-54.6876901046013,164.8439401046013,256,,,,,,,,,,,,,,,,,,,,,,,
2026093002,current,lbr,overall,-160.7421875,-257.59428991752424,-63.89008508247575,128,0,186,25,15,256,42,241,50,215,50,0,350,26,24,24,641,641,81,,,,,
2026093002,current,lbr,big_blind,-187.5,-336.17092590412045,-38.82907409587955,128,,,,,,,,,,,,,,,,,,,,,,,
2026093002,current,lbr,button,-133.984375,-297.529807996323,29.561057996322972,128,,,,,,,,,,,,,,,,,,,,,,,
2026093002,current,loose_aggressive,overall,14.16015625,-31.647474893009182,59.96778739300918,256,0,249,17,20,512,25,153,26,135,26,0,435,23,3,108,943,943,151,,,,,
2026093002,current,loose_aggressive,big_blind,-11.5234375,-84.28193462304817,61.23505962304817,256,,,,,,,,,,,,,,,,,,,,,,,
2026093002,current,loose_aggressive,button,39.84375,-37.731975744350066,117.41947574435007,256,,,,,,,,,,,,,,,,,,,,,,,
2026093002,current,loose_passive,overall,7.2265625,-30.95305768159988,45.40618268159988,256,8,311,10,8,512,20,82,39,80,36,0,417,39,0,189,1130,1122,205,1,3,1,3,3
2026093002,current,loose_passive,big_blind,-8.59375,-69.340941950016,52.153441950016,256,,,,,,,,,,,,,,,,,,,,,,,
2026093002,current,loose_passive,button,23.046875,-44.14676138992117,90.24051138992117,256,,,,,,,,,,,,,,,,,,,,,,,
2026093002,current,minraise-cap2,overall,58.3984375,-14.154492064924895,130.9513670649249,256,0,517,56,90,512,136,816,164,767,164,0,722,164,0,260,1838,1838,339,,,,,
2026093002,current,minraise-cap2,big_blind,57.8125,-82.55302580000753,198.17802580000753,256,,,,,,,,,,,,,,,,,,,,,,,
2026093002,current,minraise-cap2,button,58.984375,-88.15867079546902,206.12742079546902,256,,,,,,,,,,,,,,,,,,,,,,,
2026093002,current,native-pressure,overall,99.609375,26.46093219186595,172.75781780813406,256,4,542,48,70,512,155,840,151,750,151,0,841,108,43,163,1870,1866,320,1,,,2,1
2026093002,current,native-pressure,big_blind,41.796875,-90.60110195978072,174.19485195978072,256,,,,,,,,,,,,,,,,,,,,,,,
2026093002,current,native-pressure,button,157.421875,21.278942383101224,293.56480761689875,256,,,,,,,,,,,,,,,,,,,,,,,
2026093002,current,passive,overall,72.4609375,22.815347530442672,122.10652746955734,256,0,466,17,36,512,55,260,107,256,107,0,512,107,0,464,1908,1908,466,,,,,
2026093002,current,passive,big_blind,49.21875,-47.80627218036881,146.2437721803688,256,,,,,,,,,,,,,,,,,,,,,,,
2026093002,current,passive,button,95.703125,-19.95593720978563,211.36218720978565,256,,,,,,,,,,,,,,,,,,,,,,,
2026093002,current,pot_pressure,overall,7.6171875,-35.667947801004296,50.902322801004296,256,129,93,22,7,512,37,122,52,118,2,0,294,24,28,14,562,433,32,33,50,56,13,27
2026093002,current,pot_pressure,big_blind,-0.78125,-59.34185057591122,57.77935057591122,256,,,,,,,,,,,,,,,,,,,,,,,
2026093002,current,pot_pressure,button,16.015625,-53.6736996371593,85.7049496371593,256,,,,,,,,,,,,,,,,,,,,,,,
2026093002,current,pressure-cap2,overall,18.75,-37.423000379915315,74.92300037991532,256,0,405,32,33,512,75,509,102,490,102,0,722,80,22,167,1507,1507,213,,,,,
2026093002,current,pressure-cap2,big_blind,-42.1875,-136.72045786939742,52.34545786939742,256,,,,,,,,,,,,,,,,,,,,,,,
2026093002,current,pressure-cap2,button,79.6875,-27.739916742980768,187.11491674298077,256,,,,,,,,,,,,,,,,,,,,,,,
2026093002,current,selective-stackoff,overall,63.57421875,44.15381978029256,82.99461771970743,256,0,171,1,2,512,4,16,6,16,6,0,330,4,2,76,683,683,106,,,,,
2026093002,current,selective-stackoff,big_blind,39.6484375,17.813673145947877,61.483201854052126,256,,,,,,,,,,,,,,,,,,,,,,,
2026093002,current,selective-stackoff,button,87.5,55.21499743149872,119.78500256850128,256,,,,,,,,,,,,,,,,,,,,,,,
2026093002,current,tight_aggressive,overall,65.13671875,43.850419456657114,86.42301804334289,256,0,113,3,4,512,4,21,4,19,4,0,294,2,2,19,478,478,52,,,,,
2026093002,current,tight_aggressive,big_blind,43.9453125,16.495643735728553,71.39498126427145,256,,,,,,,,,,,,,,,,,,,,,,,
2026093002,current,tight_aggressive,button,86.328125,52.95539398378191,119.7008560162181,256,,,,,,,,,,,,,,,,,,,,,,,
2026093002,current,tight_passive,overall,50.48828125,36.10086595420902,64.87569654579099,256,7,109,1,0,512,2,12,3,12,1,0,272,2,1,29,467,460,50,2,2,2,1,2
2026093002,current,tight_passive,big_blind,42.7734375,25.08915364011603,60.45772135988397,256,,,,,,,,,,,,,,,,,,,,,,,
2026093002,current,tight_passive,button,58.203125,35.3023738092792,81.1038761907208,256,,,,,,,,,,,,,,,,,,,,,,,
2026093002,current,train_pressure,overall,5.56640625,-29.131199633462955,40.264012133462955,256,24,183,12,5,512,19,82,22,76,16,0,355,16,6,90,770,746,118,6,6,3,11,4
2026093002,current,train_pressure,big_blind,-29.4921875,-80.62782482067594,21.64344982067594,256,,,,,,,,,,,,,,,,,,,,,,,
2026093002,current,train_pressure,button,40.625,-14.247298647216596,95.4972986472166,256,,,,,,,,,,,,,,,,,,,,,,,
2026093002,current,uniform,overall,59.08203125,2.2998476974208444,115.86421480257916,256,0,312,27,46,512,52,298,41,251,41,0,597,29,12,73,1142,1142,160,,,,,
2026093002,current,uniform,big_blind,34.9609375,-63.0751604677485,132.9970354677485,256,,,,,,,,,,,,,,,,,,,,,,,
2026093002,current,uniform,button,83.203125,-24.94724218961956,191.35349218961954,256,,,,,,,,,,,,,,,,,,,,,,,
2026093003,average,lbr,overall,-89.6484375,-177.56521182750188,-1.7316631724981164,128,0,205,25,22,256,48,252,51,225,51,0,334,29,22,43,669,669,87,,,,,
2026093003,average,lbr,big_blind,-110.15625,-284.42396108016504,64.11146108016504,128,,,,,,,,,,,,,,,,,,,,,,,
2026093003,average,lbr,button,-69.140625,-225.49195044677373,87.21070044677373,128,,,,,,,,,,,,,,,,,,,,,,,
2026093003,average,loose_aggressive,overall,15.52734375,-25.86976196144699,56.92444946144699,256,0,239,15,19,512,19,146,19,134,19,0,439,19,0,117,950,950,155,,,,,
2026093003,average,loose_aggressive,big_blind,-16.2109375,-89.77605695536815,57.35418195536815,256,,,,,,,,,,,,,,,,,,,,,,,
2026093003,average,loose_aggressive,button,47.265625,-26.522391908738456,121.05364190873846,256,,,,,,,,,,,,,,,,,,,,,,,
2026093003,average,loose_passive,overall,29.1015625,-4.27988559146258,62.48301059146258,256,6,300,12,10,512,24,88,34,88,30,0,417,34,0,202,1146,1140,221,3,4,1,,2
2026093003,average,loose_passive,big_blind,4.6875,-59.36954524115768,68.74454524115768,256,,,,,,,,,,,,,,,,,,,,,,,
2026093003,average,loose_passive,button,53.515625,-8.552486874181128,115.58373687418113,256,,,,,,,,,,,,,,,,,,,,,,,
2026093003,average,minraise-cap2,overall,13.8671875,-59.35210680228728,87.08648180228728,256,2,550,60,85,512,132,904,173,854,173,0,724,173,0,277,1933,1931,380,,,,2,
2026093003,average,minraise-cap2,big_blind,-2.34375,-142.6487855824848,137.9612855824848,256,,,,,,,,,,,,,,,,,,,,,,,
2026093003,average,minraise-cap2,button,30.078125,-121.13964617109613,181.29589617109613,256,,,,,,,,,,,,,,,,,,,,,,,
2026093003,average,native-pressure,overall,28.3203125,-46.528514742961676,103.16913974296168,256,13,568,47,70,512,144,932,156,831,155,0,855,117,39,196,1969,1956,337,3,1,2,4,4
2026093003,average,native-pressure,big_blind,-18.75,-153.95128830196205,116.45128830196205,256,,,,,,,,,,,,,,,,,,,,,,,
2026093003,average,native-pressure,button,75.390625,-65.20338901589847,215.98463901589847,256,,,,,,,,,,,,,,,,,,,,,,,
2026093003,average,passive,overall,78.125,31.951186785854254,124.29881321414575,256,0,468,28,45,512,75,257,106,255,106,0,512,106,0,459,1907,1907,468,,,,,
2026093003,average,passive,big_blind,90.625,-17.6831046918619,198.9331046918619,256,,,,,,,,,,,,,,,,,,,,,,,
2026093003,average,passive,button,65.625,-49.518549494296025,180.76854949429602,256,,,,,,,,,,,,,,,,,,,,,,,
2026093003,average,pot_pressure,overall,-8.0078125,-55.77517036579189,39.75954536579189,256,144,93,26,10,512,34,129,50,122,1,0,295,27,23,21,593,449,40,36,49,56,18,34
2026093003,average,pot_pressure,big_blind,-22.265625,-88.46568704783391,43.93443704783391,256,,,,,,,,,,,,,,,,,,,,,,,
2026093003,average,pot_pressure,button,6.25,-67.09868732227747,79.59868732227747,256,,,,,,,,,,,,,,,,,,,,,,,
2026093003,average,pressure-cap2,overall,-25.1953125,-82.75708478427855,32.36645978427855,256,2,422,37,28,512,70,549,110,525,110,0,724,83,27,164,1550,1548,238,,,,2,
2026093003,average,pressure-cap2,big_blind,-110.15625,-206.8604320719379,-13.452067928062093,256,,,,,,,,,,,,,,,,,,,,,,,
2026093003,average,pressure-cap2,button,59.765625,-47.20353322076252,166.73478322076252,256,,,,,,,,,,,,,,,,,,,,,,,
2026093003,average,selective-stackoff,overall,51.07421875,33.93595328000499,68.21248421999502,256,0,172,1,1,512,2,13,4,13,4,0,329,3,1,82,697,697,114,,,,,
2026093003,average,selective-stackoff,big_blind,40.4296875,20.435622257444177,60.42375274255582,256,,,,,,,,,,,,,,,,,,,,,,,
2026093003,average,selective-stackoff,button,61.71875,33.78452708806765,89.65297291193235,256,,,,,,,,,,,,,,,,,,,,,,,
2026093003,average,tight_aggressive,overall,37.40234375,15.035105887297338,59.769581612702666,256,0,112,5,2,512,4,21,3,19,3,0,292,3,0,36,496,496,56,,,,,
2026093003,average,tight_aggressive,big_blind,33.0078125,0.6368213037460606,65.37880369625394,256,,,,,,,,,,,,,,,,,,,,,,,
2026093003,average,tight_aggressive,button,41.796875,9.615293561950253,73.97845643804975,256,,,,,,,,,,,,,,,,,,,,,,,
2026093003,average,tight_passive,overall,50.48828125,35.91368895171274,65.06287354828726,256,3,110,2,0,512,3,11,4,11,2,0,273,3,1,38,484,481,60,1,2,1,,1
2026093003,average,tight_passive,big_blind,36.5234375,13.309336868002998,59.737538131997,256,,,,,,,,,,,,,,,,,,,,,,,
2026093003,average,tight_passive,button,64.453125,46.415613776542415,82.49063622345759,256,,,,,,,,,,,,,,,,,,,,,,,
2026093003,average,train_pressure,overall,7.51953125,-24.027802099283985,39.06686459928399,256,28,184,9,4,512,14,92,22,84,13,0,357,18,4,101,795,767,125,7,9,4,9,8
2026093003,average,train_pressure,big_blind,-14.2578125,-60.10103947741464,31.585414477414638,256,,,,,,,,,,,,,,,,,,,,,,,
2026093003,average,train_pressure,button,29.296875,-23.206159989482238,81.79990998948225,256,,,,,,,,,,,,,,,,,,,,,,,
2026093003,average,uniform,overall,16.11328125,-40.60656297455337,72.83312547455337,256,0,313,23,35,512,48,320,43,265,43,0,600,24,19,61,1122,1122,148,,,,,
2026093003,average,uniform,big_blind,-4.1015625,-89.31534341853755,81.11221841853755,256,,,,,,,,,,,,,,,,,,,,,,,
2026093003,average,uniform,button,36.328125,-69.45611169486801,142.112361694868,256,,,,,,,,,,,,,,,,,,,,,,,
2026093003,current,lbr,overall,-137.6953125,-222.59169298051168,-52.79893201948832,128,0,197,29,14,256,45,234,49,210,49,0,332,26,23,39,650,650,82,,,,,
2026093003,current,lbr,big_blind,-115.625,-278.0539397115923,46.80393971159228,128,,,,,,,,,,,,,,,,,,,,,,,
2026093003,current,lbr,button,-159.765625,-315.0655491612439,-4.465700838756106,128,,,,,,,,,,,,,,,,,,,,,,,
2026093003,current,loose_aggressive,overall,30.46875,-11.28180841252317,72.21930841252316,256,0,236,12,17,512,15,132,17,121,17,0,436,16,1,112,933,933,149,,,,,
2026093003,current,loose_aggressive,big_blind,20.5078125,-43.976954197108455,84.99257919710845,256,,,,,,,,,,,,,,,,,,,,,,,
2026093003,current,loose_aggressive,button,40.4296875,-29.988830597270933,110.84820559727093,256,,,,,,,,,,,,,,,,,,,,,,,
2026093003,current,loose_passive,overall,1.66015625,-33.49541110632695,36.81572360632695,256,3,305,16,6,512,24,79,37,79,35,0,418,37,0,196,1142,1139,220,2,2,,1,
2026093003,current,loose_passive,big_blind,-5.859375,-63.71131884002556,51.99256884002556,256,,,,,,,,,,,,,,,,,,,,,,,
2026093003,current,loose_passive,button,9.1796875,-60.003384939523514,78.36275993952351,256,,,,,,,,,,,,,,,,,,,,,,,
2026093003,current,minraise-cap2,overall,36.81640625,-34.65339218637074,108.28620468637074,256,3,547,60,86,512,127,858,174,816,174,0,721,174,0,277,1922,1919,374,,,,3,
2026093003,current,minraise-cap2,big_blind,45.3125,-98.18602070773966,188.81102070773966,256,,,,,,,,,,,,,,,,,,,,,,,
2026093003,current,minraise-cap2,button,28.3203125,-116.55802120083035,173.19864620083035,256,,,,,,,,,,,,,,,,,,,,,,,
2026093003,current,native-pressure,overall,101.26953125,22.20034680918181,180.3387156908182,256,7,566,45,71,512,163,926,164,861,164,0,845,117,47,175,1977,1970,384,1,,,1,5
2026093003,current,native-pressure,big_blind,-2.34375,-130.02145853826352,125.33395853826353,256,,,,,,,,,,,,,,,,,,,,,,,
2026093003,current,native-pressure,button,204.8828125,64.61741438285728,345.1482106171427,256,,,,,,,,,,,,,,,,,,,,,,,
2026093003,current,passive,overall,63.18359375,10.004800965127124,116.36238653487288,256,0,465,31,37,512,70,245,103,245,103,0,512,103,0,459,1901,1901,465,,,,,
2026093003,current,passive,big_blind,81.640625,-17.391534740709744,180.67278474070974,256,,,,,,,,,,,,,,,,,,,,,,,
2026093003,current,passive,button,44.7265625,-72.75574496824414,162.20886996824413,256,,,,,,,,,,,,,,,,,,,,,,,
2026093003,current,pot_pressure,overall,22.36328125,-22.195787124784296,66.92234962478429,256,148,95,19,10,512,34,131,53,124,,0,293,23,30,13,577,429,28,39,53,55,19,35
2026093003,current,pot_pressure,big_blind,-10.546875,-75.5234288756455,54.42967887564549,256,,,,,,,,,,,,,,,,,,,,,,,
2026093003,current,pot_pressure,button,55.2734375,-9.3266378824094,119.8735128824094,256,,,,,,,,,,,,,,,,,,,,,,,
2026093003,current,pressure-cap2,overall,31.54296875,-22.479439706235894,85.5653772062359,256,2,425,30,32,512,68,552,103,525,103,0,721,77,26,181,1586,1584,257,,,,2,
2026093003,current,pressure-cap2,big_blind,-34.375,-128.98746159676756,60.23746159676756,256,,,,,,,,,,,,,,,,,,,,,,,
2026093003,current,pressure-cap2,button,97.4609375,-5.872646701028273,200.79452170102826,256,,,,,,,,,,,,,,,,,,,,,,,
2026093003,current,selective-stackoff,overall,46.875,32.30665365474199,61.44334634525801,256,0,168,1,0,512,1,15,3,15,3,0,330,3,0,69,671,671,104,,,,,
2026093003,current,selective-stackoff,big_blind,43.9453125,31.179567498394256,56.711057501605744,256,,,,,,,,,,,,,,,,,,,,,,,
2026093003,current,selective-stackoff,button,49.8046875,23.090580397123006,76.518794602877,256,,,,,,,,,,,,,,,,,,,,,,,
2026093003,current,tight_aggressive,overall,45.3125,27.868799290900782,62.75620070909922,256,0,114,3,1,512,2,17,1,13,1,0,293,1,0,15,470,470,48,,,,,
2026093003,current,tight_aggressive,big_blind,43.9453125,16.409209074015653,71.48141592598435,256,,,,,,,,,,,,,,,,,,,,,,,
2026093003,current,tight_aggressive,button,46.6796875,23.750542169345547,69.60883283065445,256,,,,,,,,,,,,,,,,,,,,,,,
2026093003,current,tight_passive,overall,58.984375,47.8466029987587,70.1221470012413,256,0,112,0,1,512,2,6,3,6,3,0,274,2,1,26,462,462,50,,,,,
2026093003,current,tight_passive,big_blind,47.8515625,35.5281323284223,60.1749926715777,256,,,,,,,,,,,,,,,,,,,,,,,
2026093003,current,tight_passive,button,70.1171875,51.50843282924552,88.72594217075448,256,,,,,,,,,,,,,,,,,,,,,,,
2026093003,current,train_pressure,overall,-10.15625,-43.80504880713826,23.492548807138263,256,26,183,13,3,512,17,88,23,80,15,0,354,17,6,82,756,730,111,3,8,2,7,14
2026093003,current,train_pressure,big_blind,-17.3828125,-63.712460460510165,28.946835460510165,256,,,,,,,,,,,,,,,,,,,,,,,
2026093003,current,train_pressure,button,-2.9296875,-60.49291113101723,54.63353613101723,256,,,,,,,,,,,,,,,,,,,,,,,
2026093003,current,uniform,overall,23.2421875,-38.938227078086584,85.42260207808658,256,1,318,24,39,512,50,321,44,278,44,0,597,30,14,62,1136,1135,158,,,,,1
2026093003,current,uniform,big_blind,46.2890625,-41.92069792438072,134.4988229243807,256,,,,,,,,,,,,,,,,,,,,,,,
2026093003,current,uniform,button,0.1953125,-105.89605048471174,106.28667548471174,256,,,,,,,,,,,,,,,,,,,,,,,
