seed,strategy,panel,first_large_response,bb_per_100,hands,sum_chips
2026093001,average,lbr,continued,-320.6896551724138,29,-9300
2026093001,average,lbr,folded,780.7692307692307,26,20300
2026093001,average,lbr,no_large_raise,-217.16417910447763,201,-43650
2026093001,average,loose_aggressive,continued,65.51724137931035,29,1900
2026093001,average,loose_aggressive,folded,750.0,2,1500
2026093001,average,loose_aggressive,no_large_raise,-9.875259875259875,481,-4750
2026093001,average,loose_passive,continued,-283.8709677419355,31,-8800
2026093001,average,loose_passive,no_large_raise,40.54054054054054,481,19500
2026093001,average,minraise-cap2,continued,358.68263473053895,167,59900
2026093001,average,minraise-cap2,no_large_raise,-111.30434782608695,345,-38400
2026093001,average,native-pressure,continued,273.14814814814815,108,29500
2026093001,average,native-pressure,folded,740.8163265306123,49,36300
2026093001,average,native-pressure,no_large_raise,-76.61971830985915,355,-27200
2026093001,average,passive,continued,420.40816326530614,98,41200
2026093001,average,passive,no_large_raise,15.458937198067632,414,6400
2026093001,average,pot_pressure,continued,-624.0,25,-15600
2026093001,average,pot_pressure,folded,450.0,20,9000
2026093001,average,pot_pressure,no_large_raise,22.483940042826553,467,10500
2026093001,average,pressure-cap2,continued,-102.63157894736842,76,-7800
2026093001,average,pressure-cap2,folded,518.5185185185185,27,14000
2026093001,average,pressure-cap2,no_large_raise,-29.584352078239608,409,-12100
2026093001,average,selective-stackoff,continued,-1733.3333333333333,3,-5200
2026093001,average,selective-stackoff,folded,1000.0,1,1000
2026093001,average,selective-stackoff,no_large_raise,46.35826771653543,508,23550
2026093001,average,tight_aggressive,continued,1500.0,4,6000
2026093001,average,tight_aggressive,folded,600.0,1,600
2026093001,average,tight_aggressive,no_large_raise,50.59171597633136,507,25650
2026093001,average,tight_passive,continued,-933.3333333333334,3,-2800
2026093001,average,tight_passive,no_large_raise,57.66208251473478,509,29350
2026093001,average,train_pressure,continued,-492.3076923076923,26,-12800
2026093001,average,train_pressure,folded,600.0,2,1200
2026093001,average,train_pressure,no_large_raise,9.814049586776859,484,4750
2026093001,average,uniform,continued,-21.428571428571427,28,-600
2026093001,average,uniform,folded,700.0,21,14700
2026093001,average,uniform,no_large_raise,14.794816414686824,463,6850
2026093001,current,lbr,continued,-392.3076923076923,26,-10200
2026093001,current,lbr,folded,761.9047619047619,21,16000
2026093001,current,lbr,no_large_raise,-183.4928229665072,209,-38350
2026093001,current,loose_aggressive,continued,-52.17391304347826,23,-1200
2026093001,current,loose_aggressive,folded,750.0,4,3000
2026093001,current,loose_aggressive,no_large_raise,8.762886597938145,485,4250
2026093001,current,loose_passive,continued,-530.7692307692307,26,-13800
2026093001,current,loose_passive,folded,900.0,1,900
2026093001,current,loose_passive,no_large_raise,41.44329896907217,485,20100
2026093001,current,minraise-cap2,continued,273.1707317073171,164,44800
2026093001,current,minraise-cap2,no_large_raise,-97.41379310344827,348,-33900
2026093001,current,native-pressure,continued,70.58823529411765,102,7200
2026093001,current,native-pressure,folded,756.25,48,36300
2026093001,current,native-pressure,no_large_raise,-65.4696132596685,362,-23700
2026093001,current,passive,continued,222.53521126760563,71,15800
2026093001,current,passive,no_large_raise,36.507936507936506,441,16100
2026093001,current,pot_pressure,continued,-696.2962962962963,27,-18800
2026093001,current,pot_pressure,folded,421.42857142857144,28,11800
2026093001,current,pot_pressure,no_large_raise,17.505470459518598,457,8000
2026093001,current,pressure-cap2,continued,-225.0,76,-17100
2026093001,current,pressure-cap2,folded,578.2608695652174,23,13300
2026093001,current,pressure-cap2,no_large_raise,-14.285714285714286,413,-5900
2026093001,current,selective-stackoff,continued,-309.09090909090907,11,-3400
2026093001,current,selective-stackoff,folded,700.0,2,1400
2026093001,current,selective-stackoff,no_large_raise,46.59318637274549,499,23250
2026093001,current,tight_aggressive,continued,2000.0,1,2000
2026093001,current,tight_aggressive,folded,600.0,2,1200
2026093001,current,tight_aggressive,no_large_raise,57.858546168958746,509,29450
2026093001,current,tight_passive,continued,-40.0,5,-200
2026093001,current,tight_passive,folded,900.0,1,900
2026093001,current,tight_passive,no_large_raise,57.015810276679844,506,28850
2026093001,current,train_pressure,continued,-150.0,16,-2400
2026093001,current,train_pressure,folded,600.0,6,3600
2026093001,current,train_pressure,no_large_raise,-12.142857142857142,490,-5950
2026093001,current,uniform,continued,386.4864864864865,37,14300
2026093001,current,uniform,folded,669.5652173913044,23,15400
2026093001,current,uniform,no_large_raise,-5.6415929203539825,452,-2550
2026093002,average,lbr,continued,457.6923076923077,26,11900
2026093002,average,lbr,folded,726.6666666666666,30,21800
2026093002,average,lbr,no_large_raise,-245.0,200,-49000
2026093002,average,loose_aggressive,continued,309.09090909090907,22,6800
2026093002,average,loose_aggressive,folded,700.0,3,2100
2026093002,average,loose_aggressive,no_large_raise,-6.878850102669404,487,-3350
2026093002,average,loose_passive,continued,-225.0,28,-6300
2026093002,average,loose_passive,no_large_raise,39.66942148760331,484,19200
2026093002,average,minraise-cap2,continued,313.0177514792899,169,52900
2026093002,average,minraise-cap2,no_large_raise,-127.40524781341108,343,-43700
2026093002,average,native-pressure,continued,184.34782608695653,115,21200
2026093002,average,native-pressure,folded,804.2553191489362,47,37800
2026093002,average,native-pressure,no_large_raise,-100.85714285714286,350,-35300
2026093002,average,passive,continued,205.8252427184466,103,21200
2026093002,average,passive,no_large_raise,25.91687041564792,409,10600
2026093002,average,pot_pressure,continued,-703.448275862069,29,-20400
2026093002,average,pot_pressure,folded,461.53846153846155,26,12000
2026093002,average,pot_pressure,no_large_raise,24.72647702407002,457,11300
2026093002,average,pressure-cap2,continued,21.25,80,1700
2026093002,average,pressure-cap2,folded,504.0,25,12600
2026093002,average,pressure-cap2,no_large_raise,-39.31203931203931,407,-16000
2026093002,average,selective-stackoff,continued,666.6666666666666,3,2000
2026093002,average,selective-stackoff,folded,400.0,2,800
2026093002,average,selective-stackoff,no_large_raise,48.81656804733728,507,24750
2026093002,average,tight_aggressive,continued,-2000.0,1,-2000
2026093002,average,tight_aggressive,folded,900.0,1,900
2026093002,average,tight_aggressive,no_large_raise,52.05882352941177,510,26550
2026093002,average,tight_passive,continued,-1000.0,4,-4000
2026093002,average,tight_passive,no_large_raise,57.97244094488189,508,29450
2026093002,average,train_pressure,continued,-800.0,23,-18400
2026093002,average,train_pressure,folded,583.3333333333334,6,3500
2026093002,average,train_pressure,no_large_raise,29.089026915113873,483,14050
2026093002,average,uniform,continued,368.0,25,9200
2026093002,average,uniform,folded,666.6666666666666,12,8000
2026093002,average,uniform,no_large_raise,29.57894736842105,475,14050
2026093002,current,lbr,continued,-923.0769230769231,26,-24000
2026093002,current,lbr,folded,725.0,24,17400
2026093002,current,lbr,no_large_raise,-167.71844660194174,206,-34550
2026093002,current,loose_aggressive,continued,556.5217391304348,23,12800
2026093002,current,loose_aggressive,folded,700.0,3,2100
2026093002,current,loose_aggressive,no_large_raise,-15.74074074074074,486,-7650
2026093002,current,loose_passive,continued,-452.77777777777777,36,-16300
2026093002,current,loose_passive,no_large_raise,42.016806722689076,476,20000
2026093002,current,minraise-cap2,continued,371.77914110429447,163,60600
2026093002,current,minraise-cap2,no_large_raise,-87.96561604584527,349,-30700
2026093002,current,native-pressure,continued,238.88888888888889,108,25800
2026093002,current,native-pressure,folded,846.5116279069767,43,36400
2026093002,current,native-pressure,no_large_raise,-31.024930747922436,361,-11200
2026093002,current,passive,continued,210.67961165048544,103,21700
2026093002,current,passive,no_large_raise,37.65281173594132,409,15400
2026093002,current,pot_pressure,continued,-1033.3333333333333,24,-24800
2026093002,current,pot_pressure,folded,457.14285714285717,28,12800
2026093002,current,pot_pressure,no_large_raise,34.56521739130435,460,15900
2026093002,current,pressure-cap2,continued,7.594936708860759,79,600
2026093002,current,pressure-cap2,folded,513.6363636363636,22,11300
2026093002,current,pressure-cap2,no_large_raise,-5.59610705596107,411,-2300
2026093002,current,selective-stackoff,continued,950.0,4,3800
2026093002,current,selective-stackoff,folded,650.0,2,1300
2026093002,current,selective-stackoff,no_large_raise,54.24901185770751,506,27450
2026093002,current,tight_aggressive,continued,2000.0,2,4000
2026093002,current,tight_aggressive,folded,600.0,2,1200
2026093002,current,tight_aggressive,no_large_raise,55.41338582677165,508,28150
2026093002,current,tight_passive,continued,-400.0,2,-800
2026093002,current,tight_passive,no_large_raise,52.254901960784316,510,26650
2026093002,current,train_pressure,continued,-700.0,15,-10500
2026093002,current,train_pressure,folded,483.3333333333333,6,2900
2026093002,current,train_pressure,no_large_raise,21.283095723014256,491,10450
2026093002,current,uniform,continued,400.0,27,10800
2026093002,current,uniform,folded,733.3333333333334,12,8800
2026093002,current,uniform,no_large_raise,22.51585623678647,473,10650
2026093003,average,lbr,continued,-364.2857142857143,28,-10200
2026093003,average,lbr,folded,759.0909090909091,22,16700
2026093003,average,lbr,no_large_raise,-142.96116504854368,206,-29450
2026093003,average,loose_aggressive,continued,488.8888888888889,18,8800
2026093003,average,loose_aggressive,no_large_raise,-1.7206477732793521,494,-850
2026093003,average,loose_passive,continued,-32.25806451612903,31,-1000
2026093003,average,loose_passive,no_large_raise,33.056133056133056,481,15900
2026093003,average,minraise-cap2,continued,235.08771929824562,171,40200
2026093003,average,minraise-cap2,no_large_raise,-97.0674486803519,341,-33100
2026093003,average,native-pressure,continued,298.29059829059827,117,34900
2026093003,average,native-pressure,folded,784.6153846153846,39,30600
2026093003,average,native-pressure,no_large_raise,-143.25842696629215,356,-51000
2026093003,average,passive,continued,416.0,100,41600
2026093003,average,passive,no_large_raise,-3.883495145631068,412,-1600
2026093003,average,pot_pressure,continued,-861.5384615384615,26,-22400
2026093003,average,pot_pressure,folded,426.0869565217391,23,9800
2026093003,average,pot_pressure,no_large_raise,18.3585313174946,463,8500
2026093003,average,pressure-cap2,continued,-262.1951219512195,82,-21500
2026093003,average,pressure-cap2,folded,525.925925925926,27,14200
2026093003,average,pressure-cap2,no_large_raise,-13.895781637717121,403,-5600
2026093003,average,selective-stackoff,continued,600.0,3,1800
2026093003,average,selective-stackoff,folded,400.0,1,400
2026093003,average,selective-stackoff,no_large_raise,47.145669291338585,508,23950
2026093003,average,tight_aggressive,continued,-2000.0,3,-6000
2026093003,average,tight_aggressive,no_large_raise,49.41060903732809,509,25150
2026093003,average,tight_passive,continued,-933.3333333333334,3,-2800
2026093003,average,tight_passive,no_large_raise,56.286836935166995,509,28650
2026093003,average,train_pressure,continued,-533.3333333333334,15,-8000
2026093003,average,train_pressure,folded,550.0,4,2200
2026093003,average,train_pressure,no_large_raise,19.574036511156187,493,9650
2026093003,average,uniform,continued,-120.83333333333333,24,-2900
2026093003,average,uniform,folded,750.0,18,13500
2026093003,average,uniform,no_large_raise,-5.0,470,-2350
2026093003,current,lbr,continued,-488.46153846153845,26,-12700
2026093003,current,lbr,folded,769.5652173913044,23,17700
2026093003,current,lbr,no_large_raise,-194.44444444444446,207,-40250
2026093003,current,loose_aggressive,continued,287.5,16,4600
2026093003,current,loose_aggressive,folded,600.0,1,600
2026093003,current,loose_aggressive,no_large_raise,21.01010101010101,495,10400
2026093003,current,loose_passive,continued,-597.0588235294117,34,-20300
2026093003,current,loose_passive,no_large_raise,44.24686192468619,478,21150
2026093003,current,minraise-cap2,continued,266.47398843930637,173,46100
2026093003,current,minraise-cap2,no_large_raise,-80.3834808259587,339,-27250
2026093003,current,native-pressure,continued,395.7264957264957,117,46300
2026093003,current,native-pressure,folded,817.0212765957447,47,38400
2026093003,current,native-pressure,no_large_raise,-94.39655172413794,348,-32850
2026093003,current,passive,continued,253.60824742268042,97,24600
2026093003,current,passive,no_large_raise,18.674698795180724,415,7750
2026093003,current,pot_pressure,continued,-678.2608695652174,23,-15600
2026093003,current,pot_pressure,folded,510.0,30,15300
2026093003,current,pot_pressure,no_large_raise,25.59912854030501,459,11750
2026093003,current,pressure-cap2,continued,-18.181818181818183,77,-1400
2026093003,current,pressure-cap2,folded,565.3846153846154,26,14700
2026093003,current,pressure-cap2,no_large_raise,6.968215158924205,409,2850
2026093003,current,selective-stackoff,continued,-666.6666666666666,3,-2000
2026093003,current,selective-stackoff,no_large_raise,51.080550098231825,509,26000
2026093003,current,tight_aggressive,continued,-2000.0,1,-2000
2026093003,current,tight_aggressive,no_large_raise,49.31506849315068,511,25200
2026093003,current,tight_passive,continued,400.0,2,800
2026093003,current,tight_passive,folded,400.0,1,400
2026093003,current,tight_passive,no_large_raise,56.97445972495088,509,29000
2026093003,current,train_pressure,continued,-847.0588235294117,17,-14400
2026093003,current,train_pressure,folded,550.0,6,3300
2026093003,current,train_pressure,no_large_raise,12.065439672801636,489,5900
2026093003,current,uniform,continued,331.0344827586207,29,9600
2026093003,current,uniform,folded,728.5714285714286,14,10200
2026093003,current,uniform,no_large_raise,-16.844349680170577,469,-7900
