actual_nodes,opponent,street,decisions,positive-mass-known-key_count,zero-mass_count,missing-key_count,positive-mass-known-key_rate,zero-mass_rate,missing-key_rate
100691,random,flop,1224,668,80,476,0.545751633986928,0.06535947712418301,0.3888888888888889
100691,random,preflop,4194,1172,572,2450,0.279446828803052,0.1363853123509776,0.5841678588459704
100691,random,river,154,25,6,123,0.16233766233766234,0.03896103896103896,0.7987012987012987
100691,random,turn,440,123,24,293,0.27954545454545454,0.05454545454545454,0.6659090909090909
100691,check_call,flop,3567,2563,320,684,0.7185309784132324,0.08971124194000561,0.191757779646762
100691,check_call,preflop,4096,1509,686,1901,0.368408203125,0.16748046875,0.464111328125
100691,check_call,river,3567,919,139,2509,0.2576394729464536,0.038968320717689936,0.7033922063358564
100691,check_call,turn,3567,1547,240,1780,0.4336977852537146,0.0672834314550042,0.4990187832912812
100691,tight_aggressive,flop,750,510,81,159,0.68,0.108,0.212
100691,tight_aggressive,preflop,2414,827,504,1083,0.34258492129246065,0.2087821043910522,0.44863297431648713
100691,tight_aggressive,river,110,9,2,99,0.08181818181818182,0.01818181818181818,0.9
100691,tight_aggressive,turn,214,43,20,151,0.20093457943925233,0.09345794392523364,0.705607476635514
100691,loose_aggressive,flop,1689,1081,158,450,0.6400236826524571,0.09354647720544701,0.2664298401420959
100691,loose_aggressive,preflop,3604,1185,578,1841,0.32880133185349614,0.16037735849056603,0.5108213096559379
100691,loose_aggressive,river,658,104,14,540,0.1580547112462006,0.02127659574468085,0.8206686930091185
100691,loose_aggressive,turn,965,279,42,644,0.28911917098445594,0.043523316062176166,0.6673575129533679
100691,pot_pressure,flop,888,414,51,423,0.46621621621621623,0.057432432432432436,0.47635135135135137
100691,pot_pressure,preflop,2953,958,469,1526,0.3244158482898747,0.1588215374195733,0.516762614290552
100691,pot_pressure,river,102,3,6,93,0.029411764705882353,0.058823529411764705,0.9117647058823529
100691,pot_pressure,turn,295,38,12,245,0.1288135593220339,0.04067796610169491,0.8305084745762712
1001382,random,flop,1152,876,10,266,0.7604166666666666,0.008680555555555556,0.2309027777777778
1001382,random,preflop,4179,3274,88,817,0.7834410145967935,0.02105766929887533,0.1955013161043312
1001382,random,river,148,78,8,62,0.527027027027027,0.05405405405405406,0.4189189189189189
1001382,random,turn,416,265,19,132,0.6370192307692307,0.04567307692307692,0.3173076923076923
1001382,check_call,flop,3494,3386,35,73,0.9690898683457355,0.01001717229536348,0.020892959358900974
1001382,check_call,preflop,4096,3980,81,35,0.9716796875,0.019775390625,0.008544921875
1001382,check_call,river,3494,2832,78,584,0.8105323411562679,0.022323983972524327,0.1671436748712078
1001382,check_call,turn,3494,3013,44,437,0.8623354321694333,0.012593016599885518,0.12507155123068117
1001382,tight_aggressive,flop,658,601,9,48,0.9133738601823708,0.013677811550151976,0.0729483282674772
1001382,tight_aggressive,preflop,2405,2317,58,30,0.9634095634095634,0.024116424116424118,0.012474012474012475
1001382,tight_aggressive,river,141,89,13,39,0.6312056737588653,0.09219858156028368,0.2765957446808511
1001382,tight_aggressive,turn,289,233,10,46,0.8062283737024222,0.03460207612456748,0.15916955017301038
1001382,loose_aggressive,flop,1651,1527,30,94,0.9248940036341611,0.018170805572380374,0.05693519079345851
1001382,loose_aggressive,preflop,3589,3348,115,126,0.9328503761493452,0.032042351629980495,0.03510727222067428
1001382,loose_aggressive,river,718,433,43,242,0.6030640668523677,0.05988857938718663,0.3370473537604457
1001382,loose_aggressive,turn,1017,751,46,220,0.7384464110127827,0.04523107177974434,0.21632251720747295
1001382,pot_pressure,flop,834,522,6,306,0.6258992805755396,0.007194244604316547,0.3669064748201439
1001382,pot_pressure,preflop,2936,2492,66,378,0.8487738419618529,0.022479564032697547,0.1287465940054496
1001382,pot_pressure,river,160,53,4,103,0.33125,0.025,0.64375
1001382,pot_pressure,turn,374,176,5,193,0.47058823529411764,0.013368983957219251,0.516042780748663
5001210,random,flop,1202,957,7,238,0.7961730449251248,0.005823627287853577,0.19800332778702162
5001210,random,preflop,4191,3430,4,757,0.8184204247196373,0.000954426151276545,0.18062514912908614
5001210,random,river,154,106,6,42,0.6883116883116883,0.03896103896103896,0.2727272727272727
5001210,random,turn,420,319,17,84,0.7595238095238095,0.04047619047619048,0.2
5001210,check_call,flop,3528,3503,13,12,0.9929138321995464,0.0036848072562358277,0.003401360544217687
5001210,check_call,preflop,4096,4096,0,0,1.0,0.0,0.0
5001210,check_call,river,3528,3377,21,130,0.9571995464852607,0.005952380952380952,0.036848072562358274
5001210,check_call,turn,3528,3433,16,79,0.9730725623582767,0.0045351473922902496,0.02239229024943311
5001210,tight_aggressive,flop,729,714,4,11,0.9794238683127572,0.0054869684499314125,0.015089163237311385
5001210,tight_aggressive,preflop,2425,2416,5,4,0.9962886597938144,0.002061855670103093,0.0016494845360824743
5001210,tight_aggressive,river,165,141,5,19,0.8545454545454545,0.030303030303030304,0.11515151515151516
5001210,tight_aggressive,turn,336,306,7,23,0.9107142857142857,0.020833333333333332,0.06845238095238096
5001210,loose_aggressive,flop,1658,1632,5,21,0.9843184559710495,0.0030156815440289505,0.012665862484921592
5001210,loose_aggressive,preflop,3588,3551,13,24,0.9896878483835005,0.0036231884057971015,0.006688963210702341
5001210,loose_aggressive,river,716,628,21,67,0.8770949720670391,0.029329608938547486,0.0935754189944134
5001210,loose_aggressive,turn,1046,936,24,86,0.8948374760994264,0.022944550669216062,0.08221797323135756
5001210,pot_pressure,flop,854,539,3,312,0.6311475409836066,0.00351288056206089,0.36533957845433257
5001210,pot_pressure,preflop,2942,2584,6,352,0.8783140720598233,0.0020394289598912306,0.11964649898028552
5001210,pot_pressure,river,170,59,1,110,0.34705882352941175,0.0058823529411764705,0.6470588235294118
5001210,pot_pressure,turn,376,179,1,196,0.47606382978723405,0.0026595744680851063,0.5212765957446809
10001922,random,flop,1190,957,2,231,0.8042016806722689,0.0016806722689075631,0.19411764705882353
10001922,random,preflop,4149,3406,6,737,0.8209207037840444,0.0014461315979754157,0.17763316461798023
10001922,random,river,138,110,3,25,0.7971014492753623,0.021739130434782608,0.18115942028985507
10001922,random,turn,423,342,5,76,0.8085106382978723,0.01182033096926714,0.17966903073286053
10001922,check_call,flop,3492,3486,2,4,0.9982817869415808,0.000572737686139748,0.001145475372279496
10001922,check_call,preflop,4096,4096,0,0,1.0,0.0,0.0
10001922,check_call,river,3492,3440,4,48,0.9851088201603666,0.001145475372279496,0.013745704467353952
10001922,check_call,turn,3492,3449,11,32,0.9876861397479955,0.003150057273768614,0.009163802978235968
10001922,tight_aggressive,flop,748,741,3,4,0.9906417112299465,0.004010695187165776,0.0053475935828877
10001922,tight_aggressive,preflop,2416,2415,1,0,0.9995860927152318,0.0004139072847682119,0.0
10001922,tight_aggressive,river,160,144,4,12,0.9,0.025,0.075
10001922,tight_aggressive,turn,341,312,5,24,0.9149560117302052,0.01466275659824047,0.07038123167155426
10001922,loose_aggressive,flop,1665,1649,4,12,0.9903903903903903,0.0024024024024024023,0.007207207207207207
10001922,loose_aggressive,preflop,3594,3579,8,7,0.9958263772954925,0.0022259321090706734,0.0019476905954368391
10001922,loose_aggressive,river,672,611,15,46,0.9092261904761905,0.022321428571428572,0.06845238095238096
10001922,loose_aggressive,turn,1025,969,21,35,0.9453658536585365,0.02048780487804878,0.03414634146341464
10001922,pot_pressure,flop,858,566,2,290,0.6596736596736597,0.002331002331002331,0.337995337995338
10001922,pot_pressure,preflop,2930,2567,3,360,0.8761092150170648,0.0010238907849829352,0.12286689419795221
10001922,pot_pressure,river,164,75,0,89,0.4573170731707317,0.0,0.5426829268292683
10001922,pot_pressure,turn,360,188,2,170,0.5222222222222223,0.005555555555555556,0.4722222222222222
11042440,random,flop,1195,969,1,225,0.8108786610878661,0.0008368200836820083,0.18828451882845187
11042440,random,preflop,4138,3405,3,730,0.8228612856452392,0.0007249879168680521,0.17641372643789272
11042440,random,river,152,122,3,27,0.8026315789473685,0.019736842105263157,0.17763157894736842
11042440,random,turn,440,363,3,74,0.825,0.006818181818181818,0.16818181818181818
11042440,check_call,flop,3485,3480,2,3,0.9985652797704447,0.0005738880918220947,0.000860832137733142
11042440,check_call,preflop,4096,4096,0,0,1.0,0.0,0.0
11042440,check_call,river,3485,3444,5,36,0.9882352941176471,0.0014347202295552368,0.010329985652797705
11042440,check_call,turn,3485,3443,10,32,0.987948350071736,0.0028694404591104736,0.009182209469153515
11042440,tight_aggressive,flop,742,736,4,2,0.9919137466307277,0.005390835579514825,0.0026954177897574125
11042440,tight_aggressive,preflop,2418,2417,1,0,0.9995864350703061,0.00041356492969396195,0.0
11042440,tight_aggressive,river,163,151,3,9,0.9263803680981595,0.018404907975460124,0.05521472392638037
11042440,tight_aggressive,turn,338,313,7,18,0.9260355029585798,0.020710059171597635,0.05325443786982249
11042440,loose_aggressive,flop,1633,1621,2,10,0.992651561543172,0.001224739742804654,0.00612369871402327
11042440,loose_aggressive,preflop,3586,3576,5,5,0.9972113775794758,0.0013943112102621305,0.0013943112102621305
11042440,loose_aggressive,river,680,629,9,42,0.925,0.013235294117647059,0.061764705882352944
11042440,loose_aggressive,turn,1014,966,13,35,0.9526627218934911,0.01282051282051282,0.03451676528599606
11042440,pot_pressure,flop,874,580,2,292,0.6636155606407322,0.002288329519450801,0.3340961098398169
11042440,pot_pressure,preflop,2932,2574,4,354,0.8778990450204639,0.001364256480218281,0.12073669849931787
11042440,pot_pressure,river,176,82,0,94,0.4659090909090909,0.0,0.5340909090909091
11042440,pot_pressure,turn,386,206,2,178,0.533678756476684,0.0051813471502590676,0.46113989637305697
