actual_nodes,opponent,policy_bb100,ci95_low,ci95_high,uniform_bb100,uniform_ci95_low,uniform_ci95_high
100691,random,64.24560546875,-39.35770735889514,167.84891829639514,15.7958984375,-82.84600218033907,114.43779905533907
100691,check_call,11.87744140625,-31.285026168716833,55.03990898121683,-40.36865234375,-81.95477927443112,1.217474586931118
100691,tight_aggressive,-52.55126953125,-91.29304183739771,-13.809497225102291,-52.5146484375,-91.99466915989768,-13.034627715102324
100691,loose_aggressive,-438.427734375,-522.986032023381,-353.86943672661897,-391.2109375,-475.1412031532276,-307.2806718467724
100691,pot_pressure,-101.79443359375,-162.2529803384684,-41.335886849031596,-145.64208984375,-205.5527300097069,-85.73144967779311
1001382,random,61.5234375,-40.645892962149546,163.69276796214956,15.7958984375,-82.84600218033907,114.43779905533907
1001382,check_call,31.15234375,-9.341475962974364,71.64616346297436,-40.36865234375,-81.95477927443112,1.217474586931118
1001382,tight_aggressive,-80.078125,-121.27950657583753,-38.87674342416247,-52.5146484375,-91.99466915989768,-13.034627715102324
1001382,loose_aggressive,-485.7666015625,-569.5609352910974,-401.9722678339026,-391.2109375,-475.1412031532276,-307.2806718467724
1001382,pot_pressure,-143.78662109375,-206.13200240843273,-81.44123977906727,-145.64208984375,-205.5527300097069,-85.73144967779311
5001210,random,82.21435546875,-21.885601717120423,186.31431265462044,15.7958984375,-82.84600218033907,114.43779905533907
5001210,check_call,97.900390625,56.82892930340457,138.97185194659542,-40.36865234375,-81.95477927443112,1.217474586931118
5001210,tight_aggressive,-80.82275390625,-123.56271598894608,-38.08279182355392,-52.5146484375,-91.99466915989768,-13.034627715102324
5001210,loose_aggressive,-396.484375,-480.42351658983694,-312.54523341016306,-391.2109375,-475.1412031532276,-307.2806718467724
5001210,pot_pressure,-141.85791015625,-205.5251413675022,-78.19067894499781,-145.64208984375,-205.5527300097069,-85.73144967779311
10001922,random,97.9736328125,-4.861825041067576,200.80909066606756,15.7958984375,-82.84600218033907,114.43779905533907
10001922,check_call,88.3544921875,51.36706970400052,125.34191467099947,-40.36865234375,-81.95477927443112,1.217474586931118
10001922,tight_aggressive,-72.39990234375,-115.20175207121025,-29.59805261628975,-52.5146484375,-91.99466915989768,-13.034627715102324
10001922,loose_aggressive,-346.044921875,-428.44017930949326,-263.64966444050674,-391.2109375,-475.1412031532276,-307.2806718467724
10001922,pot_pressure,-107.9833984375,-167.2136422636991,-48.75315461130089,-145.64208984375,-205.5527300097069,-85.73144967779311
11042440,random,88.28125,-14.002264330285854,190.56476433028587,15.7958984375,-82.84600218033907,114.43779905533907
11042440,check_call,87.78076171875,51.86796925710131,123.69355418039869,-40.36865234375,-81.95477927443112,1.217474586931118
11042440,tight_aggressive,-65.46630859375,-107.11139246597867,-23.821224721521325,-52.5146484375,-91.99466915989768,-13.034627715102324
11042440,loose_aggressive,-349.12109375,-430.5675437844192,-267.6746437155808,-391.2109375,-475.1412031532276,-307.2806718467724
11042440,pot_pressure,-122.6806640625,-182.0735651667613,-63.287762958238694,-145.64208984375,-205.5527300097069,-85.73144967779311
