final_nodes,earlier_nodes,opponent,difference_bb100,ci95_low,ci95_high,bonferroni_low,bonferroni_high,formal_label
11042440,100691,random,24.03564453125,-37.60926868408411,85.6805577465841,-71.11629060626564,119.18757966876564,inconclusive
11042440,100691,check_call,75.9033203125,37.6091285516615,114.1975120733385,16.7943645119992,135.0122761130008,improvement
11042440,100691,tight_aggressive,-12.9150390625,-54.648491957979694,28.818413832979694,-77.33266244537243,51.502584320372435,inconclusive
11042440,100691,loose_aggressive,89.306640625,-2.433370806580214,181.04665205658023,-52.29854886987749,230.9118301198775,inconclusive
11042440,100691,pot_pressure,-20.88623046875,-78.99431941490873,37.22185847740873,-110.57890455940843,68.80644362190843,inconclusive
11042440,1001382,random,26.7578125,-35.72401706569369,89.23964206569369,-69.68594391085847,123.20156891085847,inconclusive
11042440,1001382,check_call,56.62841796875,13.579598341606058,99.67723759589394,-9.819538225139013,123.07637416263901,inconclusive
11042440,1001382,tight_aggressive,14.61181640625,-29.57929612180495,58.80292893430495,-53.59932468556977,82.82295749806977,inconclusive
11042440,1001382,loose_aggressive,136.6455078125,43.78757319320037,229.5034424317996,-6.6852507374433685,279.97626636244337,inconclusive
11042440,1001382,pot_pressure,21.10595703125,-39.571539704318575,81.78345376681858,-72.55272350775456,114.76463757025456,inconclusive
11042440,5001210,random,6.06689453125,-45.56820770151605,57.70199676401605,-73.63440833714297,85.76819739964297,inconclusive
11042440,5001210,check_call,-10.11962890625,-45.926120385580624,25.686862573080624,-65.38869778857543,45.14943997607543,inconclusive
11042440,5001210,tight_aggressive,15.3564453125,-21.083436731890636,51.796327356890636,-40.8902928505458,71.60318347554579,inconclusive
11042440,5001210,loose_aggressive,47.36328125,-32.03137907030292,126.75794157030292,-75.18625568702926,169.91281818702925,inconclusive
11042440,5001210,pot_pressure,19.17724609375,-31.9134415403771,70.26793372787711,-59.68372624490961,98.03821843240961,inconclusive
11042440,10001922,random,-9.6923828125,-37.5818745098136,18.1971088848136,-52.74117575558017,33.35641013058017,inconclusive
11042440,10001922,check_call,-0.57373046875,-16.87996287050417,15.732501933004169,-25.743196802640746,24.595735865140746,inconclusive
11042440,10001922,tight_aggressive,6.93359375,-11.610872228604322,25.478059728604322,-21.690695456024805,35.557882956024805,inconclusive
11042440,10001922,loose_aggressive,-3.076171875,-40.824188548807,34.671844798807,-61.342079745926924,55.189735995926924,inconclusive
11042440,10001922,pot_pressure,-14.697265625,-35.38743042730757,5.992899177307571,-46.633545791000216,17.239014541000213,inconclusive
