opponent,street,decisions,median_visits,visits_lt10_pct,median_mass,raise_pct,payoff_bb_per_decision
check_call,flop,3480,109.0,9.913793103448276,922737.0,64.1508873705961,1.1244252873563219
check_call,preflop,4096,21.0,13.818359375,251664.0,53.91155023805565,0.8778076171875
check_call,river,3444,5.0,62.48548199767712,120043.5,64.44801207412556,0.9973867595818815
check_call,turn,3443,13,41.21405750798722,224815.0,59.244113632299566,1.0633168748184723
loose_aggressive,flop,1621,73,15.731030228254165,678677.9999999999,58.949711192001445,-8.996298581122764
loose_aggressive,preflop,3576,27.0,15.967561521252795,241993.99999999997,49.69776810948946,-7.594798657718121
loose_aggressive,river,629,4,72.97297297297297,69898.0,59.05462436969392,-15.267090620031796
loose_aggressive,turn,966,10.0,49.79296066252588,118147.0,55.50825644772621,-17.288819875776397
pot_pressure,flop,580,94.0,11.206896551724139,725901.0,60.874115565487315,-1.7206896551724138
pot_pressure,preflop,2574,60.0,6.449106449106449,242825.0,47.47245373182744,-3.321095571095571
pot_pressure,river,82,13.5,36.58536585365854,136824.5,52.86729119230182,-1.7439024390243902
pot_pressure,turn,206,19.0,32.5242718446602,179970.0,54.91335969860002,-2.8640776699029127
random,flop,969,94,12.280701754385964,725901.0,58.32987260837187,2.760577915376677
random,preflop,3405,27,12.657856093979442,241993.99999999997,50.06478453891402,1.155359765051395
random,river,122,4.5,60.65573770491803,60437.0,67.37823515772682,4.80327868852459
random,turn,363,12,44.90358126721763,134954.0,60.34133475565905,5.550964187327824
tight_aggressive,flop,736,73.0,16.440217391304348,653775.0000000001,55.56201052968578,-6.574728260869565
tight_aggressive,preflop,2417,63,5.833678113363674,242825.0,48.0345021915047,-2.9455937112122466
tight_aggressive,river,151,7,53.64238410596026,79705.0,49.51086067474797,-19.08609271523179
tight_aggressive,turn,313,13,41.853035143769965,148380.99999999997,54.14198690004437,-9.782747603833865
