nodes,opponent,exposure,hands,net_bb,mean_net_bb,contribution_bb_per_100
100691,random,all-positive,678,475.0,0.700589970501475,11.5966796875
100691,random,any-zero-no-missing,386,234.5,0.6075129533678757,5.72509765625
100691,random,ever-missing,2332,1572.0,0.6740994854202401,38.37890625
100691,random,no-target-decision,700,350.0,0.5,8.544921875
100691,check_call,all-positive,409,-833.5,-2.0378973105134475,-20.34912109375
100691,check_call,any-zero-no-missing,295,-448.5,-1.5203389830508474,-10.94970703125
100691,check_call,ever-missing,3392,1768.5,0.5213738207547169,43.17626953125
100691,tight_aggressive,all-positive,678,244.5,0.3606194690265487,5.96923828125
100691,tight_aggressive,any-zero-no-missing,466,116.0,0.24892703862660945,2.83203125
100691,tight_aggressive,ever-missing,1100,-3439.0,-3.1263636363636365,-83.9599609375
100691,tight_aggressive,no-target-decision,1852,926.0,0.5,22.607421875
100691,loose_aggressive,all-positive,723,-1223.5,-1.6922544951590595,-29.87060546875
100691,loose_aggressive,any-zero-no-missing,421,-308.0,-0.7315914489311164,-7.51953125
100691,loose_aggressive,ever-missing,1838,-16983.5,-9.240206746463548,-414.63623046875
100691,loose_aggressive,no-target-decision,1114,557.0,0.5,13.5986328125
100691,pot_pressure,all-positive,659,388.0,0.5887708649468892,9.47265625
100691,pot_pressure,any-zero-no-missing,378,229.5,0.6071428571428571,5.60302734375
100691,pot_pressure,ever-missing,1416,-5608.5,-3.9608050847457625,-136.92626953125
100691,pot_pressure,no-target-decision,1643,821.5,0.5,20.05615234375
1001382,random,all-positive,2139,2126.0,0.9939223936418887,51.904296875
1001382,random,any-zero-no-missing,79,36.0,0.45569620253164556,0.87890625
1001382,random,ever-missing,1178,8.0,0.006791171477079796,0.1953125
1001382,random,no-target-decision,700,350.0,0.5,8.544921875
1001382,check_call,all-positive,3102,-2512.5,-0.8099613152804642,-61.34033203125
1001382,check_call,any-zero-no-missing,152,-125.5,-0.8256578947368421,-3.06396484375
1001382,check_call,ever-missing,842,3914.0,4.648456057007126,95.556640625
1001382,tight_aggressive,all-positive,2061,-1544.0,-0.7491508976225133,-37.6953125
1001382,tight_aggressive,any-zero-no-missing,66,-369.5,-5.598484848484849,-9.02099609375
1001382,tight_aggressive,ever-missing,117,-2292.5,-19.594017094017094,-55.96923828125
1001382,tight_aggressive,no-target-decision,1852,926.0,0.5,22.607421875
1001382,loose_aggressive,all-positive,2430,-9858.0,-4.05679012345679,-240.673828125
1001382,loose_aggressive,any-zero-no-missing,124,-1331.5,-10.737903225806452,-32.50732421875
1001382,loose_aggressive,ever-missing,428,-9264.5,-21.64602803738318,-226.18408203125
1001382,loose_aggressive,no-target-decision,1114,557.0,0.5,13.5986328125
1001382,pot_pressure,all-positive,1823,706.5,0.3875479978058146,17.24853515625
1001382,pot_pressure,any-zero-no-missing,47,35.5,0.7553191489361702,0.86669921875
1001382,pot_pressure,ever-missing,583,-7453.0,-12.783876500857632,-181.9580078125
1001382,pot_pressure,no-target-decision,1643,821.5,0.5,20.05615234375
5001210,random,all-positive,2271,3452.5,1.5202553940995156,84.28955078125
5001210,random,any-zero-no-missing,16,52.0,3.25,1.26953125
5001210,random,ever-missing,1109,-487.0,-0.43913435527502254,-11.8896484375
5001210,random,no-target-decision,700,350.0,0.5,8.544921875
5001210,check_call,all-positive,3870,2652.0,0.6852713178294574,64.74609375
5001210,check_call,any-zero-no-missing,42,146.0,3.4761904761904763,3.564453125
5001210,check_call,ever-missing,184,1212.0,6.586956521739131,29.58984375
5001210,tight_aggressive,all-positive,2185,-2142.5,-0.9805491990846682,-52.30712890625
5001210,tight_aggressive,any-zero-no-missing,15,-529.0,-35.266666666666666,-12.9150390625
5001210,tight_aggressive,ever-missing,44,-1565.0,-35.56818181818182,-38.2080078125
5001210,tight_aggressive,no-target-decision,1852,926.0,0.5,22.607421875
5001210,loose_aggressive,all-positive,2809,-13833.0,-4.9245283018867925,-337.7197265625
5001210,loose_aggressive,any-zero-no-missing,35,-745.0,-21.285714285714285,-18.1884765625
5001210,loose_aggressive,ever-missing,138,-2219.0,-16.079710144927535,-54.1748046875
5001210,loose_aggressive,no-target-decision,1114,557.0,0.5,13.5986328125
5001210,pot_pressure,all-positive,1860,5.0,0.002688172043010753,0.1220703125
5001210,pot_pressure,any-zero-no-missing,3,-34.0,-11.333333333333334,-0.830078125
5001210,pot_pressure,ever-missing,590,-6603.0,-11.191525423728814,-161.2060546875
5001210,pot_pressure,no-target-decision,1643,821.5,0.5,20.05615234375
10001922,random,all-positive,2317,2722.0,1.1747949935261113,66.455078125
10001922,random,any-zero-no-missing,12,-85.0,-7.083333333333333,-2.0751953125
10001922,random,ever-missing,1067,1026.0,0.9615745079662605,25.048828125
10001922,random,no-target-decision,700,350.0,0.5,8.544921875
10001922,check_call,all-positive,4010,2872.0,0.7162094763092269,70.1171875
10001922,check_call,any-zero-no-missing,14,102.0,7.285714285714286,2.490234375
10001922,check_call,ever-missing,72,645.0,8.958333333333334,15.7470703125
10001922,tight_aggressive,all-positive,2206,-2998.5,-1.3592475067996375,-73.20556640625
10001922,tight_aggressive,any-zero-no-missing,9,-353.0,-39.22222222222222,-8.6181640625
10001922,tight_aggressive,ever-missing,29,-540.0,-18.620689655172413,-13.18359375
10001922,tight_aggressive,no-target-decision,1852,926.0,0.5,22.607421875
10001922,loose_aggressive,all-positive,2876,-14103.0,-4.903685674547983,-344.3115234375
10001922,loose_aggressive,any-zero-no-missing,34,-260.0,-7.647058823529412,-6.34765625
10001922,loose_aggressive,ever-missing,72,-368.0,-5.111111111111111,-8.984375
10001922,loose_aggressive,no-target-decision,1114,557.0,0.5,13.5986328125
10001922,pot_pressure,all-positive,1903,415.5,0.2183394640042039,10.14404296875
10001922,pot_pressure,ever-missing,550,-5660.0,-10.290909090909091,-138.18359375
10001922,pot_pressure,no-target-decision,1643,821.5,0.5,20.05615234375
11042440,random,all-positive,2336,2888.0,1.2363013698630136,70.5078125
11042440,random,any-zero-no-missing,6,-20.0,-3.3333333333333335,-0.48828125
11042440,random,ever-missing,1054,398.0,0.3776091081593928,9.716796875
11042440,random,no-target-decision,700,350.0,0.5,8.544921875
11042440,check_call,all-positive,4021,3065.5,0.762372544143248,74.84130859375
11042440,check_call,any-zero-no-missing,14,97.0,6.928571428571429,2.3681640625
11042440,check_call,ever-missing,61,433.0,7.098360655737705,10.5712890625
11042440,tight_aggressive,all-positive,2213,-2925.5,-1.3219611387257117,-71.42333984375
11042440,tight_aggressive,any-zero-no-missing,10,-407.0,-40.7,-9.9365234375
11042440,tight_aggressive,ever-missing,21,-275.0,-13.095238095238095,-6.7138671875
11042440,tight_aggressive,no-target-decision,1852,926.0,0.5,22.607421875
11042440,loose_aggressive,all-positive,2897,-14377.0,-4.962720055229548,-351.0009765625
11042440,loose_aggressive,any-zero-no-missing,24,123.0,5.125,3.0029296875
11042440,loose_aggressive,ever-missing,61,-603.0,-9.885245901639344,-14.7216796875
11042440,loose_aggressive,no-target-decision,1114,557.0,0.5,13.5986328125
11042440,pot_pressure,all-positive,1894,376.5,0.1987856388595565,9.19189453125
11042440,pot_pressure,any-zero-no-missing,1,-98.0,-98.0,-2.392578125
11042440,pot_pressure,ever-missing,558,-6125.0,-10.976702508960573,-149.5361328125
11042440,pot_pressure,no-target-decision,1643,821.5,0.5,20.05615234375
