nodes,opponent,support,decisions
100691,random,supported-observed-menu-path,2260
100691,random,unsupported-abstract-history-or-menu,1082
100691,check_call,supported-observed-menu-path,6874
100691,tight_aggressive,supported-observed-menu-path,1492
100691,loose_aggressive,supported-observed-menu-path,3475
100691,pot_pressure,supported,3
100691,pot_pressure,supported-observed-menu-path,1095
100691,pot_pressure,supported-other-checkpoint,286
100691,pot_pressure,unsupported-abstract-history-or-menu,903
1001382,random,supported-observed-menu-path,229
1001382,random,unsupported-abstract-history-or-menu,1048
1001382,check_call,supported-observed-menu-path,1129
1001382,tight_aggressive,supported-observed-menu-path,163
1001382,loose_aggressive,supported-observed-menu-path,682
1001382,pot_pressure,supported,5
1001382,pot_pressure,supported-observed-menu-path,38
1001382,pot_pressure,supported-other-checkpoint,35
1001382,pot_pressure,unsupported-abstract-history-or-menu,902
5001210,random,supported-observed-menu-path,47
5001210,random,unsupported-abstract-history-or-menu,1074
5001210,check_call,supported-observed-menu-path,221
5001210,tight_aggressive,supported-observed-menu-path,57
5001210,loose_aggressive,supported-observed-menu-path,198
5001210,pot_pressure,supported,3
5001210,pot_pressure,supported-observed-menu-path,3
5001210,pot_pressure,supported-other-checkpoint,2
5001210,pot_pressure,unsupported-abstract-history-or-menu,962
10001922,random,supported-observed-menu-path,17
10001922,random,unsupported-abstract-history-or-menu,1052
10001922,check_call,supported-observed-menu-path,84
10001922,tight_aggressive,supported-observed-menu-path,40
10001922,loose_aggressive,supported-observed-menu-path,100
10001922,pot_pressure,supported,6
10001922,pot_pressure,supported-observed-menu-path,2
10001922,pot_pressure,unsupported-abstract-history-or-menu,901
11042440,random,supported-observed-menu-path,15
11042440,random,unsupported-abstract-history-or-menu,1041
11042440,check_call,supported-observed-menu-path,71
11042440,tight_aggressive,supported-observed-menu-path,29
11042440,loose_aggressive,supported-observed-menu-path,92
11042440,pot_pressure,supported,6
11042440,pot_pressure,supported-observed-menu-path,2
11042440,pot_pressure,unsupported-abstract-history-or-menu,910
