seed,panel,position,bb_per_100,blocks,ci95,reason,exploratory_t95_low,exploratory_t95_high
2026093001,loose_aggressive,overall,3.125,16,,too_few_blocks,-120.88004594861495,127.13004594861495
2026093001,loose_aggressive,big_blind,-93.75,16,,too_few_blocks,-233.3406225509181,45.84062255091811
2026093001,loose_aggressive,button,100,16,,too_few_blocks,-99.37884841699241,299.3788484169924
2026093001,loose_passive,overall,0.0,16,,too_few_blocks,-21.754015829618904,21.754015829618904
2026093001,loose_passive,big_blind,0,16,,too_few_blocks,-33.70117640849862,33.70117640849862
2026093001,loose_passive,button,0,16,,too_few_blocks,-19.457383271453743,19.457383271453743
2026093001,pot_pressure,overall,59.375,16,,too_few_blocks,-67.1798167676117,185.9298167676117
2026093001,pot_pressure,big_blind,118.75,16,,too_few_blocks,-134.3596335352234,371.8596335352234
2026093001,pot_pressure,button,0,16,,too_few_blocks,,
2026093001,selective-stackoff,overall,-21.875,16,,too_few_blocks,-83.38060872955415,39.63060872955416
2026093001,selective-stackoff,big_blind,0,16,,too_few_blocks,-19.457383271453743,19.457383271453743
2026093001,selective-stackoff,button,-43.75,16,,too_few_blocks,-152.0295075109866,64.52950751098659
2026093001,tight_aggressive,overall,0.0,16,,too_few_blocks,,
2026093001,tight_aggressive,big_blind,0,16,,too_few_blocks,,
2026093001,tight_aggressive,button,0,16,,too_few_blocks,,
2026093001,tight_passive,overall,0.0,16,,too_few_blocks,,
2026093001,tight_passive,big_blind,0,16,,too_few_blocks,,
2026093001,tight_passive,button,0,16,,too_few_blocks,,
2026093001,train_pressure,overall,6.25,16,,too_few_blocks,-111.25189550628181,123.75189550628181
2026093001,train_pressure,big_blind,81.25,16,,too_few_blocks,-78.27532928524482,240.77532928524482
2026093001,train_pressure,button,-68.75,16,,too_few_blocks,-230.04542873009194,92.54542873009194
2026093001,uniform,overall,-90.625,16,,too_few_blocks,-283.7876150663547,102.5376150663547
2026093001,uniform,big_blind,-181.25,16,,too_few_blocks,-567.5752301327094,205.0752301327094
2026093001,uniform,button,0,16,,too_few_blocks,,
2026093002,loose_aggressive,overall,40.625,16,,too_few_blocks,-39.13766464262241,120.38766464262241
2026093002,loose_aggressive,big_blind,12.5,16,,too_few_blocks,-5.700715461231656,30.700715461231656
2026093002,loose_aggressive,button,68.75,16,,too_few_blocks,-77.78715625723459,215.28715625723459
2026093002,loose_passive,overall,31.25,16,,too_few_blocks,-54.60260312559517,117.10260312559517
2026093002,loose_passive,big_blind,25,16,,too_few_blocks,1.1696696275865293,48.83033037241347
2026093002,loose_passive,button,37.5,16,,too_few_blocks,-127.45799244392595,202.45799244392595
2026093002,pot_pressure,overall,56.25,16,,too_few_blocks,-56.73483790843569,169.23483790843568
2026093002,pot_pressure,big_blind,112.5,16,,too_few_blocks,-113.46967581687139,338.46967581687136
2026093002,pot_pressure,button,0,16,,too_few_blocks,,
2026093002,selective-stackoff,overall,3.125,16,,too_few_blocks,-8.665395620381968,14.915395620381968
2026093002,selective-stackoff,big_blind,0,16,,too_few_blocks,-19.457383271453743,19.457383271453743
2026093002,selective-stackoff,button,6.25,16,,too_few_blocks,-7.0715596597485995,19.5715596597486
2026093002,tight_aggressive,overall,0.0,16,,too_few_blocks,,
2026093002,tight_aggressive,big_blind,0,16,,too_few_blocks,,
2026093002,tight_aggressive,button,0,16,,too_few_blocks,,
2026093002,tight_passive,overall,0.0,16,,too_few_blocks,,
2026093002,tight_passive,big_blind,0,16,,too_few_blocks,,
2026093002,tight_passive,button,0,16,,too_few_blocks,,
2026093002,train_pressure,overall,21.875,16,,too_few_blocks,-19.364498110981486,63.114498110981486
2026093002,train_pressure,big_blind,43.75,16,,too_few_blocks,-38.72899622196297,126.22899622196297
2026093002,train_pressure,button,0,16,,too_few_blocks,,
2026093002,uniform,overall,6.25,16,,too_few_blocks,-7.0715596597485995,19.5715596597486
2026093002,uniform,big_blind,12.5,16,,too_few_blocks,-14.143119319497199,39.1431193194972
2026093002,uniform,button,0,16,,too_few_blocks,,
2026093003,loose_aggressive,overall,-40.625,16,,too_few_blocks,-188.55830586975205,107.30830586975205
2026093003,loose_aggressive,big_blind,-81.25,16,,too_few_blocks,-193.39400882485592,30.894008824855916
2026093003,loose_aggressive,button,0,16,,too_few_blocks,-214.03121598599117,214.03121598599117
2026093003,loose_passive,overall,25.0,16,,too_few_blocks,-72.28691635726871,122.28691635726871
2026093003,loose_passive,big_blind,18.75,16,,too_few_blocks,-49.26392266361465,86.76392266361465
2026093003,loose_passive,button,31.25,16,,too_few_blocks,-140.28286333287392,202.78286333287392
2026093003,pot_pressure,overall,59.375,16,,too_few_blocks,-67.1798167676117,185.9298167676117
2026093003,pot_pressure,big_blind,118.75,16,,too_few_blocks,-134.3596335352234,371.8596335352234
2026093003,pot_pressure,button,0,16,,too_few_blocks,,
2026093003,selective-stackoff,overall,0.0,16,,too_few_blocks,-9.728691635726872,9.728691635726872
2026093003,selective-stackoff,big_blind,0,16,,too_few_blocks,-19.457383271453743,19.457383271453743
2026093003,selective-stackoff,button,0,16,,too_few_blocks,,
2026093003,tight_aggressive,overall,-34.375,16,,too_few_blocks,-107.64357812861729,38.89357812861729
2026093003,tight_aggressive,big_blind,0,16,,too_few_blocks,,
2026093003,tight_aggressive,button,-68.75,16,,too_few_blocks,-215.28715625723459,77.78715625723459
2026093003,tight_passive,overall,6.25,16,,too_few_blocks,-7.0715596597485995,19.5715596597486
2026093003,tight_passive,big_blind,12.5,16,,too_few_blocks,-14.143119319497199,39.1431193194972
2026093003,tight_passive,button,0,16,,too_few_blocks,,
2026093003,train_pressure,overall,53.125,16,,too_few_blocks,-27.375881809271362,133.62588180927136
2026093003,train_pressure,big_blind,87.5,16,,too_few_blocks,-71.61690812817184,246.61690812817184
2026093003,train_pressure,button,18.75,16,,too_few_blocks,-21.214678979245797,58.7146789792458
2026093003,uniform,overall,-43.75,16,,too_few_blocks,-137.00091761824018,49.500917618240194
2026093003,uniform,big_blind,0,16,,too_few_blocks,,
2026093003,uniform,button,-87.5,16,,too_few_blocks,-274.00183523648036,99.00183523648039
