seed,panel,player,hands,river_intervention_hands,river_actions,solve_requests,new_solves,cache_hits,resolves,total_completed_sweeps,search_seconds,hand_seconds,target_decisions,blueprint_missing,earlier_missing,range_trained,range_missing,range_off_menu_likelihoods,min_positive_holdings,delegations,large_opportunities,large_raises,rival_folds,rival_continuations,full_stack_wins,full_stack_losses
2026093001,loose_aggressive,river_search,32,8,9,8,8,0,0,2000,94.30485045793466,94.34533541603014,69,0,0,59455,0,0,96,0,8,5,1,4,1,2
2026093001,loose_aggressive,direct,32,0,0,0,0,0,0,0,0,0.03405479301000014,69,0,0,0,0,0,,0,8,3,1,2,0,2
2026093001,loose_passive,river_search,32,16,16,16,15,1,0,3750,167.63489983376348,167.6892702880432,81,0,0,113505,0,0,96,0,7,2,0,2,0,1
2026093001,loose_passive,direct,32,0,0,0,0,0,0,0,0,0.04270483704749495,81,0,0,0,0,0,,0,7,2,0,2,0,1
2026093001,pot_pressure,river_search,32,1,2,2,2,0,1,500,24.18369320803322,24.20248258393258,35,7,6,12972,0,0,179,0,8,4,2,2,0,2
2026093001,pot_pressure,direct,32,0,0,0,0,0,0,0,0,0.01878416578983888,35,7,7,0,0,0,,0,8,5,2,3,0,3
2026093001,selective-stackoff,river_search,32,9,10,9,9,0,0,2250,111.16539662500145,111.20447320671519,58,0,0,63779,0,0,96,0,3,0,0,0,0,0
2026093001,selective-stackoff,direct,32,0,0,0,0,0,0,0,0,0.04110650409711525,59,0,0,0,0,0,,0,3,1,0,1,0,0
2026093001,tight_aggressive,river_search,32,1,1,1,0,1,0,0,0.00015512504614889622,0.017164418881293386,32,0,0,6486,0,0,548,0,0,0,0,0,0,0
2026093001,tight_aggressive,direct,32,0,0,0,0,0,0,0,0,0.018083913018926978,32,0,0,0,0,0,,0,0,0,0,0,0,0
2026093001,tight_passive,river_search,32,2,2,2,2,0,0,500,22.61048304202268,22.630109044956043,33,0,0,14053,0,0,383,0,0,0,0,0,0,0
2026093001,tight_passive,direct,32,0,0,0,0,0,0,0,0,0.018218707875348628,33,0,0,0,0,0,,0,0,0,0,0,0,0
2026093001,train_pressure,river_search,32,9,11,11,11,0,2,2750,122.20759487408213,122.2501409551478,60,3,1,83237,2162,2162,113,0,5,2,0,2,0,1
2026093001,train_pressure,direct,32,0,0,0,0,0,0,0,0,0.030759038985706866,59,1,1,0,0,0,,0,5,3,0,3,1,2
2026093001,uniform,river_search,32,5,6,5,5,0,0,1250,45.28469070902793,45.31939674797468,69,0,0,38916,0,0,52,0,18,6,4,2,5,1
2026093001,uniform,direct,32,0,0,0,0,0,0,0,0,0.031575879256706685,68,0,0,0,0,0,,0,18,7,5,2,5,0
2026093002,loose_aggressive,river_search,32,8,9,8,8,0,0,2000,86.93581904296298,86.97511104121804,68,0,0,58374,0,0,47,0,5,2,0,2,2,1
2026093002,loose_aggressive,direct,32,0,0,0,0,0,0,0,0,0.03348396118963137,68,0,0,0,0,0,,0,6,1,0,1,1,1
2026093002,loose_passive,river_search,32,15,15,15,14,1,0,3500,169.8843261647853,169.94337058492238,79,0,0,105938,0,0,95,0,3,1,0,1,1,0
2026093002,loose_passive,direct,32,0,0,0,0,0,0,0,0,0.03874866891419515,79,0,0,0,0,0,,0,3,0,0,0,0,0
2026093002,pot_pressure,river_search,32,2,3,3,3,0,1,750,40.988636084017344,41.00893016619375,35,6,5,22701,0,0,200,0,7,3,1,2,0,2
2026093002,pot_pressure,direct,32,0,0,0,0,0,0,0,0,0.020688498101662844,35,6,6,0,0,0,,0,6,3,1,2,0,3
2026093002,selective-stackoff,river_search,32,8,9,8,7,1,0,1750,81.35539058514405,81.39149470906705,55,0,0,57293,0,0,106,0,1,0,0,0,0,0
2026093002,selective-stackoff,direct,32,0,0,0,0,0,0,0,0,0.032109124993439764,55,0,0,0,0,0,,0,1,0,0,0,0,0
2026093002,tight_aggressive,river_search,32,1,1,1,1,0,0,250,10.61599274998298,10.632234208926093,29,0,0,6486,0,0,343,0,2,1,1,0,0,0
2026093002,tight_aggressive,direct,32,0,0,0,0,0,0,0,0,0.016625168966129422,29,0,0,0,0,0,,0,2,1,1,0,0,0
2026093002,tight_passive,river_search,32,1,1,1,1,0,0,250,10.625848124967888,10.641742458974477,29,0,0,6486,0,0,343,0,0,0,0,0,0,0
2026093002,tight_passive,direct,32,0,0,0,0,0,0,0,0,0.01741491595748812,29,0,0,0,0,0,,0,0,0,0,0,0,0
2026093002,train_pressure,river_search,32,7,7,7,4,3,0,1000,50.10077474999707,50.13410004216712,57,0,0,51888,0,0,200,0,3,1,1,0,0,0
2026093002,train_pressure,direct,32,0,0,0,0,0,0,0,0,0.029714580217842013,58,0,0,0,0,0,,0,4,1,1,0,0,0
2026093002,uniform,river_search,32,2,3,2,2,0,0,500,13.712233376048971,13.747185292013455,72,0,0,15134,0,0,5,0,22,8,5,3,6,0
2026093002,uniform,direct,32,0,0,0,0,0,0,0,0,0.032209335069637746,72,0,0,0,0,0,,0,22,8,5,3,6,0
2026093003,loose_aggressive,river_search,32,10,13,10,9,1,0,2250,88.72598025208572,88.77095404418651,72,0,0,73501,7,0,54,0,10,2,0,2,1,0
2026093003,loose_aggressive,direct,32,0,0,0,0,0,0,0,0,0.03543574712239206,73,0,0,0,0,0,,0,11,1,0,1,1,0
2026093003,loose_passive,river_search,32,16,16,16,15,1,0,3750,164.88200291694375,164.93380266492022,80,0,0,111343,0,0,102,0,2,1,0,1,1,0
2026093003,loose_passive,direct,32,0,0,0,0,0,0,0,0,0.04081158112967387,80,0,0,0,0,0,,0,2,0,0,0,0,0
2026093003,pot_pressure,river_search,32,2,3,3,3,0,1,750,38.5834539590287,38.60481328883907,35,5,4,19458,0,0,172,0,5,2,0,2,0,1
2026093003,pot_pressure,direct,32,0,0,0,0,0,0,0,0,0.019181584764737636,35,5,5,0,0,0,,0,5,3,0,3,0,2
2026093003,selective-stackoff,river_search,32,5,6,5,4,1,0,1000,46.38788599905092,46.41766929003643,51,0,0,35673,0,0,60,0,2,1,0,1,0,0
2026093003,selective-stackoff,direct,32,0,0,0,0,0,0,0,0,0.027232585824094713,51,0,0,0,0,0,,0,2,1,0,1,0,0
2026093003,tight_aggressive,river_search,32,1,1,1,1,0,0,250,11.75201133301016,11.767647961969487,28,0,0,6486,0,0,302,0,1,0,0,0,0,0
2026093003,tight_aggressive,direct,32,0,0,0,0,0,0,0,0,0.016661166038829833,29,0,0,0,0,0,,0,1,0,0,0,1,0
2026093003,tight_passive,river_search,32,2,2,2,2,0,0,500,22.274399999994785,22.293108916899655,31,0,0,14053,0,0,285,0,0,0,0,0,0,0
2026093003,tight_passive,direct,32,0,0,0,0,0,0,0,0,0.01782149513019249,31,0,0,0,0,0,,0,0,0,0,0,0,0
2026093003,train_pressure,river_search,32,9,10,10,8,2,1,2000,90.74706408387283,90.7832664589514,56,2,1,71346,2162,3243,155,0,4,0,0,0,0,0
2026093003,train_pressure,direct,32,0,0,0,0,0,0,0,0,0.03017158474540338,55,1,1,0,0,0,,0,4,1,0,1,0,1
2026093003,uniform,river_search,32,4,5,5,5,0,1,1250,45.71746075095143,45.75005220901221,67,0,0,36754,0,0,23,0,17,8,6,2,4,2
2026093003,uniform,direct,32,0,0,0,0,0,0,0,0,0.02893954102182761,66,0,0,0,0,0,,0,17,7,6,1,4,1
