seed,nodes,opponent,role,bb_per_hand,bb_per_100,ci95_lower,ci95_upper,blocks
2026093001,100000000,LBR-original-cap2,overall,-0.7554931640625,-75.54931640625,-96.30085452447867,-54.79777828802134,2048
2026093001,100000000,LBR-original-cap2,button,-1.192626953125,-119.2626953125,-158.21131174870018,-80.31407887629982,2048
2026093001,100000000,LBR-original-cap2,big_blind,-0.318359375,-31.8359375,-70.20835484824153,6.53647984824152,2048
2026093001,100000000,Pressure-native,overall,1.10357666015625,110.357666015625,91.66730182155088,129.0480302096991,4096
2026093001,100000000,Pressure-native,button,1.0802001953125,108.02001953125,74.12856559481727,141.91147346768273,4096
2026093001,100000000,Pressure-native,big_blind,1.126953125,112.6953125,77.68571119075202,147.70491380924798,4096
2026093001,100000000,selective_stackoff,overall,0.38677978515625,38.677978515625,33.75027869442821,43.60567833682179,4096
2026093001,100000000,selective_stackoff,button,0.3829345703125,38.29345703125,29.91648329233415,46.67043077016585,4096
2026093001,100000000,selective_stackoff,big_blind,0.390625,39.0625,33.20611428893838,44.91888571106162,4096
2026093001,100000000,pot_pressure,overall,0.21630859375,21.630859375,-8.046383377940678,51.30810212794068,512
2026093001,100000000,pot_pressure,button,0.53515625,53.515625,6.951409713300173,100.07984028669983,512
2026093001,100000000,pot_pressure,big_blind,-0.1025390625,-10.25390625,-50.10098581929208,29.593173319292077,512
2026093001,100000000,passive,overall,1.03125,103.125,67.24627429098682,139.00372570901317,512
2026093001,100000000,passive,button,1.251953125,125.1953125,42.298675715077096,208.09194928492292,512
2026093001,100000000,passive,big_blind,0.810546875,81.0546875,9.739458778807034,152.36991622119297,512
2026093001,100000000,loose_passive,overall,0.20361328125,20.361328125,-4.703528106854545,45.42618435685455,512
2026093001,100000000,loose_passive,button,0.392578125,39.2578125,-9.582150879985441,88.09777587998545,512
2026093001,100000000,loose_passive,big_blind,0.0146484375,1.46484375,-33.059745892252906,35.989433392252906,512
2026093001,100000000,loose_aggressive,overall,0.16650390625,16.650390625,-14.095357154773929,47.39613840477393,512
2026093001,100000000,loose_aggressive,button,-0.0048828125,-0.48828125,-65.15262995199588,64.17606745199588,512
2026093001,100000000,loose_aggressive,big_blind,0.337890625,33.7890625,-20.538971585795885,88.11709658579588,512
2026093001,100000000,tight_passive,overall,0.5302734375,53.02734375,44.27060048683274,61.78408701316726,512
2026093001,100000000,tight_passive,button,0.638671875,63.8671875,48.81570611068326,78.91866888931675,512
2026093001,100000000,tight_passive,big_blind,0.421875,42.1875,28.451933838935417,55.92306616106458,512
2026093001,100000000,tight_aggressive,overall,0.53857421875,53.857421875,36.46151091448996,71.25333283551004,512
2026093001,100000000,tight_aggressive,button,0.671875,67.1875,42.59864176046308,91.77635823953692,512
2026093001,100000000,tight_aggressive,big_blind,0.4052734375,40.52734375,15.870241794872044,65.18444570512796,512
2026093001,500000000,LBR-original-cap2,overall,-0.6402587890625,-64.02587890625,-85.94862694810983,-42.10313086439017,2048
2026093001,500000000,LBR-original-cap2,button,-0.939208984375,-93.9208984375,-134.02936211894587,-53.812434756054145,2048
2026093001,500000000,LBR-original-cap2,big_blind,-0.34130859375,-34.130859375,-73.87798572995037,5.6162669799503675,2048
2026093001,500000000,Pressure-native,overall,1.2105712890625,121.05712890625,102.90006492530415,139.21419288719585,4096
2026093001,500000000,Pressure-native,button,1.336181640625,133.6181640625,99.46910314138577,167.76722498361423,4096
2026093001,500000000,Pressure-native,big_blind,1.0849609375,108.49609375,74.36230766537983,142.62987983462017,4096
2026093001,500000000,selective_stackoff,overall,0.38580322265625,38.580322265625,33.366725152389364,43.793919378860636,4096
2026093001,500000000,selective_stackoff,button,0.4180908203125,41.80908203125,32.50906909076015,51.10909497173985,4096
2026093001,500000000,selective_stackoff,big_blind,0.353515625,35.3515625,29.47152950518668,41.23159549481332,4096
2026093001,500000000,pot_pressure,overall,0.31005859375,31.005859375,-0.07863023257639412,62.090348982576394,512
2026093001,500000000,pot_pressure,button,0.62890625,62.890625,17.277676261136214,108.50357373886379,512
2026093001,500000000,pot_pressure,big_blind,-0.0087890625,-0.87890625,-42.79962256426462,41.04181006426462,512
2026093001,500000000,passive,overall,1.392578125,139.2578125,100.63896345818162,177.87666154181838,512
2026093001,500000000,passive,button,1.32421875,132.421875,49.2434850892713,215.6002649107287,512
2026093001,500000000,passive,big_blind,1.4609375,146.09375,67.93438276092476,224.25311723907524,512
2026093001,500000000,loose_passive,overall,0.46923828125,46.923828125,22.297641325527504,71.55001492447249,512
2026093001,500000000,loose_passive,button,0.837890625,83.7890625,36.92376788052967,130.65435711947032,512
2026093001,500000000,loose_passive,big_blind,0.1005859375,10.05859375,-28.097123818411795,48.214311318411795,512
2026093001,500000000,loose_aggressive,overall,0.32470703125,32.470703125,-0.43729021564599435,65.37869646564599,512
2026093001,500000000,loose_aggressive,button,0.1982421875,19.82421875,-46.526216399670446,86.17465389967045,512
2026093001,500000000,loose_aggressive,big_blind,0.451171875,45.1171875,-10.87732797909576,101.11170297909575,512
2026093001,500000000,tight_passive,overall,0.552734375,55.2734375,45.07550730900829,65.47136769099171,512
2026093001,500000000,tight_passive,button,0.6796875,67.96875,51.073310479626514,84.86418952037349,512
2026093001,500000000,tight_passive,big_blind,0.42578125,42.578125,29.832486042164057,55.32376395783594,512
2026093001,500000000,tight_aggressive,overall,0.546875,54.6875,38.404412282170824,70.97058771782918,512
2026093001,500000000,tight_aggressive,button,0.6572265625,65.72265625,44.98326592837472,86.46204657162528,512
2026093001,500000000,tight_aggressive,big_blind,0.4365234375,43.65234375,18.466822837003058,68.83786466299694,512
2026093002,100000000,LBR-original-cap2,overall,-0.49658203125,-49.658203125,-71.05207249193296,-28.264333758067046,2048
2026093002,100000000,LBR-original-cap2,button,-0.84228515625,-84.228515625,-122.96915762364674,-45.487873626353256,2048
2026093002,100000000,LBR-original-cap2,big_blind,-0.15087890625,-15.087890625,-54.7883603774769,24.6125791274769,2048
2026093002,100000000,Pressure-native,overall,1.21435546875,121.435546875,102.9713200221172,139.8997737278828,4096
2026093002,100000000,Pressure-native,button,1.045654296875,104.5654296875,70.81039295804521,138.3204664169548,4096
2026093002,100000000,Pressure-native,big_blind,1.383056640625,138.3056640625,103.65199102159497,172.95933710340503,4096
2026093002,100000000,selective_stackoff,overall,0.28497314453125,28.497314453125,23.18311917929684,33.81150972695316,4096
2026093002,100000000,selective_stackoff,button,0.2381591796875,23.81591796875,14.369501106679204,33.2623348308208,4096
2026093002,100000000,selective_stackoff,big_blind,0.331787109375,33.1787109375,26.858403711276253,39.49901816372375,4096
2026093002,100000000,pot_pressure,overall,0.154296875,15.4296875,-16.777627168791945,47.637002168791945,512
2026093002,100000000,pot_pressure,button,0.2568359375,25.68359375,-25.054007877986628,76.42119537798663,512
2026093002,100000000,pot_pressure,big_blind,0.0517578125,5.17578125,-36.83223838226631,47.18380088226631,512
2026093002,100000000,passive,overall,1.302734375,130.2734375,95.20998025746316,165.33689474253686,512
2026093002,100000000,passive,button,1.3359375,133.59375,56.603937790749015,210.583562209251,512
2026093002,100000000,passive,big_blind,1.26953125,126.953125,59.295766305599116,194.6104836944009,512
2026093002,100000000,loose_passive,overall,0.52001953125,52.001953125,29.2712567455349,74.7326495044651,512
2026093002,100000000,loose_passive,button,0.818359375,81.8359375,42.0745823974206,121.5972926025794,512
2026093002,100000000,loose_passive,big_blind,0.2216796875,22.16796875,-17.02157201983114,61.35750951983114,512
2026093002,100000000,loose_aggressive,overall,0.36669921875,36.669921875,6.185052364704671,67.15479138529533,512
2026093002,100000000,loose_aggressive,button,0.2939453125,29.39453125,-38.27558912011118,97.06465162011118,512
2026093002,100000000,loose_aggressive,big_blind,0.439453125,43.9453125,-10.180830723947793,98.07145572394779,512
2026093002,100000000,tight_passive,overall,0.49658203125,49.658203125,38.7298151853315,60.5865910646685,512
2026093002,100000000,tight_passive,button,0.5322265625,53.22265625,37.04651855714235,69.39879394285765,512
2026093002,100000000,tight_passive,big_blind,0.4609375,46.09375,31.123030536391894,61.064469463608106,512
2026093002,100000000,tight_aggressive,overall,0.412109375,41.2109375,24.352314987092143,58.06956001290786,512
2026093002,100000000,tight_aggressive,button,0.3818359375,38.18359375,10.532876154067267,65.83431134593273,512
2026093002,100000000,tight_aggressive,big_blind,0.4423828125,44.23828125,24.766605570128736,63.70995692987127,512
2026093002,500000000,LBR-original-cap2,overall,-0.722900390625,-72.2900390625,-93.44355018612555,-51.13652793887446,2048
2026093002,500000000,LBR-original-cap2,button,-0.84912109375,-84.912109375,-123.36184479769219,-46.46237395230781,2048
2026093002,500000000,LBR-original-cap2,big_blind,-0.5966796875,-59.66796875,-95.90686841653483,-23.429069083465166,2048
2026093002,500000000,Pressure-native,overall,1.32342529296875,132.342529296875,114.33039012269707,150.35466847105295,4096
2026093002,500000000,Pressure-native,button,1.1319580078125,113.19580078125,78.94702026055505,147.44458130194494,4096
2026093002,500000000,Pressure-native,big_blind,1.514892578125,151.4892578125,118.581412525126,184.39710309987402,4096
2026093002,500000000,selective_stackoff,overall,0.4080810546875,40.80810546875,35.724870365491334,45.891340572008666,4096
2026093002,500000000,selective_stackoff,button,0.434326171875,43.4326171875,34.37090791481956,52.49432646018044,4096
2026093002,500000000,selective_stackoff,big_blind,0.3818359375,38.18359375,32.762927611034534,43.604259888965466,4096
2026093002,500000000,pot_pressure,overall,0.3369140625,33.69140625,2.4281729338813953,64.9546395661186,512
2026093002,500000000,pot_pressure,button,0.7119140625,71.19140625,25.497244184558845,116.88556831544116,512
2026093002,500000000,pot_pressure,big_blind,-0.0380859375,-3.80859375,-45.94745144506447,38.33026394506447,512
2026093002,500000000,passive,overall,1.20263671875,120.263671875,83.60139382070912,156.92594992929088,512
2026093002,500000000,passive,button,1.0341796875,103.41796875,18.337011674932214,188.49892582506777,512
2026093002,500000000,passive,big_blind,1.37109375,137.109375,70.71908173393172,203.49966826606828,512
2026093002,500000000,loose_passive,overall,0.2275390625,22.75390625,-2.8853074922240367,48.39311999222404,512
2026093002,500000000,loose_passive,button,0.7255859375,72.55859375,25.030407702075806,120.0867797979242,512
2026093002,500000000,loose_passive,big_blind,-0.2705078125,-27.05078125,-69.58301708564267,15.481454585642673,512
2026093002,500000000,loose_aggressive,overall,0.21337890625,21.337890625,-4.709148317191474,47.38492956719148,512
2026093002,500000000,loose_aggressive,button,0.1201171875,12.01171875,-45.79645779769713,69.81989529769713,512
2026093002,500000000,loose_aggressive,big_blind,0.306640625,30.6640625,-20.555916369375907,81.88404136937591,512
2026093002,500000000,tight_passive,overall,0.5859375,58.59375,49.81544396130749,67.3720560386925,512
2026093002,500000000,tight_passive,button,0.669921875,66.9921875,50.48653619779911,83.49783880220089,512
2026093002,500000000,tight_passive,big_blind,0.501953125,50.1953125,42.342600994239646,58.048024005760354,512
2026093002,500000000,tight_aggressive,overall,0.60205078125,60.205078125,44.17201654867804,76.23813970132196,512
2026093002,500000000,tight_aggressive,button,0.708984375,70.8984375,44.92012631251708,96.87674868748292,512
2026093002,500000000,tight_aggressive,big_blind,0.4951171875,49.51171875,30.408376855321585,68.61506064467841,512
2026093003,100000000,LBR-original-cap2,overall,-0.6971435546875,-69.71435546875,-90.96578295177653,-48.46292798572347,2048
2026093003,100000000,LBR-original-cap2,button,-0.943115234375,-94.3115234375,-133.01675421777796,-55.60629265722204,2048
2026093003,100000000,LBR-original-cap2,big_blind,-0.451171875,-45.1171875,-85.84433715885342,-4.390037841146587,2048
2026093003,100000000,Pressure-native,overall,1.1033935546875,110.33935546875,91.5665139709491,129.1121969665509,4096
2026093003,100000000,Pressure-native,button,0.939208984375,93.9208984375,57.60958399339049,130.2322128816095,4096
2026093003,100000000,Pressure-native,big_blind,1.267578125,126.7578125,91.96459957625503,161.551025423745,4096
2026093003,100000000,selective_stackoff,overall,0.38214111328125,38.214111328125,33.17950987512456,43.24871278112544,4096
2026093003,100000000,selective_stackoff,button,0.3997802734375,39.97802734375,31.33798592396969,48.61806876353031,4096
2026093003,100000000,selective_stackoff,big_blind,0.364501953125,36.4501953125,29.99736002998117,42.903030595018826,4096
2026093003,100000000,pot_pressure,overall,0.11474609375,11.474609375,-20.453542190420873,43.402760940420876,512
2026093003,100000000,pot_pressure,button,0.3046875,30.46875,-15.049459919546784,75.98695991954679,512
2026093003,100000000,pot_pressure,big_blind,-0.0751953125,-7.51953125,-50.44032502026096,35.40126252026096,512
2026093003,100000000,passive,overall,0.9072265625,90.72265625,54.20895071474159,127.23636178525841,512
2026093003,100000000,passive,button,1.037109375,103.7109375,19.108467319680557,188.31340768031944,512
2026093003,100000000,passive,big_blind,0.77734375,77.734375,14.041926602189193,141.4268233978108,512
2026093003,100000000,loose_passive,overall,0.1708984375,17.08984375,-7.91928799468862,42.09897549468862,512
2026093003,100000000,loose_passive,button,0.4013671875,40.13671875,-6.7281416550995345,87.00157915509953,512
2026093003,100000000,loose_passive,big_blind,-0.0595703125,-5.95703125,-42.91342073480847,30.99935823480847,512
2026093003,100000000,loose_aggressive,overall,0.20849609375,20.849609375,-10.987409460550655,52.68662821055065,512
2026093003,100000000,loose_aggressive,button,-0.0341796875,-3.41796875,-71.49794220720759,64.66200470720759,512
2026093003,100000000,loose_aggressive,big_blind,0.451171875,45.1171875,-9.541443243853543,99.77581824385354,512
2026093003,100000000,tight_passive,overall,0.5537109375,55.37109375,47.3324839390372,63.4097035609628,512
2026093003,100000000,tight_passive,button,0.607421875,60.7421875,47.68262355778599,73.80175144221401,512
2026093003,100000000,tight_passive,big_blind,0.5,50,39.39745798864884,60.60254201135116,512
2026093003,100000000,tight_aggressive,overall,0.57177734375,57.177734375,40.217669311885444,74.13779943811456,512
2026093003,100000000,tight_aggressive,button,0.650390625,65.0390625,39.6981146477892,90.3800103522108,512
2026093003,100000000,tight_aggressive,big_blind,0.4931640625,49.31640625,26.310351194615826,72.32246130538417,512
2026093003,500000000,LBR-original-cap2,overall,-0.811279296875,-81.1279296875,-102.39324095697508,-59.86261841802492,2048
2026093003,500000000,LBR-original-cap2,button,-1.06298828125,-106.298828125,-144.18697511390462,-68.41068113609538,2048
2026093003,500000000,LBR-original-cap2,big_blind,-0.5595703125,-55.95703125,-95.84082896115129,-16.073233538848704,2048
2026093003,500000000,Pressure-native,overall,1.05194091796875,105.194091796875,86.77975699455321,123.60842659919679,4096
2026093003,500000000,Pressure-native,button,0.8831787109375,88.31787109375,53.07226483209962,123.56347735540038,4096
2026093003,500000000,Pressure-native,big_blind,1.220703125,122.0703125,88.40383381963102,155.73679118036898,4096
2026093003,500000000,selective_stackoff,overall,0.4273681640625,42.73681640625,37.86701523769836,47.60661757480164,4096
2026093003,500000000,selective_stackoff,button,0.488037109375,48.8037109375,40.02092094636094,57.58650092863906,4096
2026093003,500000000,selective_stackoff,big_blind,0.36669921875,36.669921875,31.243676330844636,42.096167419155364,4096
2026093003,500000000,pot_pressure,overall,0.3056640625,30.56640625,-1.0003792664832503,62.13319176648325,512
2026093003,500000000,pot_pressure,button,0.7333984375,73.33984375,30.6085041242658,116.0711833757342,512
2026093003,500000000,pot_pressure,big_blind,-0.1220703125,-12.20703125,-56.89799552979449,32.48393302979449,512
2026093003,500000000,passive,overall,1.205078125,120.5078125,84.6065474385698,156.4090775614302,512
2026093003,500000000,passive,button,0.921875,92.1875,9.727686463311116,174.6473135366889,512
2026093003,500000000,passive,big_blind,1.48828125,148.828125,77.31117301988958,220.34507698011043,512
2026093003,500000000,loose_passive,overall,0.30859375,30.859375,4.853455491756815,56.86529450824318,512
2026093003,500000000,loose_passive,button,0.6572265625,65.72265625,14.9601757293281,116.4851367706719,512
2026093003,500000000,loose_passive,big_blind,-0.0400390625,-4.00390625,-42.60620609513479,34.59839359513479,512
2026093003,500000000,loose_aggressive,overall,0.435546875,43.5546875,12.38422006100543,74.72515493899456,512
2026093003,500000000,loose_aggressive,button,0.34765625,34.765625,-31.40501299513666,100.93626299513666,512
2026093003,500000000,loose_aggressive,big_blind,0.5234375,52.34375,-3.3270076357020457,108.01450763570205,512
2026093003,500000000,tight_passive,overall,0.5751953125,57.51953125,48.6263439882464,66.41271851175361,512
2026093003,500000000,tight_passive,button,0.69921875,69.921875,58.693052737427095,81.1506972625729,512
2026093003,500000000,tight_passive,big_blind,0.451171875,45.1171875,29.625567528110363,60.608807471889634,512
2026093003,500000000,tight_aggressive,overall,0.453125,45.3125,28.427295963976963,62.19770403602304,512
2026093003,500000000,tight_aggressive,button,0.6474609375,64.74609375,38.8560156917508,90.6361718082492,512
2026093003,500000000,tight_aggressive,big_blind,0.2587890625,25.87890625,4.016277973339513,47.74153452666049,512
