opponent,arm,logical_player,street,decisions,positive_mass_known_key_count,zero_mass_count,missing_key_count,positive_mass_known_key_rate,zero_mass_rate,missing_key_rate,fold_count,check_count,call_count,raise_count,fold_rate,check_rate,call_rate,raise_rate,latency_mean_ms,latency_p50_ms,latency_p95_ms,latency_max_ms
random,baseline,0,flop,1290,1039,3,248,0.8054263565891473,0.002325581395348837,0.19224806201550387,199,242,189,660,0.15426356589147286,0.1875968992248062,0.14651162790697675,0.5116279069767442,0.007207007300787309,0.007375027053058147,0.00845900212880224,0.010917021427303553
random,baseline,0,preflop,4223,3452,32,739,0.8174283684584419,0.007577551503670376,0.17499408003788774,1045,222,1079,1877,0.24745441629173573,0.052569263556713236,0.2555055647643855,0.4444707553871655,0.011246810527617631,0.008041039109230042,0.00904203625395894,13.904540974181145
random,baseline,0,river,165,123,5,37,0.7454545454545455,0.030303030303030304,0.22424242424242424,18,31,21,95,0.10909090909090909,0.18787878787878787,0.12727272727272726,0.5757575757575758,0.007647664681302778,0.0077500008046627045,0.009157811291515827,0.011749973054975271
random,baseline,0,turn,451,359,14,78,0.7960088691796009,0.031042128603104215,0.1729490022172949,59,97,56,239,0.13082039911308205,0.21507760532150777,0.12416851441241686,0.5299334811529933,0.007475014779088965,0.0075830030255019665,0.008833507308736444,0.01129199517890811
random,baseline,1,flop,1481,,,,,,,510,264,209,498,0.34436191762322754,0.17825793382849425,0.1411208642808913,0.3362592842673869,0.0037278149624095426,0.0037499703466892242,0.004249974153935909,0.0077909789979457855
random,baseline,1,preflop,4427,,,,,,,1461,186,1279,1501,0.3300203297944432,0.04201490851592501,0.2889089676982155,0.33905579399141633,0.0041983191346569165,0.004165980499237776,0.00462500611320138,0.031292031053453684
random,baseline,1,river,174,,,,,,,60,25,35,54,0.3448275862068966,0.14367816091954022,0.20114942528735633,0.3103448275862069,0.003914304958099778,0.003999972250312567,0.00434772518929094,0.004583969712257385
random,baseline,1,turn,489,,,,,,,154,94,79,162,0.3149284253578732,0.19222903885480572,0.16155419222903886,0.3312883435582822,0.0038979735019748197,0.003957946319133043,0.004333013202995062,0.008750008419156075
random,candidate,0,flop,1274,1009,,265,0.7919937205651492,0.0,0.20800627943485087,196,275,195,608,0.15384615384615385,0.21585557299843014,0.15306122448979592,0.4772370486656201,0.031047014402974176,0.031041476177051663,0.03674998879432678,0.043583044316619635
random,candidate,0,preflop,4214,3479,3,732,0.8255813953488372,0.0007119126720455624,0.17370669197911723,1122,262,1057,1773,0.26625533934504036,0.062173706691979115,0.25083056478405313,0.42074038917892737,0.01930801627910411,0.018874998204410076,0.023458036594092846,0.16316701658070087
random,candidate,0,river,176,145,,31,0.8238636363636364,0.0,0.17613636363636365,27,39,18,92,0.1534090909090909,0.2215909090909091,0.10227272727272728,0.5227272727272727,0.06590006358402951,0.07852050475776196,0.08640624582767487,0.09008398046717048
random,candidate,0,turn,469,382,1,86,0.814498933901919,0.0021321961620469083,0.18336886993603413,62,130,56,221,0.13219616204690832,0.2771855010660981,0.11940298507462686,0.47121535181236673,0.043386757534656574,0.045707973185926676,0.05104981828480959,0.05712499842047691
random,candidate,1,flop,1416,,,,,,,447,262,223,484,0.3156779661016949,0.1850282485875706,0.1574858757062147,0.3418079096045198,0.0037175271394373167,0.0037499703466892242,0.004250032361596823,0.0077909789979457855
random,candidate,1,preflop,4316,,,,,,,1395,165,1274,1482,0.3232159406858202,0.03822984244670992,0.29518072289156627,0.3433734939759036,0.004239703145135364,0.004166038706898689,0.00462500611320138,0.1435840385966003
random,candidate,1,river,168,,,,,,,58,26,28,56,0.34523809523809523,0.15476190476190477,0.16666666666666666,0.3333333333333333,0.003904280588141687,0.003979512257501483,0.004333967808634043,0.006457965355366468
random,candidate,1,turn,491,,,,,,,170,93,76,152,0.34623217922606925,0.1894093686354379,0.15478615071283094,0.3095723014256619,0.003876751137028643,0.003958004526793957,0.004291010554879904,0.005165988113731146
check_call,baseline,0,flop,3621,3612,3,6,0.9975144987572494,0.0008285004142502071,0.0016570008285004142,0,1199,0,2422,0,0.3311239988953328,0,0.6688760011046673,0.007480306627248918,0.007541966624557972,0.008124974556267262,0.01487502595409751
check_call,baseline,0,preflop,4096,4096,,,1.0,0.0,0.0,475,673,557,2391,0.115966796875,0.164306640625,0.135986328125,0.583740234375,0.008430034100115336,0.008333998266607523,0.00925001222640276,0.031333009246736765
check_call,baseline,0,river,3621,3539,11,71,0.9773543220104943,0.0030378348522507597,0.0196078431372549,0,1183,0,2438,0,0.32670533001933166,0,0.6732946699806683,0.007987045129985892,0.008000002708286047,0.008666014764457941,0.013542012311518192
check_call,baseline,0,turn,3621,3555,20,46,0.9817729908864954,0.005523336095001381,0.012703673018503175,0,1268,0,2353,0,0.35017950842308754,0,0.6498204915769125,0.007784462247627179,0.007833004929125309,0.008417002391070127,0.016166013665497303
check_call,baseline,1,flop,4658,,,,,,,0,2236,2422,0,0,0.48003434950622587,0.5199656504937742,0,0.0006534790145549179,0.0006660120561718941,0.0007500057108700275,0.004125002305954695
check_call,baseline,1,preflop,4996,,,,,,,0,557,4439,0,0,0.11148919135308247,0.8885108086469176,0,0.0007060248830882882,0.0007079797796905041,0.0008330098353326321,0.00504200579598546
check_call,baseline,1,river,4691,,,,,,,0,2253,2438,0,0,0.48028138989554464,0.5197186101044553,0,0.0006769033038896986,0.000667001586407423,0.0007909839041531086,0.0067909713834524155
check_call,baseline,1,turn,4673,,,,,,,0,2320,2353,0,0,0.496469077680291,0.503530922319709,0,0.0006730194837723877,0.000667001586407423,0.0007500057108700275,0.013541022781282663
check_call,candidate,0,flop,3538,3532,1,5,0.998304126625212,0.0002826455624646693,0.0014132278123233466,0,1308,0,2230,0,0.36970039570378743,0,0.6302996042962126,0.03140275740725925,0.03158301115036011,0.03425002796575427,0.05929201142862439
check_call,candidate,0,preflop,4096,4096,,,1.0,0.0,0.0,558,811,517,2210,0.13623046875,0.197998046875,0.126220703125,0.53955078125,0.01930295579199992,0.01941696973517537,0.020749997929669917,0.079624995123595
check_call,candidate,0,river,3538,3491,8,39,0.9867156585641605,0.0022611644997173543,0.011023176936122103,0,1303,0,2235,0,0.3682871678914641,0,0.6317128321085359,0.05602185721214336,0.07297898991964757,0.08425000123679638,0.11158298002555966
check_call,candidate,0,turn,3538,3491,11,36,0.9867156585641605,0.0031091011871113624,0.010175240248728096,0,1398,0,2140,0,0.3951384963256077,0,0.6048615036743923,0.04612276565000297,0.04616699879989028,0.049915979616343975,0.08583301678299904
check_call,candidate,1,flop,4416,,,,,,,0,2186,2230,0,0,0.495018115942029,0.5049818840579711,0,0.00065219871654678,0.0006660120561718941,0.0007500057108700275,0.005416979547590017
check_call,candidate,1,preflop,4775,,,,,,,0,517,4258,0,0,0.10827225130890053,0.8917277486910995,0,0.0007082566409249892,0.0007079797796905041,0.0008330098353326321,0.0030410010367631912
check_call,candidate,1,river,4433,,,,,,,0,2198,2235,0,0,0.49582675389127,0.5041732461087299,0,0.0006712062725326277,0.000667001586407423,0.0007500057108700275,0.0011249794624745846
check_call,candidate,1,turn,4428,,,,,,,0,2288,2140,0,0,0.5167118337850045,0.4832881662149955,0,0.0006697655038347816,0.000667001586407423,0.0007500057108700275,0.0012500095181167126
tight_aggressive,baseline,0,flop,758,744,11,3,0.9815303430079155,0.014511873350923483,0.00395778364116095,31,209,31,487,0.040897097625329816,0.2757255936675462,0.040897097625329816,0.6424802110817942,0.007773596408843286,0.0077919685281813145,0.00866616319399327,0.01029198756441474
tight_aggressive,baseline,0,preflop,2429,2406,20,3,0.9905310827501029,0.008233841086867023,0.0012350761630300535,603,44,603,1179,0.24825030876904075,0.018114450391107453,0.24825030876904075,0.485384932070811,0.00876092370952253,0.00870897201821208,0.00925001222640276,0.1521249650977552
tight_aggressive,baseline,0,river,106,92,6,8,0.8679245283018868,0.05660377358490566,0.07547169811320754,8,21,12,65,0.07547169811320754,0.19811320754716982,0.11320754716981132,0.6132075471698113,0.008360402030378298,0.008291972335428,0.009603987564332783,0.010000017937272787
tight_aggressive,baseline,0,turn,286,259,17,10,0.9055944055944056,0.05944055944055944,0.03496503496503497,21,67,20,178,0.07342657342657342,0.23426573426573427,0.06993006993006994,0.6223776223776224,0.00813237323842526,0.008104514563456178,0.00937502773012966,0.01033296575769782
tight_aggressive,baseline,1,flop,1094,,,,,,,422,549,17,106,0.3857404021937843,0.5018281535648994,0.015539305301645339,0.09689213893967093,0.004730965604603808,0.00300002284348011,0.008417002391070127,0.015083001926541328
tight_aggressive,baseline,1,preflop,3759,,,,,,,2766,488,233,272,0.7358339984038308,0.1298217611066773,0.06198457036445863,0.07235967012503325,0.002970659672266532,0.0029999646358191967,0.003374996595084667,0.007416994776576757
tight_aggressive,baseline,1,river,134,,,,,,,33,53,11,37,0.2462686567164179,0.39552238805970147,0.08208955223880597,0.27611940298507465,0.03073566268309395,0.05047899321652949,0.05740405176766217,0.0604590168222785
tight_aggressive,baseline,1,turn,375,,,,,,,109,158,22,86,0.2906666666666667,0.42133333333333334,0.058666666666666666,0.22933333333333333,0.011554627524067959,0.017666025087237358,0.020721316104754806,0.023667002096772194
tight_aggressive,candidate,0,flop,667,661,,6,0.9910044977511244,0.0,0.008995502248875561,35,248,22,362,0.05247376311844078,0.37181409295352325,0.03298350824587706,0.5427286356821589,0.03190036848078536,0.0320419785566628,0.035403692163527005,0.051541952416300774
tight_aggressive,candidate,0,preflop,2420,2418,1,1,0.9991735537190083,0.00041322314049586776,0.00041322314049586776,664,45,525,1186,0.2743801652892562,0.01859504132231405,0.21694214876033058,0.4900826446280992,0.03220753968897283,0.0191659783013165,0.02320797648280859,29.915207996964455
tight_aggressive,candidate,0,river,136,134,2,,0.9852941176470589,0.014705882352941176,0.0,9,42,14,71,0.0661764705882353,0.3088235294117647,0.10294117647058823,0.5220588235294118,0.07319449394023704,0.07872949936427176,0.08407275890931487,0.08679198799654841
tight_aggressive,candidate,0,turn,312,298,3,11,0.9551282051282052,0.009615384615384616,0.035256410256410256,17,100,25,170,0.05448717948717949,0.32051282051282054,0.08012820512820513,0.5448717948717948,0.04304179179971704,0.044708518544211984,0.04982050450053066,0.05466700531542301
tight_aggressive,candidate,1,flop,916,,,,,,,313,494,19,90,0.34170305676855894,0.5393013100436681,0.02074235807860262,0.0982532751091703,0.0060380789284557755,0.007375027053058147,0.008665956556797028,0.015583995264023542
tight_aggressive,candidate,1,preflop,3709,,,,,,,2761,437,245,266,0.7444055001348072,0.1178215152332165,0.06605554057697492,0.07171744405500134,0.002987322964509419,0.0029999646358191967,0.003334018401801586,0.01029099803417921
tight_aggressive,candidate,1,river,180,,,,,,,43,81,15,41,0.2388888888888889,0.45,0.08333333333333333,0.22777777777777777,0.03791460217649324,0.05547949695028365,0.05847676075063645,0.06204203236848116
tight_aggressive,candidate,1,turn,413,,,,,,,113,193,21,86,0.2736077481840194,0.46731234866828086,0.05084745762711865,0.20823244552058112,0.013368808862823118,0.018833030480891466,0.020749983377754688,0.02333405427634716
loose_aggressive,baseline,0,flop,1702,1661,27,14,0.9759106933019976,0.015863689776733254,0.008225616921269096,113,448,118,1023,0.06639247943595769,0.26321974148061106,0.06933019976498238,0.6010575793184488,0.007825938614849199,0.0077500008046627045,0.008916956721805036,0.023958971723914146
loose_aggressive,baseline,0,preflop,3663,3566,82,15,0.9735189735189735,0.022386022386022386,0.004095004095004095,794,216,772,1881,0.21676221676221677,0.05896805896805897,0.21075621075621076,0.5135135135135135,0.00858656413585696,0.008624978363513947,0.00925001222640276,0.03962503978982568
loose_aggressive,baseline,0,river,711,616,43,52,0.8663853727144867,0.06047819971870605,0.07313642756680731,89,134,85,403,0.12517580872011252,0.18846694796061886,0.11954992967651196,0.5668073136427567,0.00832497214953482,0.00829098280519247,0.009750016033649445,0.010457995813339949
loose_aggressive,baseline,0,turn,1052,935,56,61,0.8887832699619772,0.053231939163498096,0.05798479087452472,99,221,109,623,0.094106463878327,0.21007604562737642,0.10361216730038023,0.5922053231939164,0.008157604929952114,0.008083006832748652,0.009560422040522097,0.013749988283962011
loose_aggressive,baseline,1,flop,2007,,,,,,,446,752,388,421,0.2222222222222222,0.3746885899352267,0.1933233682112606,0.20976581963129048,0.00412675329216296,0.0029999646358191967,0.008707982487976551,0.018667022231966257
loose_aggressive,baseline,1,preflop,4420,,,,,,,1771,361,1292,996,0.40067873303167423,0.08167420814479638,0.2923076923076923,0.2253393665158371,0.0031121187749617984,0.0030420487746596336,0.003957949229516089,0.0062909675762057304
loose_aggressive,baseline,1,river,766,,,,,,,24,196,258,288,0.031331592689295036,0.2558746736292428,0.3368146214099217,0.37597911227154046,0.021072790450987942,0.0039165024645626545,0.05823952960781753,0.07812504190951586
loose_aggressive,baseline,1,turn,1199,,,,,,,112,371,360,356,0.09341117597998332,0.3094245204336947,0.3002502085070892,0.2969140950792327,0.009124681617275464,0.0033750548027455807,0.021292013116180897,0.03825000021606684
loose_aggressive,candidate,0,flop,1687,1667,9,11,0.98814463544754,0.005334914048606995,0.006520450503852994,146,476,92,973,0.08654416123295791,0.2821576763485477,0.054534676941315946,0.5767634854771784,0.03129915974948116,0.031540985219180584,0.03672479069791733,0.06579200271517038
loose_aggressive,candidate,0,preflop,3670,3654,13,3,0.9956403269754769,0.003542234332425068,0.0008174386920980927,758,252,824,1836,0.20653950953678474,0.06866485013623978,0.2245231607629428,0.5002724795640326,0.020119803037738037,0.01975003397092223,0.023124972358345985,0.18137501319870353
loose_aggressive,candidate,0,river,764,715,20,29,0.9358638743455497,0.02617801047120419,0.03795811518324607,93,175,79,417,0.12172774869109948,0.22905759162303665,0.10340314136125654,0.5458115183246073,0.062325871208224304,0.07827047375030816,0.08553484221920371,0.09599997429177165
loose_aggressive,candidate,0,turn,1001,955,13,33,0.954045954045954,0.012987012987012988,0.03296703296703297,106,258,78,559,0.10589410589410589,0.25774225774225773,0.07792207792207792,0.5584415584415584,0.04171298993109436,0.045042019337415695,0.051042006816715,0.06170797860249877
loose_aggressive,candidate,1,flop,1962,,,,,,,429,746,382,405,0.21865443425076453,0.38022426095820594,0.1946992864424057,0.20642201834862386,0.0059906231364278955,0.007291033398360014,0.009583958308212459,0.028292008209973574
loose_aggressive,candidate,1,preflop,4433,,,,,,,1738,384,1317,994,0.3920595533498759,0.08662305436498985,0.29709000676742614,0.2242273855177081,0.0031259772362523227,0.0030830269679427147,0.003958004526793957,0.00691594323143363
loose_aggressive,candidate,1,river,819,,,,,,,31,238,234,316,0.03785103785103785,0.2905982905982906,0.2857142857142857,0.38583638583638585,0.03403848696952647,0.053333002142608166,0.058999983593821526,0.08541601710021496
loose_aggressive,candidate,1,turn,1135,,,,,,,81,394,342,318,0.07136563876651983,0.347136563876652,0.3013215859030837,0.2801762114537445,0.013217204383734433,0.018874998204410076,0.02184560289606452,0.0387909822165966
pot_pressure,baseline,0,flop,863,603,1,259,0.6987253765932793,0.0011587485515643105,0.30011587485515645,58,221,59,525,0.06720741599073002,0.25608342989571264,0.06836616454229433,0.608342989571263,0.007893340710684364,0.007833004929125309,0.009000010322779417,0.01329201040789485
pot_pressure,baseline,0,preflop,2849,2550,7,292,0.8950508950508951,0.002457002457002457,0.10249210249210249,654,71,662,1462,0.22955422955422955,0.02492102492102492,0.23236223236223236,0.5131625131625132,0.008733960573171504,0.008708040695637465,0.009291607420891523,0.13766699703410268
pot_pressure,baseline,0,river,130,57,,73,0.43846153846153846,0.0,0.5615384615384615,21,22,16,71,0.16153846153846155,0.16923076923076924,0.12307692307692308,0.5461538461538461,0.008364367889813505,0.008333008736371994,0.009879216668196023,0.012042000889778137
pot_pressure,baseline,0,turn,352,179,2,171,0.5085227272727273,0.005681818181818182,0.48579545454545453,44,70,31,207,0.125,0.19886363636363635,0.08806818181818182,0.5880681818181818,0.008189435075936755,0.008166010957211256,0.009417010005563498,0.010374991688877344
pot_pressure,baseline,1,flop,1142,,,,,,,394,465,60,223,0.3450087565674256,0.4071803852889667,0.05253940455341506,0.19527145359019266,0.004660495303672348,0.0030410010367631912,0.008747959509491924,0.02441596006974578
pot_pressure,baseline,1,preflop,4025,,,,,,,2602,398,431,594,0.6464596273291926,0.09888198757763975,0.10708074534161491,0.1475776397515528,0.0030488319700780492,0.0030410010367631912,0.0037499703466892242,0.006999995093792677
pot_pressure,baseline,1,river,148,,,,,,,36,45,12,55,0.24324324324324326,0.30405405405405406,0.08108108108108109,0.3716216216216216,0.033494595963684086,0.05204151966609061,0.0576250022277236,0.06287504220381379
pot_pressure,baseline,1,turn,432,,,,,,,123,147,31,131,0.2847222222222222,0.3402777777777778,0.07175925925925926,0.30324074074074076,0.011838013624246404,0.018145976355299354,0.021208019461482763,0.02624996704980731
pot_pressure,candidate,0,flop,851,602,1,248,0.7074030552291422,0.0011750881316098707,0.29142185663924797,60,234,68,489,0.07050528789659224,0.27497062279670975,0.0799059929494712,0.5746180963572268,0.03141041018274535,0.03183301305398345,0.03518746234476566,0.04416704177856445
pot_pressure,candidate,0,preflop,2805,2540,3,262,0.9055258467023173,0.0010695187165775401,0.09340463458110516,736,76,656,1337,0.2623885918003565,0.027094474153297684,0.2338680926916221,0.4766488413547237,0.020174953340321992,0.01954101026058197,0.022042018827050924,0.20062498515471816
pot_pressure,candidate,0,river,202,63,,139,0.3118811881188119,0.0,0.6881188118811881,24,47,46,85,0.1188118811881188,0.23267326732673269,0.22772277227722773,0.4207920792079208,0.06794714481837236,0.0790210033301264,0.0830285222036764,0.08800002979114652
pot_pressure,candidate,0,turn,368,197,1,170,0.5353260869565217,0.002717391304347826,0.46195652173913043,37,108,42,181,0.10054347826086957,0.29347826086956524,0.11413043478260869,0.49184782608695654,0.04298000219379269,0.04549999721348286,0.048874993808567524,0.058083038311451674
pot_pressure,candidate,1,flop,1071,,,,,,,363,436,56,216,0.3389355742296919,0.40709617180205415,0.05228758169934641,0.20168067226890757,0.006083641181692106,0.007499998901039362,0.008958537364378572,0.013042008504271507
pot_pressure,candidate,1,preflop,3877,,,,,,,2541,365,419,552,0.6554036626257416,0.0941449574413206,0.10807325251483106,0.1423781274181068,0.0030663865732510954,0.0030410010367631912,0.0037919962778687477,0.010124989785254002
pot_pressure,candidate,1,river,219,,,,,,,32,64,20,103,0.1461187214611872,0.2922374429223744,0.091324200913242,0.4703196347031963,0.039796968741282884,0.05441601388156414,0.05813750904053449,0.06266601849347353
pot_pressure,candidate,1,turn,443,,,,,,,103,178,37,125,0.2325056433408578,0.4018058690744921,0.0835214446952596,0.28216704288939054,0.014322128858518184,0.019499973859637976,0.021125009516254067,0.0415419926866889
