benchmarkId,handId,handOrdinal,decisionOrdinal,street,legalButtonLabels,attemptedButtonLabel,acceptedKind,acceptedRaiseTo,attemptedAtMs,observedAtMs,uiConfirmationMs,visibleError,toolRetry,parentIntervention
UBURl8UOHdLMwlx5FtHKuAUG,7g83ho4Z3VIIiw_oFs08Brtw,1,1,preflop,"[""Fold"", ""Call 0.50 BB"", ""Min · 2 BB"", ""Pot · 3 BB""]",Call 0.50 BB,call,,1790769528625,1790769528870,245,,,False
UBURl8UOHdLMwlx5FtHKuAUG,7g83ho4Z3VIIiw_oFs08Brtw,1,2,flop,"[""check"", ""Min · 1 BB"", ""Pot · 2 BB""]",Pot · 2 BB,raise,200,1790769534635,1790769535032,397,,,False
UBURl8UOHdLMwlx5FtHKuAUG,7g83ho4Z3VIIiw_oFs08Brtw,1,3,turn,"[""Fold"", ""Call 1 BB"", ""Min · 2 BB"", ""Pot · 9 BB"", ""Jam · 17 BB""]",Call 1 BB,call,,1790769540629,1790769540926,297,,,False
UBURl8UOHdLMwlx5FtHKuAUG,7g83ho4Z3VIIiw_oFs08Brtw,1,4,river,"[""Fold"", ""Call 1 BB"", ""Min · 2 BB"", ""Pot · 11 BB"", ""Jam · 16 BB""]",Call 1 BB,call,,1790769550056,1790769550298,242,,,False
UBURl8UOHdLMwlx5FtHKuAUG,BzlW9Pn8KlAwR-DzRWGc0Kda,2,1,preflop,"[""Fold"", ""Call 2 BB"", ""Min · 5 BB"", ""Pot · 9 BB""]",Fold,fold,,1790769562347,1790769562608,261,,,False
UBURl8UOHdLMwlx5FtHKuAUG,bduplWmL2OyRdt4edtFcua2-,3,1,preflop,"[""Fold"", ""Call 0.50 BB"", ""Min · 2 BB"", ""Pot · 3 BB""]",Call 0.50 BB,call,,1790769572645,1790769572952,307,,,False
UBURl8UOHdLMwlx5FtHKuAUG,bduplWmL2OyRdt4edtFcua2-,3,2,flop,"[""check"", ""Min · 1 BB"", ""Pot · 2 BB""]",check,check,,1790769578556,1790769578809,253,,,False
UBURl8UOHdLMwlx5FtHKuAUG,bduplWmL2OyRdt4edtFcua2-,3,3,turn,"[""check"", ""Min · 1 BB"", ""Pot · 2 BB""]",check,check,,1790769585468,1790769585789,321,,,False
UBURl8UOHdLMwlx5FtHKuAUG,bduplWmL2OyRdt4edtFcua2-,3,4,river,"[""check"", ""Min · 1 BB"", ""Pot · 2 BB""]",check,check,,1790769593286,1790769593545,259,,,False
UBURl8UOHdLMwlx5FtHKuAUG,X981T41A9I5a5TK6xU_oFvTF,4,1,preflop,"[""check"", ""Min · 2 BB"", ""Pot · 3 BB""]",Pot · 3 BB,raise,300,1790769605388,1790769605617,229,,,False
UBURl8UOHdLMwlx5FtHKuAUG,X981T41A9I5a5TK6xU_oFvTF,4,2,flop,"[""check"", ""Min · 1 BB"", ""Pot · 6 BB""]",check,check,,1790769610655,1790769610997,342,,,False
UBURl8UOHdLMwlx5FtHKuAUG,X981T41A9I5a5TK6xU_oFvTF,4,3,flop,"[""Fold"", ""Call 1 BB"", ""Min · 2 BB"", ""Pot · 9 BB"", ""Jam · 17 BB""]",Call 1 BB,call,,1790769617233,1790769617576,343,,,False
UBURl8UOHdLMwlx5FtHKuAUG,X981T41A9I5a5TK6xU_oFvTF,4,4,turn,"[""check"", ""Min · 1 BB"", ""Pot · 8 BB"", ""Jam · 16 BB""]",check,check,,1790769626095,1790769626300,205,,,False
UBURl8UOHdLMwlx5FtHKuAUG,X981T41A9I5a5TK6xU_oFvTF,4,5,river,"[""check"", ""Min · 1 BB"", ""Pot · 8 BB"", ""Jam · 16 BB""]",check,check,,1790769633658,1790769633894,236,,,False
UBURl8UOHdLMwlx5FtHKuAUG,cLmlj2dJm8nDUH7zCw_oC3HS,5,1,preflop,"[""Fold"", ""Call 0.50 BB"", ""Min · 2 BB"", ""Pot · 3 BB""]",Pot · 3 BB,raise,300,1790769645505,1790769645823,318,,,False
UBURl8UOHdLMwlx5FtHKuAUG,cLmlj2dJm8nDUH7zCw_oC3HS,5,2,preflop,"[""Fold"", ""Call 2 BB"", ""Min · 7 BB"", ""Pot · 15 BB"", ""Jam · 20 BB""]",Fold,fold,,1790769651404,1790769651734,330,,,False
UBURl8UOHdLMwlx5FtHKuAUG,_iKNTF5x583xsklUrtLpdEbz,6,1,preflop,"[""check"", ""Min · 2 BB"", ""Pot · 3 BB""]",check,check,,1790769661102,1790769661323,221,,,False
UBURl8UOHdLMwlx5FtHKuAUG,_iKNTF5x583xsklUrtLpdEbz,6,2,flop,"[""check"", ""Min · 1 BB"", ""Pot · 2 BB""]",check,check,,1790769667073,1790769667438,365,,,False
UBURl8UOHdLMwlx5FtHKuAUG,_iKNTF5x583xsklUrtLpdEbz,6,3,flop,"[""Fold"", ""Call 1 BB"", ""Min · 2 BB"", ""Pot · 5 BB""]",Call 1 BB,call,,1790769673629,1790769674014,385,,,False
UBURl8UOHdLMwlx5FtHKuAUG,_iKNTF5x583xsklUrtLpdEbz,6,4,turn,"[""check"", ""Min · 1 BB"", ""Pot · 4 BB""]",check,check,,1790769678725,1790769679072,347,,,False
UBURl8UOHdLMwlx5FtHKuAUG,_iKNTF5x583xsklUrtLpdEbz,6,5,turn,"[""Fold"", ""Call 1 BB"", ""Min · 2 BB"", ""Pot · 7 BB""]",Fold,fold,,1790769685822,1790769686154,332,,,False
UBURl8UOHdLMwlx5FtHKuAUG,2RcWIwmvlLk2kmSvphG5yany,7,1,preflop,"[""Fold"", ""Call 0.50 BB"", ""Min · 2 BB"", ""Pot · 3 BB""]",Pot · 3 BB,raise,300,1790769696563,1790769696882,319,,,False
UBURl8UOHdLMwlx5FtHKuAUG,2RcWIwmvlLk2kmSvphG5yany,7,2,flop,"[""check"", ""Min · 1 BB"", ""Pot · 6 BB""]",check,check,,1790769702460,1790769702763,303,,,False
UBURl8UOHdLMwlx5FtHKuAUG,2RcWIwmvlLk2kmSvphG5yany,7,3,turn,"[""check"", ""Min · 1 BB"", ""Pot · 6 BB""]",check,check,,1790769709742,1790769710115,373,,,False
UBURl8UOHdLMwlx5FtHKuAUG,2RcWIwmvlLk2kmSvphG5yany,7,4,river,"[""check"", ""Min · 1 BB"", ""Pot · 6 BB""]",check,check,,1790769717506,1790769717834,328,,,False
UBURl8UOHdLMwlx5FtHKuAUG,3cEDP54z5jMet5gBZ1x0M8U-,8,1,preflop,"[""Fold"", ""Call 1 BB"", ""Min · 3 BB"", ""Pot · 6 BB""]",Fold,fold,,1790769727798,1790769728049,251,,,False
UBURl8UOHdLMwlx5FtHKuAUG,O7y4EQO93DkA08XgjgqikLrD,9,1,preflop,"[""Fold"", ""Call 0.50 BB"", ""Min · 2 BB"", ""Pot · 3 BB""]",Call 0.50 BB,call,,1790769738104,1790769738363,259,,,False
UBURl8UOHdLMwlx5FtHKuAUG,O7y4EQO93DkA08XgjgqikLrD,9,2,flop,"[""Fold"", ""Call 2 BB"", ""Min · 4 BB"", ""Pot · 8 BB""]",Fold,fold,,1790769743458,1790769743843,385,,,False
UBURl8UOHdLMwlx5FtHKuAUG,hehhaQxEmdbbJquqbWMi283n,10,1,preflop,"[""check"", ""Min · 2 BB"", ""Pot · 3 BB""]",Pot · 3 BB,raise,300,1790769753991,1790769754244,253,,,False
UBURl8UOHdLMwlx5FtHKuAUG,hehhaQxEmdbbJquqbWMi283n,10,2,flop,"[""check"", ""Min · 1 BB"", ""Pot · 6 BB""]",check,check,,1790769759035,1790769759298,263,,,False
UBURl8UOHdLMwlx5FtHKuAUG,hehhaQxEmdbbJquqbWMi283n,10,3,turn,"[""check"", ""Min · 1 BB"", ""Pot · 6 BB""]",check,check,,1790769768057,1790769768353,296,,,False
UBURl8UOHdLMwlx5FtHKuAUG,hehhaQxEmdbbJquqbWMi283n,10,4,river,"[""check"", ""Min · 1 BB"", ""Pot · 6 BB""]",check,check,,1790769778577,1790769778844,267,,,False
