bb_per_100,block_chip_sum,blocks,cell,ci95_high,ci95_low,panel,position,readout,sample_variance_chips,seed,stage
-58.544921875,-59950.0,1024,A,-37.706826665825226,-79.38301708417478,lbr,overall,current,115475.9517109095,aggregate,primary
-90.14485677083333,-92308.33333333333,1024,C,-70.68359312741099,-109.60612041425567,lbr,overall,current,100720.43354145878,aggregate,primary
-62.467447916666664,-63966.666666666664,1024,A,-17.678010426246743,-107.25688540708659,lbr,button,current,533490.549607296,aggregate,primary
-96.79361979166667,-99116.66666666667,1024,C,-52.798019047393964,-140.78922053593936,lbr,button,current,514747.23052729917,aggregate,primary
-54.622395833333336,-55933.333333333336,1024,A,-11.124941341961566,-98.11985032470511,lbr,big_blind,current,503156.62929700234,aggregate,primary
-83.49609375,-85500.0,1024,C,-40.08305452120667,-126.90913297879334,lbr,big_blind,current,501205.57791456225,aggregate,primary
-67.96875,-69600.0,1024,A,-38.429819052478535,-97.50768094752146,lbr,overall,current,232041.1779081134,2026093001,primary
-95.0439453125,-97325.0,1024,C,-65.29670199545157,-124.79118862954843,lbr,overall,current,235325.486825475,2026093001,primary
-74.70703125,-76500.0,1024,A,-20.191220930433936,-129.22284156956607,lbr,button,current,790351.8202437683,2026093001,primary
-92.431640625,-94650.0,1024,C,-37.922440693961676,-146.94084055603832,lbr,button,current,790160.161500336,2026093001,primary
-61.23046875,-62700.0,1024,A,-10.883135891949216,-111.57780160805078,lbr,big_blind,current,674106.4023552053,2026093001,primary
-97.65625,-100000.0,1024,C,-45.299542112473226,-150.01295788752677,lbr,big_blind,current,728987.6588465298,2026093001,primary
-61.669921875,-63150.0,1024,A,-32.71271787295689,-90.62712587704311,lbr,overall,current,222991.73453919232,2026093002,primary
-99.8046875,-102200.0,1024,C,-72.68273274810186,-126.92664225189814,lbr,overall,current,195621.90707478006,2026093002,primary
-70.01953125,-71700.0,1024,A,-17.444053147248226,-122.59500935275177,lbr,button,current,735092.472736437,2026093002,primary
-115.33203125,-118100.0,1024,C,-62.78471209250838,-167.87935040749161,lbr,button,current,734305.2659915689,2026093002,primary
-53.3203125,-54600.0,1024,A,0.3144997621986505,-106.95512476219865,lbr,big_blind,current,765013.4026759531,2026093002,primary
-84.27734375,-86300.0,1024,C,-33.0906219441517,-135.4640655558483,lbr,big_blind,current,696771.1292613636,2026093002,primary
-45.99609375,-47100.0,1024,A,-15.826889760716806,-76.16529773928319,lbr,overall,current,242048.9579514907,2026093003,primary
-75.5859375,-77400.0,1024,C,-47.5195561467435,-103.6523188532565,lbr,overall,current,209482.79417155424,2026093003,primary
-42.67578125,-43700.0,1024,A,12.146131114501017,-97.49769361450102,lbr,button,current,799252.2662359482,2026093003,primary
-82.6171875,-84600.0,1024,C,-29.121442686278215,-136.11293231372179,lbr,button,current,761051.4036534702,2026093003,primary
-49.31640625,-50500.0,1024,A,4.413952732994794,-103.0467652329948,lbr,big_blind,current,767741.4677266618,2026093003,primary
-68.5546875,-70200.0,1024,C,-16.29519736791216,-120.81417763208785,lbr,big_blind,current,726282.953018084,2026093003,primary
123.779296875,253500.0,2048,A,142.2467513541716,105.31184239582839,native-pressure,overall,current,181607.63904791226,aggregate,primary
136.12060546875,278775.0,2048,C,154.39157695282756,117.84963398467245,native-pressure,overall,current,177763.79682429804,aggregate,primary
122.34700520833333,250566.66666666666,2048,A,163.9054839448197,80.78852647184695,native-pressure,button,current,919685.4621155452,aggregate,primary
139.99837239583334,286716.6666666667,2048,C,182.4760930756351,97.52065171603157,native-pressure,button,current,960820.9140721473,aggregate,primary
125.21158854166667,256433.33333333334,2048,A,166.13029871587332,84.29287836746002,native-pressure,big_blind,current,891587.3731099543,aggregate,primary
132.24283854166666,270833.3333333333,2048,C,172.0549361147774,92.43074096855591,native-pressure,big_blind,current,844014.9856730547,aggregate,primary
110.205078125,225700.0,2048,A,136.29305155989093,84.11710469010907,native-pressure,overall,current,362410.4610977956,2026093001,primary
124.15771484375,254275.0,2048,C,149.8432750531754,98.47215463432461,native-pressure,overall,current,351316.15635471686,2026093001,primary
116.89453125,239400.0,2048,A,164.19351716063076,69.59554533936924,native-pressure,button,current,1191307.0098772594,2026093001,primary
117.6025390625,240850.0,2048,C,167.840421111949,67.36465701305099,native-pressure,button,current,1343948.6704771847,2026093001,primary
103.515625,212000.0,2048,A,152.8854617725254,54.145788227474625,native-pressure,big_blind,current,1297906.5400586224,2026093001,primary
130.712890625,267700.0,2048,C,177.56592498977585,83.85985626022415,native-pressure,big_blind,current,1168948.7831849963,2026093001,primary
142.44384765625,291725.0,2048,A,168.98660900125427,115.90108631124573,native-pressure,overall,current,375156.2987506011,2026093002,primary
142.71240234375,292275.0,2048,C,168.22322959514412,117.20157509235588,native-pressure,overall,current,346552.5684440549,2026093002,primary
150.2197265625,307650.0,2048,A,198.59455838379586,101.84489474120414,native-pressure,button,current,1246117.4407049569,2026093002,primary
122.7783203125,251450.0,2048,C,171.7340803492502,73.8225602757498,native-pressure,button,current,1276226.13158643,2026093002,primary
134.66796875,275800.0,2048,A,183.26357684089245,86.07236065910755,native-pressure,big_blind,current,1257517.6229695897,2026093002,primary
162.646484375,333100.0,2048,C,208.85196344052758,116.44100530947242,native-pressure,big_blind,current,1136860.0176134282,2026093002,primary
118.68896484375,243075.0,2048,A,144.38133058219876,92.99659910530126,native-pressure,overall,current,351502.34727435536,2026093003,primary
141.49169921875,289775.0,2048,C,167.11160288478172,115.87179555271828,native-pressure,overall,current,349522.40735656413,2026093003,primary
99.9267578125,204650.0,2048,A,150.61784489902283,49.23567072597718,native-pressure,button,current,1368306.052278296,2026093003,primary
179.6142578125,367850.0,2048,C,229.7757356863898,129.4527799386102,native-pressure,button,current,1339863.8960740948,2026093003,primary
137.451171875,281500.0,2048,A,185.41093886214608,89.49140488785392,native-pressure,big_blind,current,1224825.3517914936,2026093003,primary
103.369140625,211700.0,2048,C,150.86672434109175,55.87155690890824,native-pressure,big_blind,current,1201332.072755099,2026093003,primary
33.194986979166664,67983.33333333333,2048,A,39.141126958590895,27.248846999742433,selective-stackoff,overall,current,18827.39766687276,aggregate,primary
35.2783203125,72250.0,2048,C,41.26627588328165,29.290364741718353,selective-stackoff,overall,current,19093.132074949623,aggregate,primary
29.915364583333336,61266.66666666667,2048,A,39.78838409213252,20.04234507453415,selective-stackoff,button,current,51906.29473857406,aggregate,primary
35.595703125,72900.0,2048,C,45.914590535794034,25.276815714205966,selective-stackoff,button,current,56700.35603211678,aggregate,primary
36.474609375,74700.0,2048,A,44.219837070607134,28.729381679392866,selective-stackoff,big_blind,current,31943.9353046294,aggregate,primary
34.9609375,71600.0,2048,C,42.567009010543536,27.354865989456464,selective-stackoff,big_blind,current,30806.39265456223,aggregate,primary
35.1318359375,71950.0,2048,A,42.366564811763524,27.897107063236476,selective-stackoff,overall,current,27871.77059320805,2026093001,primary
32.94677734375,67475.0,2048,C,40.4643211460118,25.429233541488205,selective-stackoff,overall,current,30093.449535286014,2026093001,primary
30.419921875,62300.0,2048,A,42.756393162004386,18.083450587995614,selective-stackoff,button,current,81040.46842559233,2026093001,primary
32.2021484375,65950.0,2048,C,44.51960207182424,19.884694803175762,selective-stackoff,button,current,80790.80034711621,2026093001,primary
39.84375,81600.0,2048,A,48.73666495295494,30.95083504704506,selective-stackoff,big_blind,current,42112.23742061554,2026093001,primary
33.69140625,69000.0,2048,C,43.03047291913066,24.352339580869337,selective-stackoff,big_blind,current,46443.71908585735,2026093001,primary
29.1015625,59600.0,2048,A,36.63673536090279,21.56638963909721,selective-stackoff,overall,current,30234.75665608207,2026093002,primary
36.53564453125,74825.0,2048,C,44.45880196900364,28.612487093496362,selective-stackoff,overall,current,33428.47845527563,2026093002,primary
23.14453125,47400.0,2048,A,35.997911532703455,10.291150967296543,selective-stackoff,button,current,87974.08364374694,2026093002,primary
38.1103515625,78050.0,2048,C,51.58417261159361,24.63653051340639,selective-stackoff,button,current,96672.19690305172,2026093002,primary
35.05859375,71800.0,2048,A,43.89427841365727,26.22290908634273,selective-stackoff,big_blind,current,41571.95552943332,2026093002,primary
34.9609375,71600.0,2048,C,44.159530307974755,25.762344692025245,selective-stackoff,big_blind,current,45057.05758426966,2026093002,primary
35.3515625,72400.0,2048,A,42.90816332729356,27.794961672706442,selective-stackoff,overall,current,30406.959880312654,2026093003,primary
36.3525390625,74450.0,2048,C,44.11613805177684,28.588940073223164,selective-stackoff,overall,current,32095.653867511908,2026093003,primary
36.181640625,74100.0,2048,A,48.225893739433374,24.137387510566626,selective-stackoff,button,current,77246.67339017465,2026093003,primary
36.474609375,74700.0,2048,C,49.873576115255915,23.075642634744085,selective-stackoff,button,current,95601.04869549951,2026093003,primary
34.521484375,70700.0,2048,A,44.36901750738866,24.673951242611338,selective-stackoff,big_blind,current,51638.65708582682,2026093003,primary
36.23046875,74200.0,2048,C,45.16059613659376,27.30034136340624,selective-stackoff,big_blind,current,42465.412417562286,2026093003,primary
119.54752604166667,61208.333333333336,512,A,149.72467215426664,89.3703799290667,uniform,overall,current,120800.96359899911,aggregate,primary
111.19791666666667,56933.333333333336,512,C,142.12328124756695,80.27255208576638,uniform,overall,current,126865.55501195912,aggregate,primary
122.75390625,62850.0,512,A,177.31012740528718,68.19768509471282,uniform,button,current,394823.1687170445,aggregate,primary
120.3125,61600.0,512,C,178.84586544392187,61.77913455607812,uniform,button,current,454486.57316808,aggregate,primary
116.34114583333333,59566.666666666664,512,A,163.8880721686092,68.79421949805746,uniform,big_blind,current,299887.91296341596,aggregate,primary
102.08333333333333,52266.666666666664,512,C,147.59655205479373,56.570114611872924,uniform,big_blind,current,274782.56142639706,aggregate,primary
126.5625,64800.0,512,A,165.43840831750384,87.68659168249616,uniform,overall,current,200481.89823874756,2026093001,primary
87.451171875,44775.0,512,C,125.84572278352329,49.056620966476714,uniform,overall,current,195547.94281662794,2026093001,primary
139.453125,71400.0,512,A,206.37493792479262,72.53131207520738,uniform,button,current,594086.197407045,2026093001,primary
93.06640625,47650.0,512,C,165.09245807080572,21.04035442919428,uniform,button,current,688166.1169123043,2026093001,primary
113.671875,58200.0,512,A,169.6448487542704,57.69890124572958,uniform,big_blind,current,415595.49290606653,2026093001,primary
81.8359375,41900.0,512,C,136.78438746200837,26.887487537991632,uniform,big_blind,current,400520.6931873777,2026093001,primary
104.78515625,53650.0,512,A,145.10921596308876,64.46109653691124,uniform,overall,current,215696.23555222602,2026093002,primary
116.064453125,59425.0,512,C,152.3849904641715,79.7439157858285,uniform,overall,current,174992.16217817392,2026093002,primary
99.8046875,51100.0,512,A,165.7692039539777,33.840171046022306,uniform,button,current,577211.3120719178,2026093002,primary
126.66015625,64850.0,512,C,192.40161551554183,60.91869698445815,uniform,button,current,573314.2639279598,2026093002,primary
109.765625,56200.0,512,A,166.13607562440615,53.395174375593854,uniform,big_blind,current,421518.9273483366,2026093002,primary
105.46875,54000.0,512,C,154.20874624267393,56.728753757326075,uniform,big_blind,current,315126.5900195695,2026093002,primary
127.294921875,65175.0,512,A,164.61129016807917,89.97855358192083,uniform,overall,current,184719.5273322835,2026093003,primary
130.078125,66600.0,512,C,169.5199438839879,90.6363061160121,uniform,overall,current,206361.14848336595,2026093003,primary
129.00390625,66050.0,512,A,197.1862200370344,60.82159246296561,uniform,button,current,616676.6966579012,2026093003,primary
141.2109375,72300.0,512,C,211.05300303003298,71.368871969967,uniform,button,current,647065.4583537182,2026093003,primary
125.5859375,64300.0,512,A,179.44891282396526,71.72296217603474,uniform,big_blind,current,384852.8849681996,2026093003,primary
118.9453125,60900.0,512,C,173.89713931495396,63.993485685046025,uniform,big_blind,current,400569.9226394325,2026093003,primary
115.625,59200.0,512,A,141.2834898710728,89.96651012892721,passive,overall,current,87332.57229832573,aggregate,primary
116.064453125,59425.0,512,C,143.61721624911635,88.51169000088365,passive,overall,current,100703.4581120726,aggregate,primary
162.63020833333334,83266.66666666667,512,A,235.2956393230816,89.9647773435851,passive,button,current,700438.1217384214,aggregate,primary
172.88411458333334,88516.66666666667,512,C,248.48321798895938,97.28501117770729,passive,button,current,758136.4144634024,aggregate,primary
68.61979166666667,35133.333333333336,512,A,127.66921639410327,9.570366939230077,passive,big_blind,current,462535.8603772559,aggregate,primary
59.244791666666664,30333.333333333332,512,C,120.95765542596075,-2.4680720926274233,passive,big_blind,current,505202.4726842792,aggregate,primary
132.275390625,67725.0,512,A,168.76562310922827,95.78515814077173,passive,overall,current,176631.1627591426,2026093001,primary
125.29296875,64150.0,512,C,159.90447036717362,90.68146713282638,passive,overall,current,158911.3621422456,2026093001,primary
195.41015625,100050.0,512,A,277.5816938254096,113.23861867459037,passive,button,current,895688.2854543787,2026093001,primary
188.8671875,96700.0,512,C,270.93855919076674,106.79581580923326,passive,button,current,893505.9549290607,2026093001,primary
69.140625,35400.0,512,A,137.45162453015968,0.8296254698403374,passive,big_blind,current,619006.6964285715,2026093001,primary
61.71875,31600.0,512,C,129.06375943779693,-5.626259437796918,passive,big_blind,current,601623.6545988258,2026093001,primary
101.904296875,52175.0,512,A,135.44842893928072,68.36016481071928,passive,overall,current,149261.2882789567,2026093002,primary
96.435546875,49375.0,512,C,134.2269882212053,58.644105528794704,passive,overall,current,189452.7786165301,2026093002,primary
156.73828125,80250.0,512,A,231.58247364238107,81.89408885761893,passive,button,current,743070.9450678816,2026093002,primary
150.29296875,76950.0,512,C,231.51337973456117,69.07255776543884,passive,button,current,875073.2995199364,2026093002,primary
47.0703125,24100.0,512,A,114.0161008210726,-19.875475821072598,passive,big_blind,current,594511.9480797456,2026093002,primary
42.578125,21800.0,512,C,116.82690098427462,-31.670650984274616,passive,big_blind,current,731295.101516634,2026093002,primary
112.6953125,57700.0,512,A,148.56452448146467,76.82610051853531,passive,overall,current,170670.21618150684,2026093003,primary
126.46484375,64750.0,512,C,163.6328587000506,89.2968287999494,passive,overall,current,183253.72087512232,2026093003,primary
135.7421875,69500.0,512,A,221.24900804874903,50.23536695125098,passive,button,current,969874.5948507828,2026093003,primary
179.4921875,91900.0,512,C,265.5882162685121,93.3961587314879,passive,button,current,983287.0214652641,2026093003,primary
89.6484375,45900.0,512,A,157.0750459036481,22.22182909635191,passive,big_blind,current,603082.4593321917,2026093003,primary
73.4375,37600.0,512,C,141.88725665890263,4.987743341097371,passive,big_blind,current,621523.9726027397,2026093003,primary
16.324869791666668,8358.333333333334,512,A,42.27595930459094,-9.626219721257609,pot_pressure,overall,current,89335.74400302715,aggregate,primary
8.740234375,4475.0,512,C,34.809361681239665,-17.328892931239665,pot_pressure,overall,current,90150.27442064512,aggregate,primary
37.141927083333336,19016.666666666668,512,A,77.36767071223164,-3.0838165455649786,pot_pressure,button,current,214645.71845611816,aggregate,primary
19.694010416666668,10083.333333333334,512,C,61.22239015490659,-21.83436932157326,pot_pressure,button,current,228772.6176461595,aggregate,primary
-4.4921875,-2300.0,512,A,32.96681983742541,-41.95119483742541,pot_pressure,big_blind,current,186134.3795865949,aggregate,primary
-2.2135416666666665,-1133.3333333333333,512,C,33.959196435915665,-38.38627976924899,pot_pressure,big_blind,current,173570.867987606,aggregate,primary
7.6171875,3900.0,512,A,36.981593395561795,-21.747218395561795,pot_pressure,overall,current,114381.68878424658,2026093001,primary
18.26171875,9350.0,512,C,46.564847197482734,-10.041409697482738,pot_pressure,overall,current,106263.21512659002,2026093001,primary
16.40625,8400.0,512,A,62.02199074199155,-29.20949074199155,pot_pressure,button,current,276021.8933463796,2026093001,primary
29.296875,15000.0,512,C,74.19685510288905,-15.603105102889046,pot_pressure,button,current,267427.6846868885,2026093001,primary
-1.171875,-600.0,512,A,38.49070591703077,-40.83445591703077,pot_pressure,big_blind,current,208677.68468688845,2026093001,primary
7.2265625,3700.0,512,C,46.35438794001926,-31.901262940019258,pot_pressure,big_blind,current,203088.57479207436,2026093001,primary
4.8828125,2500.0,512,A,33.81320880753927,-24.047583807539272,pot_pressure,overall,current,111025.52440068492,2026093002,primary
-0.537109375,-275.0,512,C,27.281020976603557,-28.355239726603557,pot_pressure,overall,current,102652.59744603107,2026093002,primary
23.828125,12200.0,512,A,69.24974921172654,-21.593499211726538,pot_pressure,button,current,273677.6846868885,2026093002,primary
7.12890625,3650.0,512,C,51.295279041360466,-37.037466541360466,pot_pressure,button,current,258760.23383989726,2026093002,primary
-14.0625,-7200.0,512,A,26.45735703002027,-54.58235703002027,pot_pressure,big_blind,current,217795.98825831703,2026093002,primary
-8.203125,-4200.0,512,C,30.751311895511833,-47.15756189551183,pot_pressure,big_blind,current,201292.65533268102,2026093002,primary
36.474609375,18675.0,512,A,64.97225978169033,7.976958968309667,pot_pressure,overall,current,107728.8878080663,2026093003,primary
8.49609375,4350.0,512,C,38.83079222643474,-21.838604726434742,pot_pressure,overall,current,122065.63990643347,2026093003,primary
71.19140625,36450.0,512,A,116.21394177091955,26.168870729080446,pot_pressure,button,current,268889.5758164139,2026093003,primary
22.65625,11600.0,512,C,72.10503216728748,-26.792532167287476,pot_pressure,button,current,324358.488258317,2026093003,primary
1.7578125,900.0,512,A,41.61872709667392,-38.10310209667392,pot_pressure,big_blind,current,210769.89817759296,2026093003,primary
-5.6640625,-2900.0,512,C,33.22366929677004,-44.55179429677004,pot_pressure,big_blind,current,200603.86344178082,2026093003,primary
43.880208333333336,22466.666666666668,512,A,52.52624592857386,35.234170738092814,tight_passive,overall,current,9916.269161774298,aggregate,primary
48.470052083333336,24816.666666666668,512,C,56.337558578940765,40.602545587725906,tight_passive,overall,current,8210.853200084259,aggregate,primary
43.684895833333336,22366.666666666668,512,A,58.231151651077035,29.138640015589637,tight_passive,button,current,28068.325824907584,aggregate,primary
54.361979166666664,27833.333333333332,512,C,67.8982124154615,40.825745917871835,tight_passive,button,current,24305.789132148293,aggregate,primary
44.075520833333336,22566.666666666668,512,A,53.483604074856785,34.667437591809886,tight_passive,big_blind,current,11741.305005164164,aggregate,primary
42.578125,21800.0,512,C,51.97469423057801,33.18155576942199,tight_passive,big_blind,current,11712.583577951727,aggregate,primary
45.41015625,23250.0,512,A,56.150398131860264,34.669914368139736,tight_passive,overall,current,15301.788389799412,2026093001,primary
45.458984375,23275.0,512,C,55.42040287954702,35.49756587045298,tight_passive,overall,current,13163.04723810543,2026093001,primary
42.1875,21600.0,512,A,62.372768271605544,22.002231728394456,tight_passive,button,current,54048.43444227006,2026093001,primary
53.02734375,27150.0,512,C,69.58904720412644,36.465640295873555,tight_passive,button,current,36385.142107999025,2026093001,primary
48.6328125,24900.0,512,A,55.672287906328414,41.593337093671586,tight_passive,big_blind,current,6573.469606164384,2026093001,primary
37.890625,19400.0,512,C,51.47291527248404,24.308334727515962,tight_passive,big_blind,current,24471.471379647748,2026093001,primary
44.82421875,22950.0,512,A,55.45457624798701,34.19386125201299,tight_passive,overall,current,14990.282152030333,2026093002,primary
49.8046875,25500.0,512,C,59.067722817101256,40.541652182898744,tight_passive,overall,current,11382.05571183953,2026093002,primary
50.0,25600.0,512,A,67.3117483193804,32.6882516806196,tight_passive,button,current,39755.381604696675,2026093002,primary
55.46875,28400.0,512,C,71.45337831344987,39.484121686550125,tight_passive,button,current,33893.7133072407,2026093002,primary
39.6484375,20300.0,512,A,52.18008407359801,27.11679092640199,tight_passive,big_blind,current,20831.970095401175,2026093002,primary
44.140625,22600.0,512,C,53.64435615480167,34.63689384519833,tight_passive,big_blind,current,11981.256115459882,2026093002,primary
41.40625,21200.0,512,A,51.02647665223578,31.78602334776422,tight_passive,overall,current,12276.785714285714,2026093003,primary
50.146484375,25675.0,512,C,60.03957903699711,40.25338971300289,tight_passive,overall,current,12983.099831060421,2026093003,primary
38.8671875,19900.0,512,A,54.84805700967625,22.886317990323747,tight_passive,button,current,33877.77488992172,2026093003,primary
54.58984375,27950.0,512,C,72.52592773641068,36.65375976358932,tight_passive,button,current,42674.586824241684,2026093003,primary
43.9453125,22500.0,512,A,54.877523618372635,33.013101381627365,tight_passive,big_blind,current,15853.679977984344,2026093003,primary
45.703125,23400.0,512,C,56.505910939099024,34.900339060900976,tight_passive,big_blind,current,15480.522260273972,2026093003,primary
17.67578125,9050.0,512,A,38.2164076391021,-2.8648451391021013,loose_passive,overall,current,55968.21213680963,aggregate,primary
14.306640625,7325.0,512,C,36.80941178361348,-8.196130533613477,loose_passive,overall,current,67171.6589947373,aggregate,primary
24.8046875,12700.0,512,A,67.19687596177326,-17.587500961773266,loose_passive,button,current,238388.74194797783,aggregate,primary
28.678385416666668,14683.333333333334,512,C,74.96516568742382,-17.608394854090488,loose_passive,button,current,284202.5769443765,aggregate,primary
10.546875,5400.0,512,A,45.93045547141114,-24.836705471411143,loose_passive,big_blind,current,166080.10912698414,aggregate,primary
-0.06510416666666453,-33.33333333333224,512,C,36.73685463554355,-36.86706296887688,loose_passive,big_blind,current,179661.87877120025,aggregate,primary
15.0390625,7700.0,512,A,41.76723991501983,-11.689114915019829,loose_passive,overall,current,94766.04543786692,2026093001,primary
9.326171875,4775.0,512,C,35.22762246270503,-16.575278712705032,loose_passive,overall,current,88994.31023345768,2026093001,primary
35.15625,18000.0,512,A,84.27050724953781,-13.958007249537822,loose_passive,button,current,319984.71135029354,2026093001,primary
30.17578125,15450.0,512,C,79.03920376488026,-18.687641264880256,loose_passive,button,current,316724.6265747309,2026093001,primary
-5.078125,-2600.0,512,A,34.118172896137544,-44.274422896137544,loose_passive,big_blind,current,203799.9938845401,2026093001,primary
-11.5234375,-5900.0,512,C,28.62026466494985,-51.66713966494985,loose_passive,big_blind,current,213771.06011497063,2026093001,primary
25.634765625,13125.0,512,A,52.539662689974364,-1.2701314399743673,loose_passive,overall,current,96023.32426843811,2026093002,primary
12.79296875,6550.0,512,C,40.53561949738236,-14.949681997382363,loose_passive,overall,current,102096.2936490949,2026093002,primary
28.80859375,14750.0,512,A,78.5734083115251,-20.956220811525107,loose_passive,button,current,328517.75585555285,2026093002,primary
17.3828125,8900.0,512,C,70.94303848644475,-36.17741348644475,loose_passive,button,current,380538.7337940313,2026093002,primary
22.4609375,11500.0,512,A,64.99037283701395,-20.068497837013943,loose_passive,big_blind,current,239934.83213062622,2026093002,primary
8.203125,4200.0,512,C,52.96571979179409,-36.55946979179409,loose_passive,big_blind,current,265793.6338062622,2026093002,primary
12.353515625,6325.0,512,A,37.72378439526879,-13.016753145268787,loose_passive,overall,current,85381.58319700955,2026093003,primary
20.80078125,10650.0,512,C,50.315065131364605,-8.713502631364609,loose_passive,overall,current,115552.29291523973,2026093003,primary
10.44921875,5350.0,512,A,59.458144601875986,-38.559707101875986,loose_passive,button,current,318613.6921324609,2026093003,primary
38.4765625,19700.0,512,C,94.19365171417971,-17.240526714179715,loose_passive,button,current,411804.3282167319,2026093003,primary
14.2578125,7300.0,512,A,55.97017308789881,-27.454548087898807,loose_passive,big_blind,current,230804.14475293542,2026093003,primary
3.125,1600.0,512,C,44.994286961222755,-38.744286961222755,loose_passive,big_blind,current,232544.0313111546,2026093003,primary
34.944661458333336,17891.666666666668,512,A,50.60275283847848,19.286570078188188,tight_aggressive,overall,current,32523.083472205235,aggregate,primary
32.91015625,16850.0,512,C,49.50363209361882,16.316680406381177,tight_aggressive,overall,current,36524.88036631604,aggregate,primary
49.77213541666667,25483.333333333336,512,A,72.49922963328457,27.045041200048768,tight_aggressive,button,current,68517.56050058437,aggregate,primary
47.526041666666664,24333.333333333332,512,C,73.20398629300185,21.84809704033148,tight_aggressive,button,current,87465.05694172646,aggregate,primary
20.1171875,10300.0,512,A,42.6431717688603,-2.4087967688603023,tight_aggressive,big_blind,current,67310.3145724614,aggregate,primary
18.294270833333332,9366.666666666666,512,C,41.05561723799953,-4.467075571332863,tight_aggressive,big_blind,current,68724.24287209175,aggregate,primary
36.81640625,18850.0,512,A,55.377218679125086,18.255593820874914,tight_aggressive,overall,current,45699.140395670256,2026093001,primary
40.087890625,20525.0,512,C,57.956446335959455,22.219334914040548,tight_aggressive,overall,current,42353.85723076688,2026093001,primary
59.5703125,30500.0,512,A,87.50688354784722,31.633741452152773,tight_aggressive,button,current,103528.58213062622,2026093001,primary
54.78515625,28050.0,512,C,82.6695767801111,26.9007357198889,tight_aggressive,button,current,103142.4195052593,2026093001,primary
14.0625,7200.0,512,A,39.46291868443288,-11.337918684432879,tight_aggressive,big_blind,current,85584.63796477496,2026093001,primary
25.390625,13000.0,512,C,48.21890135096494,2.562348649035055,tight_aggressive,big_blind,current,69129.0056262231,2026093001,primary
31.396484375,16075.0,512,A,51.197475846113434,11.595492903886562,tight_aggressive,overall,current,52010.130163741436,2026093002,primary
27.587890625,14125.0,512,C,49.49436656671239,5.681414683287613,tight_aggressive,overall,current,63658.89636971013,2026093002,primary
41.69921875,21350.0,512,A,72.0974811344748,11.300956365525188,tight_aggressive,button,current,122577.73322835127,2026093002,primary
46.58203125,23850.0,512,C,81.69872528844422,11.46533721155577,tight_aggressive,button,current,163584.1850385274,2026093002,primary
21.09375,10800.0,512,A,47.106338553529,-4.918838553529003,tight_aggressive,big_blind,current,89759.66242661448,2026093002,primary
8.59375,4400.0,512,C,35.19238617403579,-18.004886174035793,tight_aggressive,big_blind,current,93849.6819960861,2026093002,primary
36.62109375,18750.0,512,A,55.76579351930232,17.47639398069768,tight_aggressive,overall,current,48619.578262597846,2026093003,primary
31.0546875,15900.0,512,C,50.267318772990976,11.842056227009028,tight_aggressive,overall,current,48965.22596624266,2026093003,primary
48.046875,24600.0,512,A,77.0839061366503,19.0098438633497,tight_aggressive,button,current,111845.49290606653,2026093003,primary
41.2109375,21100.0,512,C,73.37151888953484,9.05035611046516,tight_aggressive,button,current,137202.44465508807,2026093003,primary
25.1953125,12900.0,512,A,51.00086725315914,-0.6102422531591465,tight_aggressive,big_blind,current,88336.55669031311,2026093003,primary
20.8984375,10700.0,512,C,45.48058621946974,-3.683711219469746,tight_aggressive,big_blind,current,80159.26950831703,2026093003,primary
-6.868489583333333,-3516.6666666666665,512,A,16.376559356290358,-30.113538522957022,loose_aggressive,overall,current,71676.20402363285,aggregate,primary
5.061848958333334,2591.666666666667,512,C,28.71166363723019,-18.587965720563517,loose_aggressive,overall,current,74194.13076169752,aggregate,primary
-55.045572916666664,-28183.333333333332,512,A,-4.4724796908642475,-105.61866614246908,loose_aggressive,button,current,339275.97095666174,aggregate,primary
-36.328125,-18600.0,512,C,14.05432709169812,-86.71057709169813,loose_aggressive,button,current,336722.9119101979,aggregate,primary
41.30859375,21150.0,512,A,83.26205397787244,-0.6448664778724407,loose_aggressive,big_blind,current,233479.97590338934,aggregate,primary
46.451822916666664,23783.333333333332,512,C,93.00374115062577,-0.10009531729244259,loose_aggressive,big_blind,current,287467.81633065606,aggregate,primary
-12.79296875,-6550.0,512,A,15.19882365830744,-40.78476115830744,loose_aggressive,overall,current,103938.27016572896,2026093001,primary
-0.439453125,-225.0,512,C,29.020624203114696,-29.899530453114696,loose_aggressive,overall,current,115128.2311605614,2026093001,primary
-74.70703125,-38250.0,512,A,-20.181196703987453,-129.23286579601256,loose_aggressive,button,current,394383.475645181,2026093001,primary
-38.671875,-19800.0,512,C,21.65394981703595,-98.99769981703595,loose_aggressive,button,current,482748.1347847358,2026093001,primary
49.12109375,25150.0,512,A,93.74531125647852,4.496876243521491,loose_aggressive,big_blind,current,264152.8463643591,2026093001,primary
37.79296875,19350.0,512,C,86.36871573812431,-10.782778238124315,loose_aggressive,big_blind,current,313006.2740796233,2026093001,primary
-4.931640625,-2525.0,512,A,24.907551865528465,-34.77083311552846,loose_aggressive,overall,current,118110.41606149095,2026093002,primary
-9.326171875,-4775.0,512,C,23.09155515305325,-41.74389890305325,loose_aggressive,overall,current,139405.26913756726,2026093002,primary
-53.515625,-27400.0,512,A,8.24087491687257,-115.27212491687257,loose_aggressive,button,current,505917.1660958904,2026093002,primary
-68.1640625,-34900.0,512,C,-6.536406012176563,-129.79171898782343,loose_aggressive,button,current,503808.3644202544,2026093002,primary
43.65234375,22350.0,512,A,91.33855607601727,-4.0338685760172694,loose_aggressive,big_blind,current,301647.4953369618,2026093002,primary
49.51171875,25350.0,512,C,102.60262095259114,-3.5791834525911383,loose_aggressive,big_blind,current,373898.97833598335,2026093002,primary
-2.880859375,-1475.0,512,A,27.073541388390698,-32.835260138390694,loose_aggressive,overall,current,119024.21865444594,2026093003,primary
24.951171875,12775.0,512,C,54.32068435774226,-4.418340607742259,loose_aggressive,overall,current,114421.47510625611,2026093003,primary
-36.9140625,-18900.0,512,A,21.470372940482285,-95.29849794048229,loose_aggressive,button,current,452176.7597235812,2026093003,primary
-2.1484375,-1100.0,512,C,54.518461507519596,-58.815336507519596,loose_aggressive,button,current,425964.06402886496,2026093003,primary
31.15234375,15950.0,512,A,79.5538206065776,-17.249133106577602,loose_aggressive,big_blind,current,310764.4229299168,2026093003,primary
52.05078125,26650.0,512,C,102.49979464690168,1.6017678530983304,loose_aggressive,big_blind,current,337613.20289567026,2026093003,primary
-91.56901041666667,-23441.666666666668,256,A,-46.64049658224586,-136.4975242510875,lbr,overall,current,133246.45012084694,aggregate,readout
-73.17708333333333,-18733.333333333332,256,A,-27.75383809626876,-118.60032857039789,lbr,overall,average,136197.0996732026,aggregate,readout
-83.62630208333333,-21408.333333333332,256,C,-41.435328617830706,-125.81727554883595,lbr,overall,current,117503.45413773147,aggregate,readout
-45.8984375,-11750.0,256,C,-1.8566638163537093,-89.94021118364628,lbr,overall,average,128038.66676879085,aggregate,readout
-71.15885416666667,-18216.666666666668,256,A,24.26583342866003,-166.5835417619934,lbr,button,current,601081.0483047385,aggregate,readout
-22.135416666666668,-5666.666666666667,256,A,85.17939484255709,-129.45022817589043,lbr,button,average,760205.2696078431,aggregate,readout
-63.216145833333336,-16183.333333333334,256,C,32.3103142802992,-158.74260594696588,lbr,button,current,602363.864208878,aggregate,readout
-17.057291666666668,-4366.666666666667,256,C,92.66804594154466,-126.782629274878,lbr,button,average,794740.5875544662,aggregate,readout
-111.97916666666667,-28666.666666666668,256,A,-13.389381890644202,-210.56895144268913,lbr,big_blind,current,641616.28540305,aggregate,readout
-124.21875,-31800.0,256,A,-21.973471263382095,-226.4640287366179,lbr,big_blind,average,690077.818627451,aggregate,readout
-104.03645833333334,-26633.333333333336,256,C,-9.519803441492257,-198.55311322517443,lbr,big_blind,current,589696.0614106754,aggregate,readout
-74.73958333333334,-19133.333333333336,256,C,29.960529360399264,-179.43969602706596,lbr,big_blind,average,723612.1323529412,aggregate,readout
-115.52734375,-29575.0,256,A,-52.45183906677976,-178.60284843322023,lbr,overall,current,262623.15219056373,2026093001,readout
-42.28515625,-10825.0,256,A,23.415997468546408,-107.98630996854641,lbr,overall,average,284942.6987591912,2026093001,readout
-62.890625,-16100.0,256,C,-5.850497655861091,-119.93075234413891,lbr,overall,current,214769.45465686274,2026093001,readout
-59.86328125,-15325.0,256,C,0.05598667867511864,-119.78254917867511,lbr,overall,average,236997.92241115196,2026093001,readout
-138.4765625,-35450.0,256,A,-27.060201403042456,-249.89292359695753,lbr,button,current,819425.5131740196,2026093001,readout
4.8828125,1250.0,256,A,130.6519735670479,-120.8863485670479,lbr,button,average,1044142.7313112745,2026093001,readout
-33.59375,-8600.0,256,C,80.3956609560598,-147.5831609560598,lbr,button,current,857710.1715686275,2026093001,readout
-12.3046875,-3150.0,256,C,109.60568543532001,-134.21506043532003,lbr,button,average,981053.8832720588,2026093001,readout
-92.578125,-23700.0,256,A,18.293667651231672,-203.44991765123166,lbr,big_blind,current,811434.8958333334,2026093001,readout
-89.453125,-22900.0,256,A,27.724403798419118,-206.63065379841913,lbr,big_blind,average,906358.9154411765,2026093001,readout
-92.1875,-23600.0,256,C,16.96936049923218,-201.34436049923218,lbr,big_blind,current,786526.9607843137,2026093001,readout
-107.421875,-27500.0,256,C,10.022631248363638,-224.86638124836364,lbr,big_blind,average,910493.7193627451,2026093001,readout
-89.74609375,-22975.0,256,A,-25.970523724066226,-153.52166377593377,lbr,overall,current,268485.1313572304,2026093002,readout
-116.6015625,-29850.0,256,A,-52.02836327877152,-181.1747617212285,lbr,overall,average,275242.9151348039,2026093002,readout
-98.4375,-25200.0,256,C,-41.175484374706514,-155.6995156252935,lbr,overall,current,216443.6274509804,2026093002,readout
-7.2265625,-1850.0,256,C,53.84702135388633,-68.30014635388633,lbr,overall,average,246217.17984068627,2026093002,readout
-42.3828125,-10850.0,256,A,74.00140286305488,-158.76702786305486,lbr,button,current,894128.0254289216,2026093002,readout
-77.734375,-19900.0,256,A,45.27585837210496,-200.74460837210495,lbr,button,average,998835.631127451,2026093002,readout
-55.859375,-14300.0,256,C,58.247270634756944,-169.96602063475694,lbr,button,current,859475.337009804,2026093002,readout
4.296875,1100.0,256,C,132.80747148321322,-124.21372148321322,lbr,button,average,1090157.9350490195,2026093002,readout
-137.109375,-35100.0,256,A,-22.169817023222777,-252.04893297677722,lbr,big_blind,current,872068.4742647059,2026093002,readout
-155.46875,-39800.0,256,A,-36.07361328770219,-274.8638867122978,lbr,big_blind,average,940989.5833333334,2026093002,readout
-141.015625,-36100.0,256,C,-32.08350900210034,-249.94774099789964,lbr,big_blind,current,783291.5134803922,2026093002,readout
-18.75,-4800.0,256,C,107.47501447110594,-144.97501447110594,lbr,big_blind,average,1051725.4901960783,2026093002,readout
-69.43359375,-17775.0,256,A,-10.116839226930885,-128.7503482730691,lbr,overall,current,232255.6583180147,2026093003,readout
-60.64453125,-15525.0,256,A,1.7647200700229533,-123.05378257002295,lbr,overall,average,257104.38687193627,2026093003,readout
-89.55078125,-22925.0,256,C,-31.798938203149483,-147.30262429685052,lbr,overall,current,220162.44446997548,2026093003,readout
-70.60546875,-18075.0,256,C,-6.100162108231416,-135.11077539176858,lbr,overall,average,274664.4358915441,2026093003,readout
-32.6171875,-8350.0,256,A,81.85823934118768,-147.0926143411877,lbr,button,current,865039.790134804,2026093003,readout
6.4453125,1650.0,256,A,135.95554638601652,-123.06492138601652,lbr,button,average,1107183.7852328431,2026093003,readout
-100.1953125,-25650.0,256,C,12.249131369277265,-212.63975636927728,lbr,button,current,834617.6087622549,2026093003,readout
-43.1640625,-11050.0,256,C,85.27145176318541,-171.5995767631854,lbr,button,average,1088884.459252451,2026093003,readout
-106.25,-27200.0,256,A,8.039709076475333,-220.53970907647533,lbr,big_blind,current,862235.2941176471,2026093003,readout
-127.734375,-32700.0,256,A,-8.533266927404043,-246.93548307259596,lbr,big_blind,average,937933.6703431372,2026093003,readout
-78.90625,-20200.0,256,C,28.523024495574205,-186.3355244955742,lbr,big_blind,current,761827.818627451,2026093003,readout
-98.046875,-25100.0,256,C,18.995588454781526,-215.0893384547815,lbr,big_blind,average,904270.6801470588,2026093003,readout
88.05338541666667,22541.666666666668,256,A,139.36095421795943,36.74581661537391,native-pressure,overall,current,173769.84506910402,aggregate,readout
74.73958333333333,19133.333333333332,256,A,130.3082555027038,19.170911163962884,native-pressure,overall,average,203831.63126361655,aggregate,readout
115.07161458333333,29458.333333333332,256,C,162.52859318612033,67.61463598054632,native-pressure,overall,current,148666.01881638073,aggregate,readout
97.91666666666667,25066.666666666668,256,C,154.01801314217073,41.815320191162606,native-pressure,overall,average,207758.16993464052,aggregate,readout
56.05468750000001,14350.000000000002,256,A,169.0953227628058,-56.9859477628058,native-pressure,button,current,843491.5194376362,aggregate,readout
60.677083333333336,15533.333333333334,256,A,164.98565655509287,-43.63148988842621,native-pressure,button,average,718210.1715686275,aggregate,readout
75.1953125,19250.0,256,C,191.2582401393089,-40.86761513930888,native-pressure,button,current,889198.2187840414,aggregate,readout
114.453125,29300.0,256,C,230.74527790425913,-1.8390279042591118,native-pressure,button,average,892714.0352668845,aggregate,readout
120.05208333333333,30733.333333333332,256,A,237.76411481591572,2.3400518507509247,native-pressure,big_blind,current,914646.4460784313,aggregate,readout
88.80208333333333,22733.333333333332,256,A,204.17195867468413,-26.567792008017477,native-pressure,big_blind,average,878610.498366013,aggregate,readout
154.94791666666666,39666.666666666664,256,C,261.36376095480045,48.53207237853286,native-pressure,big_blind,current,747522.2630718953,aggregate,readout
81.38020833333333,20833.333333333332,256,C,192.60888860647427,-29.84847193980761,native-pressure,big_blind,average,816667.1943082788,aggregate,readout
60.83984375,15575.0,256,A,128.4846534500839,-6.804965950083897,native-pressure,overall,current,302051.1546415441,2026093001,readout
79.00390625,20225.0,256,A,152.1179499519509,5.889862548049109,native-pressure,overall,average,352868.70978860295,2026093001,readout
98.046875,25100.0,256,C,171.54990657632624,24.54384342367375,native-pressure,overall,current,356633.425245098,2026093001,readout
110.44921875,28275.0,256,C,184.45212715513395,36.446310344866035,native-pressure,overall,average,361500.67976409313,2026093001,readout
11.1328125,2850.0,256,A,140.05430043519593,-117.78867543519593,native-pressure,button,current,1097140.2803308824,2026093001,readout
58.3984375,14950.0,256,A,188.18648809593265,-71.38961309593265,native-pressure,button,average,1111938.9935661764,2026093001,readout
29.296875,7500.0,256,C,173.66956507182908,-115.07581507182908,native-pressure,button,current,1375883.425245098,2026093001,readout
122.8515625,31450.0,256,C,258.14263990990116,-12.439514909901135,native-pressure,button,average,1208230.6602328431,2026093001,readout
110.546875,28300.0,256,A,248.9597716295715,-27.86602162957149,native-pressure,big_blind,current,1264633.425245098,2026093001,readout
99.609375,25500.0,256,A,233.56135955836163,-34.34260955836163,native-pressure,big_blind,average,1184431.219362745,2026093001,readout
166.796875,42700.0,256,C,293.18598814665023,40.40776185334977,native-pressure,big_blind,current,1054461.856617647,2026093001,readout
98.046875,25100.0,256,C,227.57480454054146,-31.481054540541464,native-pressure,big_blind,average,1107486.3664215687,2026093001,readout
112.3046875,28750.0,256,A,185.98822779960204,38.62114720039796,native-pressure,overall,current,358387.21660539217,2026093002,readout
72.16796875,18475.0,256,A,156.16446934667084,-11.828531846670842,native-pressure,overall,average,465729.6932444853,2026093002,readout
139.453125,35700.0,256,C,207.2644765116566,71.64177348834342,native-pressure,overall,current,303540.2879901961,2026093002,readout
130.2734375,33350.0,256,C,206.172793564892,54.37408143510801,native-pressure,overall,average,380266.1994485294,2026093002,readout
72.65625,18600.0,256,A,211.27010160018216,-65.95760160018216,native-pressure,button,current,1268308.2107843137,2026093002,readout
32.6171875,8350.0,256,A,170.37260595011423,-105.13823095011423,native-pressure,button,average,1252647.6332720588,2026093002,readout
101.5625,26000.0,256,C,236.86357936188344,-33.73857936188344,native-pressure,button,current,1208409.3137254901,2026093002,readout
175.0,44800.0,256,C,312.99345258288656,37.00654741711341,native-pressure,button,average,1256980.3921568627,2026093002,readout
151.953125,38900.0,256,A,289.3444833258081,14.561766674191915,native-pressure,big_blind,current,1246035.3860294118,2026093002,readout
111.71875,28600.0,256,A,251.3247183615238,-27.887218361523793,native-pressure,big_blind,average,1286528.799019608,2026093002,readout
177.34375,45400.0,256,C,305.02843784985,49.65906215015001,native-pressure,big_blind,current,1076190.5637254901,2026093002,readout
85.546875,21900.0,256,C,218.8111155755151,-47.71736557551509,native-pressure,big_blind,average,1172300.0919117648,2026093002,readout
91.015625,23300.0,256,A,162.31615135586276,19.715098644137242,native-pressure,overall,current,335580.7291666667,2026093003,readout
73.046875,18700.0,256,A,149.91837175672262,-3.824621756722621,native-pressure,overall,average,390069.699754902,2026093003,readout
107.71484375,27575.0,256,C,172.5203640346722,42.90932346532779,native-pressure,overall,current,277227.0124846814,2026093003,readout
53.02734375,13575.0,256,C,126.79027393102287,-20.735586431022867,native-pressure,overall,average,359159.9168964461,2026093003,readout
84.375,21600.0,256,A,225.18805114455463,-56.438051144554635,native-pressure,button,current,1308872.549019608,2026093003,readout
91.015625,23300.0,256,A,221.84539358323994,-39.81414358323994,native-pressure,button,average,1129860.1409313725,2026093003,readout
94.7265625,24250.0,256,C,237.35324190958198,-47.90011690958198,native-pressure,button,current,1342805.4151348039,2026093003,readout
45.5078125,11650.0,256,C,185.07494250725708,-94.05931750725708,native-pressure,button,average,1285813.0744485294,2026093003,readout
97.65625,25000.0,256,A,228.25519590208177,-32.942695902081766,native-pressure,big_blind,current,1125876.8382352942,2026093003,readout
55.078125,14100.0,256,A,186.30667196184564,-76.15042196184564,native-pressure,big_blind,average,1136758.425245098,2026093003,readout
120.703125,30900.0,256,C,241.42143730316138,-0.01518730316138317,native-pressure,big_blind,current,961961.8566176471,2026093003,readout
60.546875,15500.0,256,C,185.25706164824553,-64.16331164824553,native-pressure,big_blind,average,1026633.4252450981,2026093003,readout
39.225260416666664,10041.666666666666,256,A,57.59828536943472,20.85223546389861,selective-stackoff,overall,current,22282.95951627179,aggregate,readout
31.4453125,8050.0,256,A,49.39580463899355,13.494820361006447,selective-stackoff,overall,average,21269.84187772331,aggregate,readout
31.54296875,8075.0,256,C,53.746111899588485,9.339825600411519,selective-stackoff,overall,current,32541.716664964595,aggregate,readout
37.79296875,9675.0,256,C,54.550628904435555,21.03530859556444,selective-stackoff,overall,average,18536.950869757628,aggregate,readout
34.700520833333336,8883.333333333334,256,A,69.19123604468248,0.20980562198418795,selective-stackoff,button,current,78526.44590822441,aggregate,readout
14.322916666666666,3666.6666666666665,256,A,49.2637134130931,-20.61788007975977,selective-stackoff,button,average,80589.2565359477,aggregate,readout
13.0859375,3350.0,256,C,55.4270376053826,-29.2551626053826,selective-stackoff,button,current,118341.1585988562,aggregate,readout
27.5390625,7050.0,256,C,60.98645754597307,-5.908332545973067,selective-stackoff,button,average,73847.55838099128,aggregate,readout
43.75,11200.0,256,A,61.22925902945116,26.270740970548843,selective-stackoff,big_blind,current,20167.755991285405,aggregate,readout
48.567708333333336,12433.333333333334,256,A,62.679836348986946,34.455580317679726,selective-stackoff,big_blind,average,13146.088643790848,aggregate,readout
50.0,12800.0,256,C,70.4693588194711,29.530641180528903,selective-stackoff,big_blind,current,27657.952069716775,aggregate,readout
48.046875,12300.0,256,C,60.17576347344287,35.91798652655713,selective-stackoff,big_blind,average,9710.767293028322,aggregate,readout
37.98828125,9725.0,256,A,61.6383764614402,14.338186038559794,selective-stackoff,overall,current,36921.329273897056,2026093001,readout
29.1015625,7450.0,256,A,51.03558123502411,7.167543764975893,selective-stackoff,overall,average,31757.621017156864,2026093001,readout
39.453125,10100.0,256,C,67.67476352302143,11.231486476978567,selective-stackoff,overall,current,52574.60171568627,2026093001,readout
38.18359375,9775.0,256,C,59.0849774135953,17.282210086404707,selective-stackoff,overall,average,28837.76616115196,2026093001,readout
36.5234375,9350.0,256,A,75.85229399898856,-2.8054189989885643,selective-stackoff,button,current,102101.9837622549,2026093001,readout
14.453125,3700.0,256,A,56.88849773108277,-27.982247731082772,selective-stackoff,button,average,118868.7193627451,2026093001,readout
28.515625,7300.0,256,C,79.0447011948165,-22.013451194816504,selective-stackoff,button,current,168536.61151960783,2026093001,readout
24.4140625,6250.0,256,C,62.24453335664259,-13.416408356642592,selective-stackoff,button,average,94470.24356617648,2026093001,readout
39.453125,10100.0,256,A,67.14349610729633,11.762753892703667,selective-stackoff,big_blind,current,50613.81740196078,2026093001,readout
43.75,11200.0,256,A,57.418928251930346,30.081071748069654,selective-stackoff,big_blind,average,12333.333333333334,2026093001,readout
50.390625,12900.0,256,C,77.89634056114711,22.88490943885289,selective-stackoff,big_blind,current,49941.02328431373,2026093001,readout
51.953125,13300.0,256,C,70.79211432682781,33.114135673172186,selective-stackoff,big_blind,average,23427.542892156864,2026093001,readout
20.8984375,5350.0,256,A,43.2715787138417,-1.4747037138416985,selective-stackoff,overall,current,33041.934742647056,2026093002,readout
30.76171875,7875.0,256,A,50.54380721758994,10.97963028241006,selective-stackoff,overall,average,25831.868489583332,2026093002,readout
32.2265625,8250.0,256,C,60.435154399816625,4.017970600183379,selective-stackoff,overall,current,52526.00337009804,2026093002,readout
42.3828125,10850.0,256,C,58.204983373955685,26.560641626044315,selective-stackoff,overall,average,16525.08425245098,2026093002,readout
-1.171875,-300.0,256,A,44.26404713527341,-46.60779713527341,selective-stackoff,button,current,136273.131127451,2026093002,readout
12.3046875,3150.0,256,A,48.28707896390588,-23.677703963905877,selective-stackoff,button,average,85465.64797794117,2026093002,readout
24.21875,6200.0,256,C,76.77808791257245,-28.340587912572445,selective-stackoff,button,current,182352.32843137256,2026093002,readout
37.5,9600.0,256,C,68.55634091813909,6.443659081860922,selective-stackoff,button,average,63666.666666666664,2026093002,readout
42.96875,11000.0,256,A,65.07026038055594,20.86723961944406,selective-stackoff,big_blind,current,32244.485294117647,2026093002,readout
49.21875,12600.0,256,A,69.3398671868967,29.097632813103303,selective-stackoff,big_blind,average,26724.87745098039,2026093002,readout
40.234375,10300.0,256,C,62.049428427603985,18.41932157239601,selective-stackoff,big_blind,current,31414.0625,2026093002,readout
47.265625,12100.0,256,C,61.25266030826269,33.27858969173731,selective-stackoff,big_blind,average,12914.0625,2026093002,readout
58.7890625,15050.0,256,A,80.20683311072057,37.37129188927943,selective-stackoff,overall,current,30280.292585784315,2026093003,readout
34.47265625,8825.0,256,A,56.70857374799277,12.236738752007227,selective-stackoff,overall,average,32637.858072916668,2026093003,readout
22.94921875,5875.0,256,C,48.98283950620227,-3.0844020062022715,selective-stackoff,overall,current,44738.42486213235,2026093003,readout
32.8125,8400.0,256,C,57.31928227246445,8.305717727535555,selective-stackoff,overall,average,39644.60784313725,2026093003,readout
68.75,17600.0,256,A,107.56492609804991,29.935073901950098,selective-stackoff,button,current,99450.98039215687,2026093003,readout
16.2109375,4150.0,256,A,57.449032099259625,-25.027157099259625,selective-stackoff,button,average,112255.78278186274,2026093003,readout
-13.4765625,-3450.0,256,C,37.29833070211693,-64.25145570211693,selective-stackoff,button,current,170180.41513480392,2026093003,readout
20.703125,5300.0,256,C,68.99182150702293,-27.585571507022934,selective-stackoff,button,average,153922.64093137256,2026093003,readout
48.828125,12500.0,256,A,68.53125636205573,29.124993637944275,selective-stackoff,big_blind,current,25626.07230392157,2026093003,readout
52.734375,13500.0,256,A,71.06034337697977,34.40840662302023,selective-stackoff,big_blind,average,22168.964460784315,2026093003,readout
59.375,15200.0,256,C,85.1381712716561,33.611828728343895,selective-stackoff,big_blind,current,43813.72549019608,2026093003,readout
44.921875,11500.0,256,C,58.06658745908862,31.777162540911373,selective-stackoff,big_blind,average,11405.484068627451,2026093003,readout
100.1953125,25650.0,256,A,144.92240970574449,55.468215294255515,uniform,overall,current,132054.4279343682,aggregate,readout
117.08984375,29975.0,256,A,163.0850754082302,71.09461209176979,uniform,overall,average,139648.78536049838,aggregate,readout
113.73697916666667,29116.666666666668,256,C,155.61996757740368,71.85399075592966,uniform,overall,current,115794.21551606755,aggregate,readout
99.93489583333333,25583.333333333332,256,C,147.29956431642975,52.57022735023691,uniform,overall,average,148088.23103894334,aggregate,readout
138.671875,35500.0,256,A,223.9292409448204,53.41450905517959,uniform,button,current,479816.7041122004,aggregate,readout
131.0546875,33550.0,256,A,218.70742471440016,43.40195028559984,uniform,button,average,507157.0967796841,aggregate,readout
149.08854166666666,38166.666666666664,256,C,231.50428267341266,66.67280065992064,uniform,button,current,448365.1790577342,aggregate,readout
123.56770833333333,31633.333333333332,256,C,213.33204944978544,33.80336721688121,uniform,button,average,531886.8293845316,aggregate,readout
61.71875,15800.0,256,A,121.27189122470088,2.165608775299127,uniform,big_blind,current,234110.49836601308,aggregate,readout
103.125,26400.0,256,A,173.24272557972694,33.00727442027305,uniform,big_blind,average,324539.2156862745,aggregate,readout
78.38541666666667,20066.666666666668,256,C,138.05593385894616,18.714899474387174,uniform,big_blind,current,235034.2456427015,aggregate,readout
76.30208333333333,19533.333333333332,256,C,141.77994669612633,10.824219970540312,uniform,big_blind,average,283009.1911764706,aggregate,readout
122.4609375,31350.0,256,A,178.4251234126157,66.4967515873843,uniform,overall,current,206743.52787990196,2026093001,readout
110.3515625,28250.0,256,A,166.18846716637196,54.514657833628036,uniform,overall,average,205804.18964460783,2026093001,readout
131.8359375,33750.0,256,C,188.5597771039981,75.11209789600188,uniform,overall,current,212394.2631740196,2026093001,readout
113.96484375,29175.0,256,C,170.19106933901216,57.73861816098784,uniform,overall,average,208684.12032781861,2026093001,readout
176.171875,45100.0,256,A,277.271846644003,75.071903355997,uniform,button,current,674704.5036764706,2026093001,readout
119.53125,30600.0,256,A,220.12687060931083,18.935629390689172,uniform,button,average,667989.5833333334,2026093001,readout
155.859375,39900.0,256,C,254.0322125735297,57.68653742647028,uniform,button,current,636200.8272058824,2026093001,readout
141.9921875,36350.0,256,C,245.82481370263454,38.15956129736546,uniform,button,average,711670.9175857843,2026093001,readout
68.75,17600.0,256,A,140.43978782295588,-2.9397878229558785,uniform,big_blind,current,339254.90196078434,2026093001,readout
101.171875,25900.0,256,A,181.12763308150272,21.216116918497264,uniform,big_blind,average,421998.6213235294,2026093001,readout
107.8125,27600.0,256,C,187.77372893473785,27.851271065262154,uniform,big_blind,current,422056.3725490196,2026093001,readout
85.9375,22000.0,256,C,161.31119356943512,10.563806430564881,uniform,big_blind,average,375017.1568627451,2026093001,readout
78.7109375,20150.0,256,A,134.38343379726808,23.03844120273191,uniform,overall,current,204594.0180759804,2026093002,readout
131.8359375,33750.0,256,A,190.339797883124,73.332077116876,uniform,overall,average,225933.47886029413,2026093002,readout
124.21875,31800.0,256,C,178.83118518760398,69.60631481239602,uniform,overall,current,196876.83823529413,2026093002,readout
98.92578125,25325.0,256,C,155.71689402248722,42.134668477512776,uniform,overall,average,212898.3513327206,2026093002,readout
110.9375,28400.0,256,A,210.12271274504582,11.752287254954197,uniform,button,current,649389.7058823529,2026093002,readout
169.921875,43500.0,256,A,278.2617609578888,61.58198904211122,uniform,button,average,774797.6409313725,2026093002,readout
147.65625,37800.0,256,C,251.9235230111828,43.388976988817205,uniform,button,current,717641.5441176471,2026093002,readout
142.7734375,36550.0,256,C,247.76622172598707,37.780653274012934,uniform,button,average,727663.2582720588,2026093002,readout
46.484375,11900.0,256,A,120.68537155808244,-27.716621558082437,uniform,big_blind,current,363438.57230392157,2026093002,readout
93.75,24000.0,256,A,176.07085260187972,11.429147398120264,uniform,big_blind,average,447333.3333333333,2026093002,readout
100.78125,25800.0,256,C,166.3010628270868,35.261437172913205,uniform,big_blind,current,283371.9362745098,2026093002,readout
55.078125,14100.0,256,C,131.44781919309187,-21.291569193091874,uniform,big_blind,average,384993.7193627451,2026093002,readout
99.4140625,25450.0,256,A,154.23215341540848,44.595971584591524,uniform,overall,current,198362.40042892157,2026093003,readout
109.08203125,27925.0,256,A,166.79558728860857,51.36847521139142,uniform,overall,average,219870.6246170343,2026093003,readout
85.15625,21800.0,256,C,140.85521444807281,29.457285551927193,uniform,overall,current,204788.60294117648,2026093003,readout
86.9140625,22250.0,256,C,143.56683566549177,30.261289334508227,uniform,overall,average,211862.40042892157,2026093003,readout
128.90625,33000.0,256,A,227.03819654910626,30.77430345089374,uniform,button,current,635670.9558823529,2026093003,readout
103.7109375,26550.0,256,A,203.16967959697274,4.252195403027258,uniform,button,average,652976.3710171569,2026093003,readout
143.75,36800.0,256,C,239.99276433453744,47.50723566546256,uniform,button,current,611431.3725490196,2026093003,readout
85.9375,22000.0,256,C,184.83929692364785,-12.964296923647836,uniform,button,average,645683.8235294118,2026093003,readout
69.921875,17900.0,256,A,145.25970683123558,-5.415956831235576,uniform,big_blind,current,374660.38602941175,2026093003,readout
114.453125,29300.0,256,A,205.17380178596053,23.732448214039465,uniform,big_blind,average,543280.4840686275,2026093003,readout
26.5625,6800.0,256,C,102.90339711870516,-49.77839711870516,uniform,big_blind,current,384703.43137254904,2026093003,readout
87.890625,22500.0,256,C,166.47596320878108,9.305286791218919,uniform,big_blind,average,407656.70955882355,2026093003,readout
120.93098958333333,30958.333333333332,256,A,158.39055945986104,83.47141970680562,passive,overall,current,92626.89674394064,aggregate,readout
115.625,29600.0,256,A,151.91189789036974,79.33810210963027,passive,overall,average,86918.30065359478,aggregate,readout
106.31510416666667,27216.666666666668,256,C,145.65688743583107,66.97332089750228,passive,overall,current,102169.11339188453,aggregate,readout
100.91145833333333,25833.333333333332,256,C,135.66016363147455,66.16275303519211,passive,overall,average,79705.59300108932,aggregate,readout
193.9453125,49650.0,256,A,297.89336363494647,89.99726136505356,passive,button,current,713254.0466707516,aggregate,readout
182.16145833333334,46633.333333333336,256,A,284.9536534992426,79.36926316742408,passive,button,average,697480.102805011,aggregate,readout
176.69270833333334,45233.333333333336,256,C,283.6244683328858,69.76094833378092,passive,button,current,754787.9731753813,aggregate,readout
171.09375,43800.0,256,C,275.02852216786187,67.15897783213816,passive,button,average,713071.8273420479,aggregate,readout
47.916666666666664,12266.666666666666,256,A,125.49250542145438,-29.659172088121046,passive,big_blind,current,397250.54466230934,aggregate,readout
49.088541666666664,12566.666666666666,256,A,142.6288914546092,-44.45180812127588,passive,big_blind,average,577576.5080337691,aggregate,readout
35.9375,9200.0,256,C,118.39032738621812,-46.51532738621812,passive,big_blind,current,448768.7908496732,aggregate,readout
30.729166666666668,7866.666666666667,256,C,117.68171272505867,-56.22337939172533,passive,big_blind,average,499086.87363834423,aggregate,readout
108.203125,27700.0,256,A,156.77701863836467,59.629231361635334,passive,overall,current,155746.17034313726,2026093001,readout
112.20703125,28725.0,256,A,155.6213869016747,68.7926755983253,passive,overall,average,124416.58049938726,2026093001,readout
104.296875,26700.0,256,C,157.77735911589997,50.816390884100045,passive,overall,current,188800.0919117647,2026093001,readout
84.9609375,21750.0,256,C,125.97739121935541,43.94448378064458,passive,overall,average,111052.35140931372,2026093001,readout
195.3125,50000.0,256,A,308.99093963182173,81.63406036817825,passive,button,current,853036.7647058824,2026093001,readout
144.7265625,37050.0,256,A,253.92450762380844,35.52861737619155,passive,button,average,787119.140625,2026093001,readout
144.53125,37000.0,256,C,264.238210052445,24.824289947554988,passive,button,current,945911.1519607843,2026093001,readout
162.109375,41500.0,256,C,266.97004731902416,57.24870268097584,passive,button,average,725833.1801470588,2026093001,readout
21.09375,5400.0,256,A,112.24220445236848,-70.05470445236848,passive,big_blind,current,548416.0539215687,2026093001,readout
79.6875,20400.0,256,A,178.9445625050674,-19.56956250506741,passive,big_blind,average,650330.8823529412,2026093001,readout
64.0625,16400.0,256,C,154.6628834101897,-26.537883410189707,passive,big_blind,current,541840.6862745098,2026093001,readout
7.8125,2000.0,256,C,102.94684901430797,-87.32184901430797,passive,big_blind,average,597428.9215686275,2026093001,readout
141.2109375,36150.0,256,A,191.1990094405467,91.22286555945331,passive,overall,current,164946.959252451,2026093002,readout
109.375,28000.0,256,A,153.5053014369422,65.2446985630578,passive,overall,average,128553.92156862745,2026093002,readout
107.2265625,27450.0,256,C,157.44150404119844,57.01162095880156,passive,overall,current,166447.571997549,2026093002,readout
98.73046875,25275.0,256,C,139.40922177849646,58.05171572150354,passive,overall,average,109231.22510723039,2026093002,readout
212.109375,54300.0,256,A,319.4117624412451,104.80698755875488,passive,button,current,760029.2585784313,2026093002,readout
203.125,52000.0,256,A,307.49304705311647,98.75695294688352,passive,button,average,719029.4117647059,2026093002,readout
181.25,46400.0,256,C,293.2053322159253,69.29466778407473,passive,button,current,827372.5490196078,2026093002,readout
169.3359375,43350.0,256,C,276.6409066490505,62.03096835094948,passive,button,average,760065.8318014706,2026093002,readout
70.3125,18000.0,256,A,160.06467376432875,-19.43967376432873,passive,big_blind,current,531742.6470588235,2026093002,readout
15.625,4000.0,256,A,115.91310184815639,-84.66310184815639,passive,big_blind,average,663911.7647058824,2026093002,readout
33.203125,8500.0,256,C,135.5291158235442,-69.12286582354422,passive,big_blind,current,691167.7389705882,2026093002,readout
28.125,7200.0,256,C,126.7465198533294,-70.4965198533294,passive,big_blind,average,642029.4117647059,2026093002,readout
113.37890625,29025.0,256,A,164.03228995208963,62.72552254791039,passive,overall,current,169366.87155330883,2026093003,readout
125.29296875,32075.0,256,A,171.25115646797036,79.33478103202964,passive,overall,average,139423.93344056373,2026093003,readout
107.421875,27500.0,256,C,160.85339014727703,53.99035985272296,passive,overall,current,188454.5036764706,2026093003,readout
119.04296875,30475.0,256,C,164.45315293307533,73.63278456692467,passive,overall,average,136118.7863817402,2026093003,readout
174.4140625,44650.0,256,A,297.8116985347667,51.016426465233295,passive,button,current,1005136.9102328431,2026093003,readout
198.6328125,50850.0,256,A,313.4817694846393,83.78385551536071,passive,button,average,870694.2018995098,2026093003,readout
204.296875,52300.0,256,C,325.1344686011719,83.45928139882813,passive,button,current,963863.8174019608,2026093003,readout
181.8359375,46550.0,256,C,298.26235712899984,65.40951787100018,passive,button,average,894776.616115196,2026093003,readout
52.34375,13400.0,256,A,138.20704868444665,-33.51954868444666,passive,big_blind,current,486661.15196078434,2026093003,readout
51.953125,13300.0,256,A,155.57467987056538,-51.668429870565376,passive,big_blind,average,708780.4840686275,2026093003,readout
10.546875,2700.0,256,C,104.13786555238076,-83.04411555238076,passive,big_blind,current,578202.0526960784,2026093003,readout
56.25,14400.0,256,C,146.456299420191,-33.956299420191,passive,big_blind,average,537137.2549019608,2026093003,readout
-10.05859375,-2575.0,256,A,31.40551878481468,-51.52270628481468,pot_pressure,overall,current,113489.65886267701,aggregate,readout
10.709635416666668,2741.666666666667,256,A,51.54261385669359,-30.12334302336026,pot_pressure,overall,average,110061.05217694717,aggregate,readout
1.3346354166666663,341.6666666666666,256,C,40.86730585898577,-38.198035025652445,pot_pressure,overall,current,103162.97211158769,aggregate,readout
7.2265625,1850.0,256,C,46.978771178267195,-32.525646178267195,pot_pressure,overall,average,104311.95108251635,aggregate,readout
-58.0078125,-14850.0,256,A,4.814956171439441,-120.83058117143943,pot_pressure,button,current,260522.76943763616,aggregate,readout
-20.8984375,-5350.0,256,A,41.193583445573424,-82.99045844557342,pot_pressure,button,average,254497.27243327888,aggregate,readout
-42.903645833333336,-10983.333333333334,256,C,14.582623869596624,-100.38991553626329,pot_pressure,button,current,218142.2547317538,aggregate,readout
-41.796875,-10700.0,256,C,18.869587793165216,-102.46333779316521,pot_pressure,button,average,242945.51674836603,aggregate,readout
37.890625,9700.0,256,A,95.43689885238007,-19.65564885238006,pot_pressure,big_blind,current,218597.88602941178,aggregate,readout
42.317708333333336,10833.333333333334,256,A,97.75617967734654,-13.120763010679866,pot_pressure,big_blind,average,202877.57012527235,aggregate,readout
45.572916666666664,11666.666666666666,256,C,102.12018182111171,-10.974348487778386,pot_pressure,big_blind,current,211074.0059912854,aggregate,readout
56.25,14400.0,256,C,111.57917699328546,0.9208230067145422,pot_pressure,big_blind,average,202078.431372549,aggregate,readout
-23.14453125,-5925.0,256,A,20.935928161614576,-67.22499066161458,pot_pressure,overall,current,128263.70059742648,2026093001,readout
5.17578125,1325.0,256,A,48.14485874665702,-37.79329624665702,pot_pressure,overall,average,121877.51799938726,2026093001,readout
3.61328125,925.0,256,C,49.29948259292054,-42.07292009292054,pot_pressure,overall,current,137778.55966605392,2026093001,readout
7.12890625,1825.0,256,C,50.510843702793316,-36.253031202793316,pot_pressure,overall,average,124230.84214154411,2026093001,readout
-73.6328125,-18850.0,256,A,0.3949171376069103,-147.6605421376069,pot_pressure,button,current,361743.22150735295,2026093001,readout
-34.5703125,-8850.0,256,A,37.59709491034998,-106.73771991034998,pot_pressure,button,average,343790.402879902,2026093001,readout
-28.3203125,-7250.0,256,C,38.943202678448955,-95.58382767844896,pot_pressure,button,current,298655.5989583333,2026093001,readout
-36.5234375,-9350.0,256,C,31.910680301715047,-104.95755530171505,pot_pressure,button,average,309141.1994485294,2026093001,readout
27.34375,7000.0,256,A,84.56189888895818,-29.874398888958176,pot_pressure,big_blind,current,216112.13235294117,2026093001,readout
44.921875,11500.0,256,A,99.71340048484373,-9.869650484843731,pot_pressure,big_blind,average,198170.1899509804,2026093001,readout
35.546875,9100.0,256,C,96.67935031786486,-25.58560031786486,pot_pressure,big_blind,current,246692.2487745098,2026093001,readout
50.78125,13000.0,256,C,107.72424202057258,-6.161742020572582,pot_pressure,big_blind,average,214038.60294117648,2026093001,readout
-16.89453125,-4325.0,256,A,31.42093647822317,-65.20999897822317,pot_pressure,overall,current,154093.35746017157,2026093002,readout
1.46484375,375.0,256,A,46.27401520325993,-43.34432770325993,pot_pressure,overall,average,132539.51248468139,2026093002,readout
-6.8359375,-1750.0,256,C,37.18183728570952,-50.85371228570952,pot_pressure,overall,current,127899.16513480392,2026093002,readout
1.5625,400.0,256,C,44.165783611321615,-41.040783611321615,pot_pressure,overall,average,119811.27450980392,2026093002,readout
-74.0234375,-18950.0,256,A,3.311127446854698,-151.3580024468547,pot_pressure,button,current,394783.3563112745,2026093002,readout
-33.0078125,-8450.0,256,A,35.44695374988855,-101.46257874988855,pot_pressure,button,average,309327.78033088235,2026093002,readout
-46.09375,-11800.0,256,C,21.935536598184328,-114.12303659818433,pot_pressure,button,current,305494.48529411765,2026093002,readout
-56.25,-14400.0,256,C,12.222735332688629,-124.72273533268863,pot_pressure,button,average,309490.1960784314,2026093002,readout
40.234375,10300.0,256,A,102.52641483003077,-22.05766483003078,pot_pressure,big_blind,current,256139.55269607843,2026093002,readout
35.9375,9200.0,256,A,96.5149157884686,-24.6399157884686,pot_pressure,big_blind,average,242232.8431372549,2026093002,readout
32.421875,8300.0,256,C,93.10292298703075,-28.25917298703076,pot_pressure,big_blind,current,243062.34681372548,2026093002,readout
59.375,15200.0,256,C,115.33807148742831,3.4119285125716914,pot_pressure,big_blind,average,206735.29411764705,2026093002,readout
9.86328125,2525.0,256,A,56.714500858247426,-36.987938358247426,pot_pressure,overall,current,144894.98123468139,2026093003,readout
25.48828125,6525.0,256,A,70.543206000746,-19.566643500745997,pot_pressure,overall,average,133997.30966605392,2026093003,readout
7.2265625,1850.0,256,C,52.40645817551386,-37.95333317551386,pot_pressure,overall,current,134741.68964460783,2026093003,readout
12.98828125,3325.0,256,C,55.78326465487642,-29.80670215487642,pot_pressure,overall,average,120891.91750919117,2026093003,readout
-26.3671875,-6750.0,256,A,43.19849756595595,-95.93287256595595,pot_pressure,button,current,319449.1038602941,2026093003,readout
4.8828125,1250.0,256,A,73.70232436332448,-63.93669936332448,pot_pressure,button,average,312632.9273897059,2026093003,readout
-54.296875,-13900.0,256,C,16.11583041769964,-124.70958041769964,pot_pressure,button,current,327275.58210784313,2026093003,readout
-32.6171875,-8350.0,256,C,31.747845725456457,-96.98222072545646,pot_pressure,button,average,273471.16268382355,2026093003,readout
46.09375,11800.0,256,A,107.06545836024887,-14.877958360248869,pot_pressure,big_blind,current,245396.44607843139,2026093003,readout
46.09375,11800.0,256,A,100.95175218967542,-8.764252189675418,pot_pressure,big_blind,average,198651.3480392157,2026093003,readout
68.75,17600.0,256,C,127.41457155913861,10.0854284408614,pot_pressure,big_blind,current,227176.4705882353,2026093003,readout
58.59375,15000.0,256,C,117.69774557087328,-0.5102455708732876,pot_pressure,big_blind,average,230592.52450980392,2026093003,readout
54.036458333333336,13833.333333333334,256,A,67.85815105244826,40.21476561421841,tight_passive,overall,current,12610.549428104574,aggregate,readout
43.001302083333336,11008.333333333334,256,A,61.36774736492504,24.634856801741638,tight_passive,overall,average,22267.002612677017,aggregate,readout
56.54296875,14475.0,256,C,68.58878918062211,44.497148319377885,tight_passive,overall,current,9578.209039692267,aggregate,readout
52.180989583333336,13358.333333333334,256,C,65.12909410025179,39.23288506641487,tight_passive,overall,average,11066.84772433279,aggregate,readout
57.8125,14800.0,256,A,79.63649326205609,35.988506737943915,tight_passive,button,current,31439.814814814814,aggregate,readout
38.0859375,9750.0,256,A,68.81003908713811,7.3618359128618955,tight_passive,button,average,62311.746834150326,aggregate,readout
64.77864583333333,16583.333333333332,256,C,83.9498643496272,45.60742731703945,tight_passive,button,current,24261.12728077342,aggregate,readout
58.3984375,14950.0,256,C,80.5542227460605,36.2426522539395,tight_passive,button,average,32403.045853758173,aggregate,readout
50.260416666666664,12866.666666666666,256,A,70.83669533934194,29.68413799399138,tight_passive,big_blind,current,27947.64433551198,aggregate,readout
47.916666666666664,12266.666666666666,256,A,69.8154856454309,26.01784768790244,tight_passive,big_blind,average,31655.773420479305,aggregate,readout
48.307291666666664,12366.666666666666,256,C,63.91277468293123,32.7018086504021,tight_passive,big_blind,current,16075.554874727668,aggregate,readout
45.963541666666664,11766.666666666666,256,C,61.4264741879901,30.500609145343226,tight_passive,big_blind,average,15783.207380174292,aggregate,readout
49.12109375,12575.0,256,A,66.67056595807753,31.571621541922475,tight_passive,overall,current,20330.106847426472,2026093001,readout
33.7890625,8650.0,256,A,55.88940473259318,11.688720267406826,tight_passive,overall,average,32241.076899509804,2026093001,readout
57.03125,14600.0,256,C,71.59417935914855,42.468320640851445,tight_passive,overall,current,13999.387254901962,2026093001,readout
45.01953125,11525.0,256,C,64.37607459300494,25.662987906995053,tight_passive,overall,average,24732.450597426472,2026093001,readout
50.1953125,12850.0,256,A,77.92959500884122,22.46102999115878,tight_passive,button,current,50774.471507352944,2026093001,readout
25.0,6400.0,256,A,61.21383305255953,-11.21383305255953,tight_passive,button,average,86568.62745098039,2026093001,readout
64.84375,16600.0,256,C,82.81042539115717,46.877074608842825,tight_passive,button,current,21308.210784313724,2026093001,readout
48.2421875,12350.0,256,C,76.1730768181439,20.311298181856106,tight_passive,button,average,51496.897977941175,2026093001,readout
48.046875,12300.0,256,A,70.988124299097,25.105625700903005,tight_passive,big_blind,current,34741.268382352944,2026093001,readout
42.578125,10900.0,256,A,70.33211623076583,14.824133769234166,tight_passive,big_blind,average,50846.660539215685,2026093001,readout
49.21875,12600.0,256,C,73.44572421856394,24.991775781436058,tight_passive,big_blind,current,38744.48529411765,2026093001,readout
41.796875,10700.0,256,C,69.46175709244235,14.131992907557649,tight_passive,big_blind,average,50520.680147058825,2026093001,readout
53.515625,13700.0,256,A,69.83079279770558,37.200457202294416,tight_passive,overall,current,17570.92524509804,2026093002,readout
49.21875,12600.0,256,A,66.05893534667426,32.37856465332574,tight_passive,overall,average,18719.975490196077,2026093002,readout
55.37109375,14175.0,256,C,70.97938077522365,39.762806724776354,tight_passive,overall,current,16081.332337622549,2026093002,readout
59.9609375,15350.0,256,C,75.4859505642212,44.4359244357788,tight_passive,overall,average,15910.194546568628,2026093002,readout
50.390625,12900.0,256,A,78.5790233489135,22.202226651086512,tight_passive,button,current,52450.82720588235,2026093002,readout
47.265625,12100.0,256,A,75.32530061628887,19.205949383711125,tight_passive,button,average,51972.88602941176,2026093002,readout
65.8203125,16850.0,256,C,95.2293882871166,36.411236712883394,tight_passive,button,current,57091.87346813725,2026093002,readout
74.21875,19000.0,256,C,102.77866670229517,45.65883329770483,tight_passive,button,average,53842.52450980392,2026093002,readout
56.640625,14500.0,256,A,73.07935674700681,40.20189325299319,tight_passive,big_blind,current,17838.082107843136,2026093002,readout
51.171875,13100.0,256,A,71.5348352258524,30.808914774147592,tight_passive,big_blind,average,27371.170343137255,2026093002,readout
44.921875,11500.0,256,C,55.41508912763773,34.42866087236227,tight_passive,big_blind,current,7268.229166666667,2026093002,readout
45.703125,11700.0,256,C,57.73125199755369,33.67499800244631,tight_passive,big_blind,average,9550.091911764706,2026093002,readout
59.47265625,15225.0,256,A,75.5601430491093,43.3851694508907,tight_passive,overall,current,17083.936504289217,2026093003,readout
45.99609375,11775.0,256,A,67.15228830083439,24.839899199165608,tight_passive,overall,average,29545.180376838234,2026093003,readout
57.2265625,14650.0,256,C,72.28692151454469,42.16620348545531,tight_passive,overall,current,14972.081801470587,2026093003,readout
51.5625,13200.0,256,C,64.42677942250195,38.69822057749805,tight_passive,overall,average,10924.019607843138,2026093003,readout
72.8515625,18650.0,256,A,102.17505523490861,43.52806976509139,tight_passive,button,current,56760.07199754902,2026093003,readout
41.9921875,10750.0,256,A,79.960735334019,4.023639665981001,tight_passive,button,average,95161.11366421569,2026093003,readout
63.671875,16300.0,256,C,84.36403712223608,42.979712877763916,tight_passive,button,current,28263.327205882353,2026093003,readout
52.734375,13500.0,256,C,75.39430451362715,30.074445486372852,tight_passive,button,average,33894.45465686275,2026093003,readout
46.09375,11800.0,256,A,70.68126787775776,21.506232122242245,tight_passive,big_blind,current,39906.25,2026093003,readout
50.0,12800.0,256,A,69.6205709927431,30.379429007256906,tight_passive,big_blind,average,25411.764705882353,2026093003,readout
50.78125,13000.0,256,C,73.0667929379565,28.495707062043493,tight_passive,big_blind,current,32783.700980392154,2026093003,readout
50.390625,12900.0,256,C,63.829352277984235,36.951897722015765,tight_passive,big_blind,average,11921.41544117647,2026093003,readout
-11.002604166666668,-2816.666666666667,256,A,17.968357919974316,-39.97356625330765,loose_passive,overall,current,55403.522433278864,aggregate,readout
-2.5390624999999996,-649.9999999999999,256,A,25.307478783200168,-30.385603783200168,loose_passive,overall,average,51186.338337418296,aggregate,readout
-14.2578125,-3650.0,256,C,15.305119300057328,-43.82074430005733,loose_passive,overall,current,57690.79776007625,aggregate,readout
-9.9609375,-2550.0,256,C,22.864188003006383,-42.78606300300638,loose_passive,overall,average,71125.33615876906,aggregate,readout
-56.0546875,-14350.0,256,A,2.934620348399733,-115.04399534839973,loose_passive,button,current,229698.49111519608,aggregate,readout
-33.268229166666664,-8516.666666666666,256,A,25.78172299394494,-92.31818132727827,loose_passive,button,average,230171.0197099673,aggregate,readout
-62.565104166666664,-16016.666666666666,256,C,4.228868922117833,-129.35907725545115,loose_passive,button,current,294500.5404071351,aggregate,readout
-42.252604166666664,-10816.666666666666,256,C,24.36970946961835,-108.87491780295167,loose_passive,button,average,292988.762084695,aggregate,readout
34.049479166666664,8716.666666666666,256,A,82.66031245786068,-14.561354124527355,loose_passive,big_blind,current,155983.1452546296,aggregate,readout
28.190104166666668,7216.666666666667,256,A,79.65373505726872,-23.273526723935387,loose_passive,big_blind,average,174828.56328295206,aggregate,readout
34.049479166666664,8716.666666666666,256,C,83.6842596639954,-15.585301330662077,loose_passive,big_blind,current,162623.66813044663,aggregate,readout
22.330729166666668,5716.666666666667,256,C,74.5969377800767,-29.93547944674336,loose_passive,big_blind,average,180324.00173611112,aggregate,readout
-12.01171875,-3075.0,256,A,24.602793171003718,-48.62623067100372,loose_passive,overall,current,88494.85868566176,2026093001,readout
2.9296875,750.0,256,A,35.165477721856554,-29.306102721856554,loose_passive,overall,average,68594.32444852941,2026093001,readout
-1.953125,-500.0,256,C,34.83061963358546,-38.73686963358546,loose_passive,overall,current,89314.79779411765,2026093001,readout
-4.98046875,-1275.0,256,C,31.660874944421238,-41.62181244442124,loose_passive,overall,average,88624.60746017157,2026093001,readout
-50.78125,-13000.0,256,A,19.498262612023424,-121.06076261202342,loose_passive,button,current,326038.60294117645,2026093001,readout
-38.4765625,-9850.0,256,A,23.883592072638976,-100.83671707263898,loose_passive,button,average,256700.02297794117,2026093001,readout
-20.5078125,-5250.0,256,C,55.08250170495401,-96.09812670495401,loose_passive,button,current,377175.8195465686,2026093001,readout
-34.375,-8800.0,256,C,39.22333323213667,-107.97333323213667,loose_passive,button,average,357558.82352941175,2026093001,readout
26.7578125,6850.0,256,A,85.22925637871835,-31.713631378718347,loose_passive,big_blind,current,225683.1724877451,2026093001,readout
44.3359375,11350.0,256,A,102.14837111144718,-13.476496111447169,loose_passive,big_blind,average,220624.65533088235,2026093001,readout
16.6015625,4250.0,256,C,76.1665568132269,-42.963431813226904,loose_passive,big_blind,current,234203.6994485294,2026093001,readout
24.4140625,6250.0,256,C,79.20911913977841,-30.380994139778416,loose_passive,big_blind,average,198195.7337622549,2026093001,readout
-12.109375,-3100.0,256,A,23.551667856453,-47.770417856453,loose_passive,overall,current,83945.92524509804,2026093002,readout
-18.359375,-4700.0,256,A,17.067671298637038,-53.78642129863704,loose_passive,overall,average,82847.88602941176,2026093002,readout
-28.02734375,-7175.0,256,C,9.760598100861792,-65.81528560086178,loose_passive,overall,current,94257.95611213235,2026093002,readout
-18.75,-4800.0,256,C,22.656860422484883,-60.15686042248488,loose_passive,overall,average,113176.4705882353,2026093002,readout
-49.0234375,-12550.0,256,A,16.056228822113198,-114.1031038221132,loose_passive,button,current,279577.4739583333,2026093002,readout
-37.6953125,-9650.0,256,A,29.502619248063084,-104.89324424806308,loose_passive,button,average,298073.4911151961,2026093002,readout
-92.578125,-23700.0,256,C,-13.672740236077786,-171.4835097639222,loose_passive,button,current,410983.91544117645,2026093002,readout
-50.1953125,-12850.0,256,C,30.72164534723774,-131.11227034723774,loose_passive,button,average,432205.84405637253,2026093002,readout
24.8046875,6350.0,256,A,80.05595916159115,-30.44658416159114,loose_passive,big_blind,current,201509.765625,2026093002,readout
0.9765625,250.0,256,A,58.15506760402227,-56.20194260402227,loose_passive,big_blind,average,215812.7680759804,2026093002,readout
36.5234375,9350.0,256,C,87.33634264661347,-14.289467646613481,loose_passive,big_blind,current,170435.31709558822,2026093002,readout
12.6953125,3250.0,256,C,66.09087005684678,-40.70024505684678,loose_passive,big_blind,average,188200.94209558822,2026093002,readout
-8.88671875,-2275.0,256,A,28.550482001387515,-46.323919501387515,loose_passive,overall,current,92516.30476409313,2026093003,readout
7.8125,2000.0,256,A,41.808888261456,-26.183888261455998,loose_passive,overall,average,76291.66666666667,2026093003,readout
-12.79296875,-3275.0,256,C,26.68494054843945,-52.27087804843945,loose_passive,overall,current,102877.36481311274,2026093003,readout
-6.15234375,-1575.0,256,C,33.77332132672985,-46.07800882672985,loose_passive,overall,average,105224.2551317402,2026093003,readout
-68.359375,-17500.0,256,A,1.7609816925598238,-138.47973169255982,loose_passive,button,current,324563.57230392157,2026093003,readout
-23.6328125,-6050.0,256,A,45.757583600808104,-93.0232086008081,loose_passive,button,average,317841.2607230392,2026093003,readout
-74.609375,-19100.0,256,C,5.973744518797432,-155.19249451879745,loose_passive,button,current,428646.9056372549,2026093003,readout
-42.1875,-10800.0,256,C,33.97420088918429,-118.34920088918429,loose_passive,button,average,382899.50980392157,2026093003,readout
50.5859375,12950.0,256,A,106.38417696115745,-5.212301961157451,loose_passive,big_blind,current,205519.2631740196,2026093003,readout
39.2578125,10050.0,256,A,94.78418193402123,-16.268556934021227,loose_passive,big_blind,average,203521.40778186274,2026093003,readout
49.0234375,12550.0,256,C,107.64609740584771,-9.59922240584772,loose_passive,big_blind,current,226851.9837622549,2026093003,readout
29.8828125,7650.0,256,C,90.43792372222416,-30.67229872222415,loose_passive,big_blind,average,242054.49601715687,2026093003,readout
53.90625,13800.0,256,A,74.94431620998836,32.868183790011635,tight_aggressive,overall,current,29216.162854030503,aggregate,readout
51.009114583333336,13058.333333333334,256,A,73.0638621112794,28.95436705538726,tight_aggressive,overall,average,32108.182487404683,aggregate,readout
56.282552083333336,14408.333333333334,256,C,78.14417856314004,34.420925603526626,tight_aggressive,overall,current,31548.337716162856,aggregate,readout
54.915364583333336,14058.333333333334,256,C,77.99967398790498,31.831055178761687,tight_aggressive,overall,average,35175.90784143518,aggregate,readout
59.049479166666664,15116.666666666666,256,A,91.52496758851518,26.573990744818147,tight_aggressive,button,current,69618.22150735294,aggregate,readout
60.026041666666664,15366.666666666666,256,A,91.46142162460697,28.59066170872635,tight_aggressive,button,average,65230.23897058824,aggregate,readout
64.97395833333333,16633.333333333332,256,C,90.35846475644942,39.58945191021723,tight_aggressive,button,current,42535.249863834426,aggregate,readout
71.22395833333333,18233.333333333332,256,C,102.45538551035717,39.99253115630948,tight_aggressive,button,average,64386.557053376906,aggregate,readout
48.763020833333336,12483.333333333334,256,A,83.56199542825674,13.964046238409935,tight_aggressive,big_blind,current,79936.37237881264,aggregate,readout
41.9921875,10750.0,256,A,76.8097257974312,7.174649202568801,tight_aggressive,big_blind,average,80021.68011301743,aggregate,readout
47.591145833333336,12183.333333333334,256,C,87.55436179618255,7.627929870484117,tight_aggressive,big_blind,current,105422.27924155774,aggregate,readout
38.606770833333336,9883.333333333334,256,C,74.0657136361897,3.1478280304769726,tight_aggressive,big_blind,average,82997.13626770153,aggregate,readout
53.61328125,13725.0,256,A,78.77983666354287,28.44672583645713,tight_aggressive,overall,current,41807.971430759804,2026093001,readout
41.796875,10700.0,256,A,71.18634521131406,12.40740478868593,tight_aggressive,overall,average,57015.77818627451,2026093001,readout
52.44140625,13425.0,256,C,81.49167101265543,23.391141487344573,tight_aggressive,overall,current,55707.25145526961,2026093001,readout
48.14453125,12325.0,256,C,74.93470110229178,21.354361397708217,tight_aggressive,overall,average,47376.445695465685,2026093001,readout
57.421875,14700.0,256,A,98.50529816379587,16.33845183620413,tight_aggressive,button,current,111415.28799019608,2026093001,readout
50.1953125,12850.0,256,A,88.51150922484592,11.879115775154084,tight_aggressive,button,average,96911.72640931372,2026093001,readout
50.0,12800.0,256,C,88.472869977529,11.527130022471006,tight_aggressive,button,current,97705.88235294117,2026093001,readout
51.953125,13300.0,256,C,92.48195227298618,11.424297727013816,tight_aggressive,button,average,108427.54289215687,2026093001,readout
49.8046875,12750.0,256,A,89.34557148242358,10.26380351757642,tight_aggressive,big_blind,current,103205.84405637255,2026093001,readout
33.3984375,8550.0,256,A,77.97456699456265,-11.177691994562643,tight_aggressive,big_blind,average,131164.4837622549,2026093001,readout
54.8828125,14050.0,256,C,101.57091887673127,8.194706123268723,tight_aggressive,big_blind,current,143887.8293504902,2026093001,readout
44.3359375,11350.0,256,C,83.67482375898354,4.997051241016472,tight_aggressive,big_blind,average,102154.06709558824,2026093001,readout
51.07421875,13075.0,256,A,76.16458444344667,25.98385305655333,tight_aggressive,overall,current,41555.21407781863,2026093002,readout
57.12890625,14625.0,256,A,79.4281351173122,34.82967738268781,tight_aggressive,overall,average,32823.97939644608,2026093002,readout
46.2890625,11850.0,256,C,71.33931556169193,21.238809438308074,tight_aggressive,overall,current,41422.44944852941,2026093002,readout
53.80859375,13775.0,256,C,81.2271837551761,26.390003744823904,tight_aggressive,overall,average,49625.14361213235,2026093002,readout
53.90625,13800.0,256,A,94.34487976140656,13.46762023859344,tight_aggressive,button,current,107945.4656862745,2026093002,readout
74.609375,19100.0,256,A,116.62508635613689,32.59366364386311,tight_aggressive,button,average,116529.25857843137,2026093002,readout
58.7890625,15050.0,256,C,90.78082001995921,26.79730498004079,tight_aggressive,button,current,67559.7043504902,2026093002,readout
73.046875,18700.0,256,C,115.16078587770278,30.93296412229722,tight_aggressive,button,average,117074.60171568628,2026093002,readout
48.2421875,12350.0,256,A,83.40877072536651,13.075604274633498,tight_aggressive,big_blind,current,81634.15287990196,2026093002,readout
39.6484375,10150.0,256,A,73.21899758225685,6.077877417743153,tight_aggressive,big_blind,average,74392.4249387255,2026093002,readout
33.7890625,8650.0,256,C,75.21759961483865,-7.639474614838647,tight_aggressive,big_blind,current,113294.99846813726,2026093002,readout
34.5703125,8850.0,256,C,69.97248279136934,-0.8318577913693446,tight_aggressive,big_blind,average,82731.5793504902,2026093002,readout
57.03125,14600.0,256,A,82.09438821803192,31.968111781968084,tight_aggressive,overall,current,41465.07352941176,2026093003,readout
54.1015625,13850.0,256,A,80.24891454036701,27.95421045963299,tight_aggressive,overall,average,45130.170036764706,2026093003,readout
70.1171875,17950.0,256,C,91.30652731261873,48.92784768738127,tight_aggressive,overall,current,29637.829350490196,2026093003,readout
62.79296875,16075.0,256,C,85.4586549925644,40.127282507435595,tight_aggressive,overall,average,33911.678538602944,2026093003,readout
65.8203125,16850.0,256,A,107.99019246460816,23.65043253539185,tight_aggressive,button,current,117385.99111519608,2026093003,readout
55.2734375,14150.0,256,A,95.74091535020335,14.805959649796648,tight_aggressive,button,average,108099.53278186274,2026093003,readout
86.1328125,22050.0,256,C,111.47841925713395,60.78720574286605,tight_aggressive,button,current,42404.986213235294,2026093003,readout
88.671875,22700.0,256,C,118.14020113267614,59.20354886732387,tight_aggressive,button,average,57322.15073529412,2026093003,readout
48.2421875,12350.0,256,A,82.4149070988476,14.069467901152393,tight_aggressive,big_blind,current,77085.13327205883,2026093003,readout
52.9296875,13550.0,256,A,86.22056859241314,19.638806407586856,tight_aggressive,big_blind,average,73158.0499387255,2026093003,readout
54.1015625,13850.0,256,C,93.89383701431245,14.309287985687547,tight_aggressive,big_blind,current,104522.3268995098,2026093003,readout
36.9140625,9450.0,256,C,72.17929439388406,1.6488306061159363,tight_aggressive,big_blind,average,82092.79258578431,2026093003,readout
12.565104166666668,3216.666666666667,256,A,44.00655647593733,-18.876348142603995,loose_aggressive,overall,current,65255.442367919386,aggregate,readout
-8.072916666666666,-2066.6666666666665,256,A,24.54667025930425,-40.69250359263758,loose_aggressive,overall,average,70237.40468409586,aggregate,readout
28.190104166666668,7216.666666666667,256,C,58.52037722691517,-2.140168893581837,loose_aggressive,overall,current,60724.53278186275,aggregate,readout
12.955729166666666,3316.6666666666665,256,C,44.94155407677925,-19.03009574344592,loose_aggressive,overall,average,67534.64988425926,aggregate,readout
5.598958333333335,1433.3333333333337,256,A,76.66139027186921,-65.46347360520255,loose_aggressive,button,current,333343.25639978214,aggregate,readout
-2.4739583333333335,-633.3333333333334,256,A,69.23589466764871,-74.18381133431537,loose_aggressive,button,average,339444.8359204793,aggregate,readout
43.880208333333336,11233.333333333334,256,C,109.71736790868516,-21.956951242018498,loose_aggressive,button,current,286123.6213235294,aggregate,readout
20.182291666666668,5166.666666666667,256,C,93.07584083712217,-52.71125750378883,loose_aggressive,button,average,350743.5831971677,aggregate,readout
19.53125,5000.0,256,A,87.64520397488084,-48.58270397488084,loose_aggressive,big_blind,current,306255.378540305,aggregate,readout
-13.671875,-3500.0,256,A,54.581402059427234,-81.92515205942723,loose_aggressive,big_blind,average,307509.51456971676,aggregate,readout
12.499999999999998,3199.9999999999995,256,C,79.9595202777659,-54.959520277765904,loose_aggressive,big_blind,current,300398.69281045755,aggregate,readout
5.729166666666666,1466.6666666666665,256,C,71.31447181616318,-59.85613848282984,loose_aggressive,big_blind,average,283938.7254901961,aggregate,readout
6.15234375,1575.0,256,A,46.34772356308276,-34.04303606308276,loose_aggressive,overall,current,106650.7257199755,2026093001,readout
-23.6328125,-6050.0,256,A,21.540764899867625,-68.80638989986763,loose_aggressive,overall,average,134704.00582107843,2026093001,readout
13.76953125,3525.0,256,C,54.79412260275538,-27.25506010275538,loose_aggressive,overall,current,111096.42118566176,2026093001,readout
-2.44140625,-625.0,256,C,40.38335096854537,-45.26616346854537,loose_aggressive,overall,average,121060.1926317402,2026093001,readout
14.2578125,3650.0,256,A,94.10234184552856,-65.58671684552856,loose_aggressive,button,current,420825.3293504902,2026093001,readout
-32.03125,-8200.0,256,A,51.78338071976205,-115.84588071976205,loose_aggressive,button,average,463715.07352941175,2026093001,readout
22.8515625,5850.0,256,C,102.72151925126545,-57.01839425126545,loose_aggressive,button,current,421093.40533088235,2026093001,readout
1.3671875,350.0,256,C,85.41351827772371,-82.67914327772371,loose_aggressive,button,average,466282.43719362747,2026093001,readout
-1.953125,-500.0,256,A,76.23491325706775,-80.14116325706775,loose_aggressive,big_blind,current,403545.1899509804,2026093001,readout
-15.234375,-3900.0,256,A,58.568736428239205,-89.0374864282392,loose_aggressive,big_blind,average,359551.3174019608,2026093001,readout
4.6875,1200.0,256,C,81.6214165336945,-72.2464165336945,loose_aggressive,big_blind,current,390703.43137254904,2026093001,readout
-6.25,-1600.0,256,C,71.81674475144675,-84.31674475144675,loose_aggressive,big_blind,average,402294.1176470588,2026093001,readout
38.57421875,9875.0,256,A,81.04242999330634,-3.8939924933063352,loose_aggressive,overall,current,119052.76309742648,2026093002,readout
-4.296875,-1100.0,256,A,38.14987100324521,-46.74362100324521,loose_aggressive,overall,average,118932.44485294117,2026093002,readout
20.5078125,5250.0,256,C,61.591369818095025,-20.575744818095025,loose_aggressive,overall,current,111416.015625,2026093002,readout
32.03125,8200.0,256,C,71.83688459640068,-7.7743845964006795,loose_aggressive,overall,average,104592.52450980392,2026093002,readout
25.5859375,6550.0,256,A,114.51205619864955,-63.340181198649546,loose_aggressive,button,current,521999.65533088235,2026093002,readout
14.84375,3800.0,256,A,101.75920283563785,-72.07170283563785,loose_aggressive,button,average,498661.15196078434,2026093002,readout
32.8125,8400.0,256,C,111.1562788209334,-45.531278820933395,loose_aggressive,button,current,405154.4117647059,2026093002,readout
30.859375,7900.0,256,C,106.1924013858619,-44.4736513858619,loose_aggressive,button,average,374612.5919117647,2026093002,readout
51.5625,13200.0,256,A,127.28416247111132,-24.159162471111316,loose_aggressive,big_blind,current,378487.7450980392,2026093002,readout
-23.4375,-6000.0,256,A,54.609979670486666,-101.48497967048667,loose_aggressive,big_blind,average,402095.5882352941,2026093002,readout
8.203125,2100.0,256,C,86.37739039402865,-69.97114039402865,loose_aggressive,big_blind,current,403403.0330882353,2026093002,readout
33.203125,8500.0,256,C,104.60759690416148,-38.20134690416148,loose_aggressive,big_blind,average,336559.8958333333,2026093002,readout
-7.03125,-1800.0,256,A,34.825892716826694,-48.888392716826694,loose_aggressive,overall,current,115651.34803921569,2026093003,readout
3.7109375,950.0,256,A,39.565339020191566,-32.143464020191566,loose_aggressive,overall,average,84858.72395833333,2026093003,readout
50.29296875,12875.0,256,C,87.80661516527755,12.779322334722444,loose_aggressive,overall,current,92894.52167585785,2026093003,readout
9.27734375,2375.0,256,C,48.27062249620745,-29.71593499620745,loose_aggressive,overall,average,100367.02473958333,2026093003,readout
-23.046875,-5900.0,256,A,62.24907308465367,-108.34282308465367,loose_aggressive,button,current,480251.07230392157,2026093003,readout
9.765625,2500.0,256,A,85.19101012817222,-65.65976012817222,loose_aggressive,button,average,375531.70955882355,2026093003,readout
75.9765625,19450.0,256,C,149.3595656191839,2.5935593808160746,loose_aggressive,button,current,355469.63082107843,2026093003,readout
28.3203125,7250.0,256,C,111.1724677169323,-54.5318427169323,loose_aggressive,button,average,453126.18719362747,2026093003,readout
8.984375,2300.0,256,A,82.7708822869545,-64.8021322869545,loose_aggressive,big_blind,current,359389.55269607843,2026093003,readout
-2.34375,-600.0,256,A,69.95814274620486,-74.64564274620486,loose_aggressive,big_blind,average,345072.9166666667,2026093003,readout
24.609375,6300.0,256,C,93.80276549146453,-44.58401549146453,loose_aggressive,big_blind,current,316039.0625,2026093003,readout
-9.765625,-2500.0,256,C,62.62946427033327,-82.16071427033327,loose_aggressive,big_blind,average,345963.08210784313,2026093003,readout
