stage,panel,cell,readout,seed,position,decisions,metadata_available,metadata_missing,action_latency_over_5s
primary,lbr,A,current,2026093001,big_blind,2080,0,2080,0
primary,lbr,A,current,2026093001,button,2259,0,2259,0
primary,lbr,A,current,2026093001,overall,4339,0,4339,0
primary,lbr,A,current,2026093002,big_blind,2134,0,2134,0
primary,lbr,A,current,2026093002,button,2135,0,2135,0
primary,lbr,A,current,2026093002,overall,4269,0,4269,0
primary,lbr,A,current,2026093003,big_blind,2124,0,2124,0
primary,lbr,A,current,2026093003,button,2061,0,2061,0
primary,lbr,A,current,2026093003,overall,4185,0,4185,0
primary,lbr,C,current,2026093001,big_blind,2129,0,2129,0
primary,lbr,C,current,2026093001,button,2426,0,2426,0
primary,lbr,C,current,2026093001,overall,4555,0,4555,0
primary,lbr,C,current,2026093002,big_blind,2091,0,2091,0
primary,lbr,C,current,2026093002,button,2290,0,2290,0
primary,lbr,C,current,2026093002,overall,4381,0,4381,0
primary,lbr,C,current,2026093003,big_blind,2176,0,2176,0
primary,lbr,C,current,2026093003,button,2297,0,2297,0
primary,lbr,C,current,2026093003,overall,4473,0,4473,0
readout,lbr,A,average,2026093001,big_blind,571,0,571,0
readout,lbr,A,average,2026093001,button,633,0,633,0
readout,lbr,A,average,2026093001,overall,1204,0,1204,0
readout,lbr,A,average,2026093002,big_blind,562,0,562,0
readout,lbr,A,average,2026093002,button,550,0,550,0
readout,lbr,A,average,2026093002,overall,1112,0,1112,0
readout,lbr,A,average,2026093003,big_blind,595,0,595,0
readout,lbr,A,average,2026093003,button,611,0,611,0
readout,lbr,A,average,2026093003,overall,1206,0,1206,0
readout,lbr,A,current,2026093001,big_blind,529,0,529,0
readout,lbr,A,current,2026093001,button,611,0,611,0
readout,lbr,A,current,2026093001,overall,1140,0,1140,0
readout,lbr,A,current,2026093002,big_blind,546,0,546,0
readout,lbr,A,current,2026093002,button,567,0,567,0
readout,lbr,A,current,2026093002,overall,1113,0,1113,0
readout,lbr,A,current,2026093003,big_blind,561,0,561,0
readout,lbr,A,current,2026093003,button,562,0,562,0
readout,lbr,A,current,2026093003,overall,1123,0,1123,0
readout,lbr,C,average,2026093001,big_blind,555,0,555,0
readout,lbr,C,average,2026093001,button,649,0,649,0
readout,lbr,C,average,2026093001,overall,1204,0,1204,0
readout,lbr,C,average,2026093002,big_blind,564,0,564,0
readout,lbr,C,average,2026093002,button,593,0,593,0
readout,lbr,C,average,2026093002,overall,1157,0,1157,0
readout,lbr,C,average,2026093003,big_blind,538,0,538,0
readout,lbr,C,average,2026093003,button,605,0,605,0
readout,lbr,C,average,2026093003,overall,1143,0,1143,0
readout,lbr,C,current,2026093001,big_blind,549,0,549,0
readout,lbr,C,current,2026093001,button,635,0,635,0
readout,lbr,C,current,2026093001,overall,1184,0,1184,0
readout,lbr,C,current,2026093002,big_blind,551,0,551,0
readout,lbr,C,current,2026093002,button,608,0,608,0
readout,lbr,C,current,2026093002,overall,1159,0,1159,0
readout,lbr,C,current,2026093003,big_blind,541,0,541,0
readout,lbr,C,current,2026093003,button,580,0,580,0
readout,lbr,C,current,2026093003,overall,1121,0,1121,0
