bb_per_100,block_chip_sum,blocks,ci95_high,ci95_low,contrast,panel,position,sample_variance_chips,seed,stage
-31.599934895833332,-32358.333333333332,1024,-10.778105448712516,-52.42176434295415,C_current_minus_A_current,lbr,overall,115295.74605842956,aggregate,primary
-34.326171875,-35150.0,1024,-3.808165740293507,-64.8441780097065,C_current_minus_A_current,lbr,button,247678.2247775979,aggregate,primary
-28.873697916666668,-29566.666666666668,1024,-2.105093041258634,-55.6423027920747,C_current_minus_A_current,lbr,big_blind,190557.9134337325,aggregate,primary
-27.0751953125,-27725.0,1024,7.639457399185623,-61.78984802418562,C_current_minus_A_current,lbr,overall,320480.17127073405,2026093001,primary
-17.724609375,-18150.0,1024,32.46202937332897,-67.91124812332896,C_current_minus_A_current,lbr,button,669810.164555077,2026093001,primary
-36.42578125,-37300.0,1024,11.519227872078048,-84.37079037207805,C_current_minus_A_current,lbr,big_blind,611311.1616416178,2026093001,primary
-38.134765625,-39050.0,1024,-3.535275759806055,-72.73425549019395,C_current_minus_A_current,lbr,overall,318357.36793972994,2026093002,primary
-45.3125,-46400.0,1024,6.065801225318211,-96.69080122531821,C_current_minus_A_current,lbr,button,701996.5786901271,2026093002,primary
-30.95703125,-31700.0,1024,16.22588794996114,-78.13995044996113,C_current_minus_A_current,lbr,big_blind,592031.92777065,2026093002,primary
-29.58984375,-30300.0,1024,6.153386990291139,-65.33307449029114,C_current_minus_A_current,lbr,overall,339752.861910435,2026093003,primary
-39.94140625,-40900.0,1024,12.867479683714485,-92.75029218371449,C_current_minus_A_current,lbr,button,741633.818655303,2026093003,primary
-19.23828125,-19700.0,1024,27.68302298019099,-66.159585480191,C_current_minus_A_current,lbr,big_blind,585484.8542124878,2026093003,primary
12.34130859375,25275.0,2048,29.462218386736044,-4.779601199236044,C_current_minus_A_current,native-pressure,overall,156089.50962533988,aggregate,primary
17.6513671875,36150.0,2048,41.20799197743439,-5.905257602434386,C_current_minus_A_current,native-pressure,button,295492.2991741599,aggregate,primary
7.03125,14400.0,2048,31.345822674998136,-17.283322674998136,C_current_minus_A_current,native-pressure,big_blind,314813.4804320686,aggregate,primary
13.95263671875,28575.0,2048,45.40749605625871,-17.502222618758708,C_current_minus_A_current,native-pressure,overall,526860.3704962197,2026093001,primary
0.7080078125,1450.0,2048,44.35254837096531,-42.93653274596531,C_current_minus_A_current,native-pressure,button,1014331.447673997,2026093001,primary
27.197265625,55700.0,2048,71.50518553159925,-17.110654281599253,C_current_minus_A_current,native-pressure,big_blind,1045400.6410868039,2026093001,primary
0.2685546875,550.0,2048,29.95857662046306,-29.42146724546306,C_current_minus_A_current,native-pressure,overall,469397.82720807125,2026093002,primary
-27.44140625,-56200.0,2048,13.9182705382701,-68.8010830382701,C_current_minus_A_current,native-pressure,button,910907.5686217636,2026093002,primary
27.978515625,57300.0,2048,70.26061494182699,-14.303583691826987,C_current_minus_A_current,native-pressure,big_blind,951991.6126305264,2026093002,primary
22.802734375,46700.0,2048,52.274016436445265,-6.668547686445262,C_current_minus_A_current,native-pressure,overall,462506.77201010624,2026093003,primary
79.6875,163200.0,2048,121.59576398972689,37.77923601027312,C_current_minus_A_current,native-pressure,button,935232.0468978994,2026093003,primary
-34.08203125,-69800.0,2048,6.081339132223228,-74.24540163222323,C_current_minus_A_current,native-pressure,big_blind,858974.6332285051,2026093003,primary
2.0833333333333335,4266.666666666667,2048,6.683582170810579,-2.516915504143913,C_current_minus_A_current,selective-stackoff,overall,11268.930141670739,aggregate,primary
5.680338541666667,11633.333333333334,2048,13.765565377433532,-2.404888294100199,C_current_minus_A_current,selective-stackoff,button,34810.03466073318,aggregate,primary
-1.513671875,-3100.0,2048,2.7703696967862843,-5.797713446786284,C_current_minus_A_current,selective-stackoff,big_blind,9772.988577033464,aggregate,primary
-2.18505859375,-4475.0,2048,5.451642428477912,-9.821759615977912,C_current_minus_A_current,selective-stackoff,overall,31055.005795209072,2026093001,primary
1.7822265625,3650.0,2048,14.135090339287306,-10.570637214287306,C_current_minus_A_current,selective-stackoff,button,81255.98186274884,2026093001,primary
-6.15234375,-12600.0,2048,2.549671046867765,-14.854358546867765,C_current_minus_A_current,selective-stackoff,big_blind,40323.63481619443,2026093001,primary
7.43408203125,15225.0,2048,15.442426810576892,-0.574262748076892,C_current_minus_A_current,selective-stackoff,overall,34151.16810018281,2026093002,primary
14.9658203125,30650.0,2048,28.59621301850919,1.3354276064908106,C_current_minus_A_current,selective-stackoff,button,98931.99687709911,2026093002,primary
-0.09765625,-200.0,2048,8.199464600238867,-8.394777100238867,C_current_minus_A_current,selective-stackoff,big_blind,36658.515128847095,2026093002,primary
1.0009765625,2050.0,2048,9.217918618368468,-7.2159654933684685,C_current_minus_A_current,selective-stackoff,overall,35953.4430864909,2026093003,primary
0.29296875,600.0,2048,13.841372632858006,-13.255435132858006,C_current_minus_A_current,selective-stackoff,button,97745.39531936981,2026093003,primary
1.708984375,3500.0,2048,10.02841235000077,-6.610443600000769,C_current_minus_A_current,selective-stackoff,big_blind,36855.895727741816,2026093003,primary
-8.349609375,-4275.0,512,14.38968358208897,-31.08890233208897,C_current_minus_A_current,uniform,overall,68591.13367673339,aggregate,primary
-2.4414062500000004,-1250.0000000000002,512,33.12624750613053,-38.00906000613053,C_current_minus_A_current,uniform,button,167812.57538153674,aggregate,primary
-14.2578125,-7300.0,512,12.613006047841992,-41.12863104784199,C_current_minus_A_current,uniform,big_blind,95780.22650983909,aggregate,primary
-39.111328125,-20025.0,512,3.763920136881964,-81.98657638688196,C_current_minus_A_current,uniform,overall,243852.5844506788,2026093001,primary
-46.38671875,-23750.0,512,21.87063601994076,-114.64407351994076,C_current_minus_A_current,uniform,button,618034.8638545744,2026093001,primary
-31.8359375,-16300.0,512,21.599615634154702,-85.2714906341547,C_current_minus_A_current,uniform,big_blind,378769.2254770059,2026093001,primary
11.279296875,5775.0,512,45.73150783014224,-23.17291408014224,C_current_minus_A_current,uniform,overall,157452.02947269447,2026093002,primary
26.85546875,13750.0,512,83.15220953173196,-29.441272031731962,C_current_minus_A_current,uniform,button,420417.2941383317,2026093002,primary
-4.296875,-2200.0,512,38.38557824368571,-46.97932824368571,C_current_minus_A_current,uniform,big_blind,241664.47529354208,2026093002,primary
2.783203125,1425.0,512,41.293409037844654,-35.727002787844654,C_current_minus_A_current,uniform,overall,196727.80613609956,2026093003,primary
12.20703125,6250.0,512,76.53729989223055,-52.12323739223055,C_current_minus_A_current,uniform,button,548965.1781892123,2026093003,primary
-6.640625,-3400.0,512,37.810574406959844,-51.091824406959844,C_current_minus_A_current,uniform,big_blind,262108.4576810176,2026093003,primary
0.4394531250000004,225.0000000000002,512,24.132189775752867,-23.253283525752867,C_current_minus_A_current,passive,overall,74463.68451998735,aggregate,primary
10.25390625,5250.0,512,44.1258014851017,-23.617988985101697,C_current_minus_A_current,passive,button,152192.4337746657,aggregate,primary
-9.375,-4800.0,512,21.57474503905813,-40.32474503905813,C_current_minus_A_current,passive,big_blind,127065.66644922808,aggregate,primary
-6.982421875,-3575.0,512,34.394323707307954,-48.359167457307954,C_current_minus_A_current,passive,overall,227105.01534598213,2026093001,primary
-6.54296875,-3350.0,512,50.58324815917513,-63.66918565917513,C_current_minus_A_current,passive,button,432897.41889371333,2026093001,primary
-7.421875,-3800.0,512,48.25810494468957,-63.10185494468957,C_current_minus_A_current,passive,big_blind,411255.9625733855,2026093001,primary
-5.46875,-2800.0,512,34.243852743586835,-45.181352743586835,C_current_minus_A_current,passive,overall,209204.37866927593,2026093002,primary
-6.4453125,-3300.0,512,50.25621292777003,-63.14683792777003,C_current_minus_A_current,passive,button,426484.79543786694,2026093002,primary
-4.4921875,-2300.0,512,51.78442837283406,-60.76880337283406,C_current_minus_A_current,passive,big_blind,420116.76706213306,2026093002,primary
13.76953125,7050.0,512,54.878407720211854,-27.339345220211854,C_current_minus_A_current,passive,overall,224174.02114420253,2026093003,primary
43.75,22400.0,512,106.69734772540396,-19.197347725403958,C_current_minus_A_current,passive,button,525616.4383561644,2026093003,primary
-16.2109375,-8300.0,512,36.97894374229087,-69.40081874229088,C_current_minus_A_current,passive,big_blind,375294.4211717221,2026093003,primary
-7.584635416666667,-3883.3333333333335,512,4.419566287963035,-19.58883712129637,C_current_minus_A_current,pot_pressure,overall,19115.278754552623,aggregate,primary
-17.447916666666668,-8933.333333333334,512,3.2688883539337112,-38.16472168726705,C_current_minus_A_current,pot_pressure,button,56932.417373342025,aggregate,primary
2.278645833333333,1166.6666666666665,512,14.547225020269067,-9.9899333536024,C_current_minus_A_current,pot_pressure,big_blind,19966.530597684283,aggregate,primary
10.64453125,5450.0,512,31.062148124346223,-9.773085624346223,C_current_minus_A_current,pot_pressure,overall,55299.8773085861,2026093001,primary
12.890625,6600.0,512,48.15371308313514,-22.372463083135138,C_current_minus_A_current,pot_pressure,button,164950.92343444226,2026093001,primary
8.3984375,4300.0,512,29.43374619709856,-12.63687119709856,C_current_minus_A_current,pot_pressure,big_blind,58696.45150440313,2026093001,primary
-5.419921875,-2775.0,512,15.450084246108723,-26.289927996108723,C_current_minus_A_current,pot_pressure,overall,57777.56304656923,2026093002,primary
-16.69921875,-8550.0,512,20.011933486348028,-53.41037098634803,C_current_minus_A_current,pot_pressure,button,178776.36336533757,2026093002,primary
5.859375,3000.0,512,25.81075683937978,-14.092006839379781,C_current_minus_A_current,pot_pressure,big_blind,52803.17392367906,2026093002,primary
-27.978515625,-14325.0,512,-8.2436985970748,-47.7133326529252,C_current_minus_A_current,pot_pressure,overall,51663.077815404846,2026093003,primary
-48.53515625,-24850.0,512,-15.908696691382715,-81.16161580861728,C_current_minus_A_current,pot_pressure,button,141206.26490643347,2026093003,primary
-7.421875,-3800.0,512,13.130254059857535,-27.974004059857535,C_current_minus_A_current,pot_pressure,big_blind,56030.91364970646,2026093003,primary
4.58984375,2350.0,512,9.597419441154873,-0.4177319411548739,C_current_minus_A_current,tight_passive,overall,3326.358948616547,aggregate,primary
10.677083333333334,5466.666666666667,512,18.780947284382663,2.573219382284007,C_current_minus_A_current,tight_passive,button,8711.608501848228,aggregate,primary
-1.4973958333333333,-766.6666666666666,512,4.639985897730915,-7.634777564397581,C_current_minus_A_current,tight_passive,big_blind,4996.666224994564,aggregate,primary
0.048828125,25.0,512,7.862123717860322,-7.764467467860322,C_current_minus_A_current,tight_passive,overall,8098.0895876651175,2026093001,primary
10.83984375,5550.0,512,23.72966252902296,-2.04997502902296,C_current_minus_A_current,tight_passive,button,22039.80208842955,2026093001,primary
-10.7421875,-5500.0,512,-0.0076446310360047676,-21.476730368963995,C_current_minus_A_current,tight_passive,big_blind,15285.553754892368,2026093001,primary
4.98046875,2550.0,512,15.969760605627616,-6.0088231056276165,C_current_minus_A_current,tight_passive,overall,16019.666936766145,2026093002,primary
5.46875,2800.0,512,24.044430216961484,-13.106930216961484,C_current_minus_A_current,tight_passive,button,45772.382583170256,2026093002,primary
4.4921875,2300.0,512,16.21772436221295,-7.233349362212952,C_current_minus_A_current,tight_passive,big_blind,18238.09778620352,2026093002,primary
8.740234375,4475.0,512,17.204606914566483,0.27586183543351517,C_current_minus_A_current,tight_passive,overall,9503.938260610323,2026093003,primary
15.72265625,8050.0,512,31.050637244787026,0.394675255212972,C_current_minus_A_current,tight_passive,button,31166.208644202543,2026093003,primary
1.7578125,900.0,512,8.993001846792364,-5.477376846792363,C_current_minus_A_current,tight_passive,big_blind,6944.066475048924,2026093003,primary
-3.3691406250000004,-1725.0000000000002,512,12.65114078538793,-19.38942203538793,C_current_minus_A_current,loose_passive,overall,34045.079167600976,aggregate,primary
3.873697916666666,1983.333333333333,512,30.15736871467123,-22.409972881337893,C_current_minus_A_current,loose_passive,button,91640.21624096272,aggregate,primary
-10.611979166666668,-5433.333333333334,512,8.74091320307064,-29.964871536403976,C_current_minus_A_current,loose_passive,big_blind,49682.77325913242,aggregate,primary
-5.712890625,-2925.0,512,22.36906525495135,-33.79484650495135,C_current_minus_A_current,loose_passive,overall,104608.93306246943,2026093001,primary
-4.98046875,-2550.0,512,38.01437448545225,-47.97531198545225,C_current_minus_A_current,loose_passive,button,245214.8724162182,2026093001,primary
-6.4453125,-3300.0,512,26.147744296869327,-39.03836929686933,C_current_minus_A_current,loose_passive,big_blind,140917.2807607632,2026093001,primary
-12.841796875,-6575.0,512,15.6407667350041,-41.3243604850041,C_current_minus_A_current,loose_passive,overall,107614.85359206825,2026093002,primary
-11.42578125,-5850.0,512,33.457786144081,-56.309348644081,C_current_minus_A_current,loose_passive,button,267232.20974498533,2026093002,primary
-14.2578125,-7300.0,512,22.53185743498647,-51.04748243498647,C_current_minus_A_current,loose_passive,big_blind,179541.91383317026,2026093002,primary
8.447265625,4325.0,512,37.77240775486942,-20.87787650486942,C_current_minus_A_current,loose_passive,overall,114076.00895532657,2026093003,primary
28.02734375,14350.0,512,74.15573502369209,-18.10104752369209,C_current_minus_A_current,loose_passive,button,282260.8759631849,2026093003,primary
-11.1328125,-5700.0,512,23.059043767850838,-45.32466876785084,C_current_minus_A_current,loose_passive,big_blind,155081.2973948141,2026093003,primary
-2.0345052083333335,-1041.6666666666667,512,7.128381711373919,-11.197392128040587,C_current_minus_A_current,tight_aggressive,overall,11137.2693006462,aggregate,primary
-2.24609375,-1150.0,512,13.972527908048544,-18.464715408048544,C_current_minus_A_current,tight_aggressive,button,34893.29265703142,aggregate,primary
-1.8229166666666665,-933.3333333333333,512,6.8496001515102005,-10.495433484843533,C_current_minus_A_current,tight_aggressive,big_blind,9977.10100021744,aggregate,primary
3.271484375,1675.0,512,18.831329468311914,-12.288360718311912,C_current_minus_A_current,tight_aggressive,overall,32116.233392704256,2026093001,primary
-4.78515625,-2450.0,512,22.329439282433682,-31.899751782433682,C_current_minus_A_current,tight_aggressive,button,97525.9811490949,2026093001,primary
11.328125,5800.0,512,26.57328647942857,-3.917036479428571,C_current_minus_A_current,tight_aggressive,big_blind,30830.32656555773,2026093001,primary
-3.80859375,-1950.0,512,14.856864582490061,-22.47405208249006,C_current_minus_A_current,tight_aggressive,overall,46215.89675574853,2026093002,primary
4.8828125,2500.0,512,36.899113177606026,-27.133488177606026,C_current_minus_A_current,tight_aggressive,button,135974.15453767125,2026093002,primary
-12.5,-6400.0,512,6.673726814912516,-31.673726814912516,C_current_minus_A_current,tight_aggressive,big_blind,48767.12328767123,2026093002,primary
-5.56640625,-2850.0,512,9.171269160070716,-20.304081660070715,C_current_minus_A_current,tight_aggressive,overall,28811.90947590509,2026093003,primary
-6.8359375,-3500.0,512,19.132345177258543,-32.80422017725854,C_current_minus_A_current,tight_aggressive,button,89454.15698385518,2026093003,primary
-4.296875,-2200.0,512,12.299415794736085,-20.893165794736085,C_current_minus_A_current,tight_aggressive,big_blind,36537.27372798434,2026093003,primary
11.930338541666666,6108.333333333333,512,31.134539941422297,-7.273862858088963,C_current_minus_A_current,loose_aggressive,overall,48922.266718563136,aggregate,primary
18.717447916666668,9583.333333333334,512,50.43484239946061,-12.99994656612727,C_current_minus_A_current,loose_aggressive,button,133447.07982543757,aggregate,primary
5.143229166666667,2633.3333333333335,512,26.821829913449086,-16.53537158011575,C_current_minus_A_current,loose_aggressive,big_blind,62341.40149353121,aggregate,primary
12.353515625,6325.0,512,42.018372048546,-17.311340798546,C_current_minus_A_current,loose_aggressive,overall,116734.32292303693,2026093001,primary
36.03515625,18450.0,512,87.7879517917605,-15.717639291760506,C_current_minus_A_current,loose_aggressive,button,355288.945924046,2026093001,primary
-11.328125,-5800.0,512,21.324977677134456,-43.981227677134456,C_current_minus_A_current,loose_aggressive,big_blind,141436.98018590998,2026093001,primary
-4.39453125,-2250.0,512,29.593079976151706,-38.38214247615171,C_current_minus_A_current,loose_aggressive,overall,153234.0749602495,2026093002,primary
-14.6484375,-7500.0,512,42.068229069038146,-71.36510406903815,C_current_minus_A_current,loose_aggressive,button,426712.59631849313,2026093002,primary
5.859375,3000.0,512,42.80440405969113,-31.08565405969113,C_current_minus_A_current,loose_aggressive,big_blind,181061.49094911938,2026093002,primary
27.83203125,14250.0,512,59.15880235722102,-3.4947398572210204,C_current_minus_A_current,loose_aggressive,overall,130180.3200678816,2026093003,primary
34.765625,17800.0,512,84.650887010422,-15.119637010422004,C_current_minus_A_current,loose_aggressive,button,330109.9253913894,2026093003,primary
20.8984375,10700.0,512,56.77462137515645,-14.97774637515645,C_current_minus_A_current,loose_aggressive,big_blind,170736.5689212329,2026093003,primary
7.942708333333332,2033.333333333333,256,55.25663208381776,-39.37121541715109,C_current_minus_A_current,lbr,overall,147771.08864379083,aggregate,readout
27.278645833333336,6983.333333333334,256,67.9261397813767,-13.368848114710033,C_average_minus_A_average,lbr,overall,109063.41486247277,aggregate,readout
18.391927083333332,4708.333333333333,256,59.78394053796222,-23.000086371295563,A_average_minus_current,lbr,overall,113095.32335069445,aggregate,readout
37.727864583333336,9658.333333333334,256,79.41592794792875,-3.960198781262079,C_average_minus_current,lbr,overall,114718.90212248094,aggregate,readout
7.942708333333332,2033.333333333333,256,67.77457549445256,-51.88915882778589,C_current_minus_A_current,lbr,button,236307.03635620917,aggregate,readout
5.078125000000002,1300.0000000000005,256,67.70256272196562,-57.54631272196562,C_average_minus_A_average,lbr,button,258880.42960239653,aggregate,readout
49.0234375,12550.0,256,113.48730809235269,-15.440433092352691,A_average_minus_current,lbr,button,274311.6787513617,aggregate,readout
46.158854166666664,11816.666666666666,256,110.31290376064857,-17.995195427315245,C_average_minus_current,lbr,button,271681.26616966235,aggregate,readout
7.942708333333335,2033.3333333333337,256,70.41169459095234,-54.52627792428567,C_current_minus_A_current,lbr,big_blind,257596.79670479303,aggregate,readout
49.479166666666664,12666.666666666666,256,106.61084405160274,-7.652510718269411,C_average_minus_A_average,lbr,big_blind,215459.42265795206,aggregate,readout
-12.239583333333336,-3133.333333333334,256,44.66144398702928,-69.14061065369594,A_average_minus_current,lbr,big_blind,213723.2434640523,aggregate,readout
29.296875,7500.0,256,87.12751019997398,-28.533760199973976,C_average_minus_current,lbr,big_blind,220763.59953703705,aggregate,readout
52.63671875,13475.0,256,131.7734516153302,-26.500014115330202,C_current_minus_A_current,lbr,overall,413397.43221507355,2026093001,readout
-17.578125,-4500.0,256,58.15296084168145,-93.30921084168145,C_average_minus_A_average,lbr,overall,378581.95465686277,2026093001,readout
73.2421875,18750.0,256,140.81721328830326,5.66716171169675,A_average_minus_current,lbr,overall,301428.2705269608,2026093001,readout
3.02734375,775.0,256,71.74832376198371,-65.69363626198371,C_average_minus_current,lbr,overall,311738.3482689951,2026093001,readout
104.8828125,26850.0,256,219.84018434895737,-10.074559348957365,C_current_minus_A_current,lbr,button,872338.8097426471,2026093001,readout
-17.1875,-4400.0,256,89.24123889385226,-123.61623889385226,C_average_minus_A_average,lbr,button,747703.431372549,2026093001,readout
143.359375,36700.0,256,256.036368747447,30.682381252553014,A_average_minus_current,lbr,button,838073.3762254902,2026093001,readout
21.2890625,5450.0,256,129.73118885943066,-87.15306385943066,C_average_minus_current,lbr,button,776260.6847426471,2026093001,readout
0.390625,100.0,256,104.44440484673542,-103.66315484673542,C_current_minus_A_current,lbr,big_blind,714705.7291666666,2026093001,readout
-17.96875,-4600.0,256,84.61514931332705,-120.55264931332705,C_average_minus_A_average,lbr,big_blind,694656.25,2026093001,readout
3.125,800.0,256,83.49867213374473,-77.24867213374473,A_average_minus_current,lbr,big_blind,426421.56862745096,2026093001,readout
-15.234375,-3900.0,256,81.64074501039673,-112.10949501039673,C_average_minus_current,lbr,big_blind,619492.493872549,2026093001,readout
-8.69140625,-2225.0,256,66.68501109023109,-84.06782359023109,C_current_minus_A_current,lbr,overall,375044.2612591912,2026093002,readout
109.375,28000.0,256,184.4488328894393,34.30116711056071,C_average_minus_A_average,lbr,overall,372039.2156862745,2026093002,readout
-26.85546875,-6875.0,256,44.748184745494555,-98.45912224549456,A_average_minus_current,lbr,overall,338440.17118566175,2026093002,readout
91.2109375,23350.0,256,159.04854506761373,23.37332993238627,C_average_minus_current,lbr,overall,303775.390625,2026093002,readout
-13.4765625,-3450.0,256,88.58731836377082,-115.54044336377082,C_current_minus_A_current,lbr,button,687631.3955269608,2026093002,readout
82.03125,21000.0,256,189.43045087629815,-25.367950876298167,C_average_minus_A_average,lbr,button,761401.3480392157,2026093002,readout
-35.3515625,-9050.0,256,70.48472732870955,-141.18785232870954,A_average_minus_current,lbr,button,739402.2288602941,2026093002,readout
60.15625,15400.0,256,171.15327456777942,-50.840774567779405,C_average_minus_current,lbr,button,813268.9950980392,2026093002,readout
-3.90625,-1000.0,256,101.70204413297863,-109.51454413297863,C_current_minus_A_current,lbr,big_blind,736219.975490196,2026093002,readout
136.71875,35000.0,256,240.76250446149444,32.674995538505556,C_average_minus_A_average,lbr,big_blind,714568.0147058824,2026093002,readout
-18.359375,-4700.0,256,73.97336104267586,-110.69211104267586,A_average_minus_current,lbr,big_blind,562759.6507352941,2026093002,readout
122.265625,31300.0,256,203.23050971282032,41.30074028717968,C_average_minus_current,lbr,big_blind,432717.98406862747,2026093002,readout
-20.1171875,-5150.0,256,45.87595015346747,-86.11032515346747,C_current_minus_A_current,lbr,overall,287480.96660539217,2026093003,readout
-9.9609375,-2550.0,256,58.011455657334,-77.933330657334,C_average_minus_A_average,lbr,overall,304983.7239583333,2026093003,readout
8.7890625,2250.0,256,77.0441014216835,-59.46597642168349,A_average_minus_current,lbr,overall,307525.390625,2026093003,readout
18.9453125,4850.0,256,85.14538769345593,-47.25476269345593,C_average_minus_current,lbr,overall,289286.72640931373,2026093003,readout
-67.578125,-17300.0,256,24.193839045017498,-159.3500890450175,C_current_minus_A_current,lbr,button,555944.6997549019,2026093003,readout
-49.609375,-12700.0,256,53.51389422214794,-152.73264422214794,C_average_minus_A_average,lbr,button,701980.2389705882,2026093003,readout
39.0625,10000.0,256,140.15798404875522,-62.032984048755225,A_average_minus_current,lbr,button,674644.6078431372,2026093003,readout
57.03125,14600.0,256,156.76687231399313,-42.70437231399315,C_average_minus_current,lbr,button,656617.0343137255,2026093003,readout
27.34375,7000.0,256,118.83780573802115,-64.15030573802115,C_current_minus_A_current,lbr,big_blind,552582.7205882353,2026093003,readout
29.6875,7600.0,256,125.5651854974477,-66.1901854974477,C_average_minus_A_average,lbr,big_blind,606801.4705882353,2026093003,readout
-21.484375,-5500.0,256,72.38876069438975,-115.35751069438975,A_average_minus_current,lbr,big_blind,581693.4742647059,2026093003,readout
-19.140625,-4900.0,256,73.36968425265304,-111.65093425265304,C_average_minus_current,lbr,big_blind,564926.3174019608,2026093003,readout
27.018229166666664,6916.666666666666,256,71.00662292250504,-16.970164589171716,C_current_minus_A_current,native-pressure,overall,127728.48158360567,aggregate,readout
23.177083333333332,5933.333333333333,256,72.79064904716304,-26.436482380496383,C_average_minus_A_average,native-pressure,overall,162484.681372549,aggregate,readout
-13.313802083333332,-3408.333333333333,256,34.08245557828353,-60.710059744950186,A_average_minus_current,native-pressure,overall,148285.82750374457,aggregate,readout
-17.154947916666668,-4391.666666666667,256,32.95894523820117,-67.26884107153451,C_average_minus_current,native-pressure,overall,165778.3554176879,aggregate,readout
19.140625,4900.0,256,90.93718333566619,-52.65593333566619,C_current_minus_A_current,native-pressure,button,340266.1866830065,aggregate,readout
53.77604166666667,13766.666666666668,256,126.47330136155308,-18.92121802821974,C_average_minus_A_average,native-pressure,button,348857.1452886711,aggregate,readout
4.622395833333333,1183.3333333333333,256,80.61463707136342,-71.36984540469676,A_average_minus_current,native-pressure,button,381197.50391476037,aggregate,readout
39.2578125,10050.0,256,119.76315674314738,-41.24753174314738,C_average_minus_current,native-pressure,button,427819.8827273965,aggregate,readout
34.895833333333336,8933.333333333334,256,94.210787225215,-24.419120558548336,C_current_minus_A_current,native-pressure,big_blind,232241.5577342048,aggregate,readout
-7.421875,-1900.0,256,56.31381900872342,-71.15756900872341,C_average_minus_A_average,native-pressure,big_blind,268149.4927832244,aggregate,readout
-31.25,-8000.0,256,28.28575913919454,-90.78575913919454,A_average_minus_current,native-pressure,big_blind,233973.85620915034,aggregate,readout
-73.56770833333333,-18833.333333333332,256,-17.23415174393577,-129.9012649227309,C_average_minus_current,native-pressure,big_blind,209481.60062636167,aggregate,readout
37.20703125,9525.0,256,121.33344804801477,-46.91938554801477,C_current_minus_A_current,native-pressure,overall,467171.48246017157,2026093001,readout
31.4453125,8050.0,256,119.6211024551256,-56.730477455125595,C_average_minus_A_average,native-pressure,overall,513227.902879902,2026093001,readout
18.1640625,4650.0,256,93.15299151715165,-56.82486651715165,A_average_minus_current,native-pressure,overall,371198.18474264705,2026093001,readout
12.40234375,3175.0,256,99.51286068471224,-74.70817318471224,C_average_minus_current,native-pressure,overall,500901.95121017157,2026093001,readout
18.1640625,4650.0,256,144.07288003304598,-107.74475503304598,C_current_minus_A_current,native-pressure,button,1046462.890625,2026093001,readout
64.453125,16500.0,256,189.73602501818343,-60.829775018183426,C_average_minus_A_average,native-pressure,button,1036084.4056372549,2026093001,readout
47.265625,12100.0,256,164.88001897710367,-70.34876897710367,A_average_minus_current,native-pressure,button,913129.7487745098,2026093001,readout
93.5546875,23950.0,256,220.7144601994542,-33.605085199454194,C_average_minus_current,native-pressure,button,1067360.2558210783,2026093001,readout
56.25,14400.0,256,163.1815007798075,-50.68150077980748,C_current_minus_A_current,native-pressure,big_blind,754784.3137254902,2026093001,readout
-1.5625,-400.0,256,112.42255417359259,-115.54755417359259,C_average_minus_A_average,native-pressure,big_blind,857644.6078431372,2026093001,readout
-10.9375,-2800.0,256,91.1971854025471,-113.0721854025471,A_average_minus_current,native-pressure,big_blind,688585.7843137255,2026093001,readout
-68.75,-17600.0,256,42.979580785523794,-180.4795807855238,C_average_minus_current,native-pressure,big_blind,824039.2156862745,2026093001,readout
27.1484375,6950.0,256,101.50668668544702,-47.20981168544702,C_current_minus_A_current,native-pressure,overall,364980.66023284313,2026093002,readout
58.10546875,14875.0,256,146.24400623309566,-30.033068733095675,C_average_minus_A_average,native-pressure,overall,512794.33785232843,2026093002,readout
-40.13671875,-10275.0,256,44.060107356816985,-124.33354485681699,A_average_minus_current,native-pressure,overall,467953.80476409313,2026093002,readout
-9.1796875,-2350.0,256,64.2255437214836,-82.5849187214836,C_average_minus_current,native-pressure,overall,355685.0107230392,2026093002,readout
28.90625,7400.0,256,149.48196377910853,-91.66946377910854,C_current_minus_A_current,native-pressure,button,959690.5637254902,2026093002,readout
142.3828125,36450.0,256,280.4962509241442,4.269374075855836,C_average_minus_A_average,native-pressure,button,1259167.2411151961,2026093002,readout
-40.0390625,-10250.0,256,94.95380789774691,-175.0319328977469,A_average_minus_current,native-pressure,button,1202910.1945465687,2026093002,readout
73.4375,18800.0,256,192.94752984910178,-46.072529849101784,C_average_minus_current,native-pressure,button,942801.4705882353,2026093002,readout
25.390625,6500.0,256,125.86440197134709,-75.08315197134709,C_current_minus_A_current,native-pressure,big_blind,666372.3958333334,2026093002,readout
-26.171875,-6700.0,256,81.97626058046433,-134.32001058046433,C_average_minus_A_average,native-pressure,big_blind,772057.4448529412,2026093002,readout
-40.234375,-10300.0,256,62.88043252839442,-143.3491825283944,A_average_minus_current,native-pressure,big_blind,701865.0428921569,2026093002,readout
-91.796875,-23500.0,256,-10.586668387189306,-173.00708161281068,C_average_minus_current,native-pressure,big_blind,435344.20955882355,2026093002,readout
16.69921875,4275.0,256,94.79610674900728,-61.39766924900728,C_current_minus_A_current,native-pressure,overall,402604.8464307598,2026093003,readout
-20.01953125,-5125.0,256,59.00749603677512,-99.04655853677512,C_average_minus_A_average,native-pressure,overall,412252.05844056373,2026093003,readout
-17.96875,-4600.0,256,58.94748833598523,-94.88498833598523,A_average_minus_current,native-pressure,overall,390523.89705882355,2026093003,readout
-54.6875,-14000.0,256,29.594801943490737,-138.96980194349072,C_average_minus_current,native-pressure,overall,468904.4117647059,2026093003,readout
10.3515625,2650.0,256,151.82387932417166,-131.12075432417166,C_current_minus_A_current,native-pressure,button,1321157.1308210783,2026093003,readout
-45.5078125,-11650.0,256,79.44171453870965,-170.45733953870965,C_average_minus_A_average,native-pressure,button,1030577.7803308824,2026093003,readout
6.640625,1700.0,256,123.78321344341634,-110.50196344341634,A_average_minus_current,native-pressure,button,905818.4742647059,2026093003,readout
-49.21875,-12600.0,256,88.85536721543642,-187.29286721543642,C_average_minus_current,native-pressure,button,1258450.3676470588,2026093003,readout
23.046875,5900.0,256,127.15318590209446,-81.05943590209446,C_current_minus_A_current,native-pressure,big_blind,715427.5428921569,2026093003,readout
5.46875,1400.0,256,119.5144991057571,-108.5769991057571,C_average_minus_A_average,native-pressure,big_blind,858558.2107843137,2026093003,readout
-42.578125,-10900.0,256,60.418596448268175,-145.57484644826818,A_average_minus_current,native-pressure,big_blind,700258.4252450981,2026093003,readout
-60.15625,-15400.0,256,46.157778152494814,-166.4702781524948,C_average_minus_current,native-pressure,big_blind,746092.524509804,2026093003,readout
-7.682291666666667,-1966.6666666666667,256,7.210714465045661,-22.575297798378994,C_current_minus_A_current,selective-stackoff,overall,14641.186683006537,aggregate,readout
6.34765625,1625.0,256,17.318232884890058,-4.622920384890058,C_average_minus_A_average,selective-stackoff,overall,7944.57103587963,aggregate,readout
-7.779947916666667,-1991.6666666666667,256,5.813599274776013,-21.373495108109346,A_average_minus_current,selective-stackoff,overall,12197.677313112745,aggregate,readout
6.25,1600.0,256,19.096468186440035,-6.596468186440033,C_average_minus_current,selective-stackoff,overall,10893.790849673202,aggregate,readout
-21.614583333333332,-5533.333333333333,256,3.770598570486168,-46.99976523715283,C_current_minus_A_current,selective-stackoff,button,42537.513616557735,aggregate,readout
13.216145833333334,3383.3333333333335,256,34.91055652460382,-8.47826485793715,C_average_minus_A_average,selective-stackoff,button,31067.567912581697,aggregate,readout
-20.377604166666668,-5216.666666666667,256,3.9428049295528744,-44.69801326288621,A_average_minus_current,selective-stackoff,button,39043.90914351852,aggregate,readout
14.453125,3700.0,256,37.00295613981366,-8.096706139813666,C_average_minus_current,selective-stackoff,button,33565.887118736384,aggregate,readout
6.249999999999999,1599.9999999999998,256,21.51693101079934,-9.01693101079934,C_current_minus_A_current,selective-stackoff,big_blind,15385.62091503268,aggregate,readout
-0.5208333333333334,-133.33333333333334,256,8.792180287208678,-9.833846953875346,C_average_minus_A_average,selective-stackoff,big_blind,5725.217864923747,aggregate,readout
4.817708333333333,1233.3333333333333,256,16.834596994645032,-7.199180327978367,A_average_minus_current,selective-stackoff,big_blind,9532.254221132896,aggregate,readout
-1.9531249999999998,-499.99999999999994,256,14.23938314731899,-18.14563314731899,C_average_minus_current,selective-stackoff,big_blind,17307.717184095858,aggregate,readout
1.46484375,375.0,256,27.350315328704706,-24.420627828704706,C_current_minus_A_current,selective-stackoff,overall,44230.68895526961,2026093001,readout
9.08203125,2325.0,256,27.535481627990816,-9.371419127990816,C_average_minus_A_average,selective-stackoff,overall,22478.467754289217,2026093001,readout
-8.88671875,-2275.0,256,14.37934091186986,-32.15277841186986,A_average_minus_current,selective-stackoff,overall,35731.991038602944,2026093001,readout
-1.26953125,-325.0,256,24.813292984737142,-27.352355484737142,C_average_minus_current,selective-stackoff,overall,44907.695695465685,2026093001,readout
-8.0078125,-2050.0,256,31.490674784866087,-47.50629978486609,C_current_minus_A_current,selective-stackoff,button,102984.64307598039,2026093001,readout
9.9609375,2550.0,256,40.63434068072067,-20.712465680720666,C_average_minus_A_average,selective-stackoff,button,62106.272977941175,2026093001,readout
-22.0703125,-5650.0,256,16.998470244976225,-61.139095244976225,A_average_minus_current,selective-stackoff,button,100756.08915441176,2026093001,readout
-4.1015625,-1050.0,256,39.868210379147364,-48.071335379147364,C_average_minus_current,selective-stackoff,button,127620.36611519608,2026093001,readout
10.9375,2800.0,256,44.98191040756523,-23.10691040756523,C_current_minus_A_current,selective-stackoff,big_blind,76507.35294117648,2026093001,readout
8.203125,2100.0,256,26.267376951698633,-9.861126951698633,C_average_minus_A_average,selective-stackoff,big_blind,21540.287990196077,2026093001,readout
4.296875,1100.0,256,30.074769487224007,-21.481019487224007,A_average_minus_current,selective-stackoff,big_blind,43863.81740196078,2026093001,readout
1.5625,400.0,256,29.180745182289044,-26.055745182289044,C_average_minus_current,selective-stackoff,big_blind,50350.490196078434,2026093001,readout
11.328125,2900.0,256,33.46462494698343,-10.808374946983427,C_current_minus_A_current,selective-stackoff,overall,32346.660539215685,2026093002,readout
11.62109375,2975.0,256,30.117220579418774,-6.875033079418774,C_average_minus_A_average,selective-stackoff,overall,22582.557827818626,2026093002,readout
9.86328125,2525.0,256,26.14908150786574,-6.422519007865741,A_average_minus_current,selective-stackoff,overall,17507.726332720587,2026093002,readout
10.15625,2600.0,256,32.356658439019895,-12.044158439019892,C_average_minus_current,selective-stackoff,overall,32533.700980392157,2026093002,readout
25.390625,6500.0,256,65.99336359391172,-15.212113593911724,C_current_minus_A_current,selective-stackoff,button,108823.3762254902,2026093002,readout
25.1953125,6450.0,256,57.585940516853924,-7.195315516853924,C_average_minus_A_average,selective-stackoff,button,69254.86366421569,2026093002,readout
13.4765625,3450.0,256,42.8983399048363,-15.945214904836298,A_average_minus_current,selective-stackoff,button,57141.19944852941,2026093002,readout
13.28125,3400.0,256,55.10555818611171,-28.543058186111708,C_average_minus_current,selective-stackoff,button,115469.97549019608,2026093002,readout
-2.734375,-700.0,256,18.692562875974943,-24.161312875974943,C_current_minus_A_current,selective-stackoff,big_blind,30306.219362745098,2026093002,readout
-1.953125,-500.0,256,16.65583231860565,-20.56208231860565,C_average_minus_A_average,selective-stackoff,big_blind,22858.915441176472,2026093002,readout
6.25,1600.0,256,19.62233927789225,-7.12233927789225,A_average_minus_current,selective-stackoff,big_blind,11803.921568627451,2026093002,readout
7.03125,1800.0,256,23.50361619626399,-9.441116196263991,C_average_minus_current,selective-stackoff,big_blind,17911.151960784315,2026093002,readout
-35.83984375,-9175.0,256,-7.737899541147826,-63.941787958852174,C_current_minus_A_current,selective-stackoff,overall,52129.58601409314,2026093003,readout
-1.66015625,-425.0,256,19.883376182697276,-23.203688682697276,C_average_minus_A_average,selective-stackoff,overall,30636.93895526961,2026093003,readout
-24.31640625,-6225.0,256,-2.734183660344968,-45.89862883965503,A_average_minus_current,selective-stackoff,overall,30747.079886642157,2026093003,readout
9.86328125,2525.0,256,31.20010608872498,-11.47354358872498,C_average_minus_current,selective-stackoff,overall,30051.843979779413,2026093003,readout
-82.2265625,-21050.0,256,-30.67910709479608,-133.77401790520392,C_current_minus_A_current,selective-stackoff,button,175398.55238970587,2026093003,readout
4.4921875,1150.0,256,44.59241900602007,-35.60804400602007,C_average_minus_A_average,selective-stackoff,button,106146.40778186274,2026093003,readout
-52.5390625,-13450.0,256,-13.662313168323578,-91.41581183167642,A_average_minus_current,selective-stackoff,button,99768.03768382352,2026093003,readout
34.1796875,8750.0,256,74.40276471149966,-6.043389711499657,C_average_minus_current,selective-stackoff,button,106797.75582107843,2026093003,readout
10.546875,2700.0,256,35.831761992667445,-14.738011992667445,C_current_minus_A_current,selective-stackoff,big_blind,42202.052696078434,2026093003,readout
-7.8125,-2000.0,256,8.326550680067662,-23.951550680067662,C_average_minus_A_average,selective-stackoff,big_blind,17193.62745098039,2026093003,readout
3.90625,1000.0,256,22.59019142455265,-14.77769142455265,A_average_minus_current,selective-stackoff,big_blind,23043.504901960783,2026093003,readout
-14.453125,-3700.0,256,8.921033249800523,-37.82728324980052,C_average_minus_current,selective-stackoff,big_blind,36064.79779411765,2026093003,readout
13.541666666666666,3466.6666666666665,256,45.14775730647181,-18.064423973138474,C_current_minus_A_current,uniform,overall,65940.63180827886,aggregate,readout
-17.154947916666668,-4391.666666666667,256,14.520256702991585,-48.83015253632492,C_average_minus_A_average,uniform,overall,66229.33580984478,aggregate,readout
16.89453125,4325.0,256,51.18645447455557,-17.397391974555568,A_average_minus_current,uniform,overall,77623.8585494962,aggregate,readout
-13.802083333333332,-3533.333333333333,256,20.588167366312124,-48.19233403297879,C_average_minus_current,uniform,overall,78069.64869281046,aggregate,readout
10.416666666666664,2666.666666666666,256,59.79769700086996,-38.96436366753663,C_current_minus_A_current,uniform,button,160965.14161220044,aggregate,readout
-7.486979166666667,-1916.6666666666667,256,43.734096749019336,-58.708055082352665,C_average_minus_A_average,uniform,button,173184.46606072984,aggregate,readout
-7.6171875,-1950.0,256,45.09985763633321,-60.33423263633321,A_average_minus_current,uniform,button,183448.28686683005,aggregate,readout
-25.520833333333332,-6533.333333333333,256,31.052663333772532,-82.0943300004392,C_average_minus_current,uniform,button,211269.88017429196,aggregate,readout
16.666666666666664,4266.666666666666,256,57.34982819964679,-24.016494866313458,C_current_minus_A_current,uniform,big_blind,109254.90196078431,aggregate,readout
-26.822916666666668,-6866.666666666667,256,14.001349872145123,-67.64718320547846,C_average_minus_A_average,uniform,big_blind,110014.0931372549,aggregate,readout
41.40625,10600.0,256,84.61896588095038,-1.806465880950384,A_average_minus_current,uniform,big_blind,123263.54847494554,aggregate,readout
-2.083333333333332,-533.333333333333,256,38.38590388189361,-42.55257054856028,C_average_minus_current,uniform,big_blind,108108.93246187364,aggregate,readout
9.375,2400.0,256,62.296994284439776,-43.546994284439776,C_current_minus_A_current,uniform,overall,184877.45098039217,2026093001,readout
3.61328125,925.0,256,52.0345176680738,-44.8079551680738,C_average_minus_A_average,uniform,overall,154768.7557444853,2026093001,readout
-12.109375,-3100.0,256,37.3243212754209,-61.5430712754209,A_average_minus_current,uniform,overall,161308.67034313726,2026093001,readout
-17.87109375,-4575.0,256,36.15293631024105,-71.89512381024105,C_average_minus_current,uniform,overall,192657.3127297794,2026093001,readout
-20.3125,-5200.0,256,52.94273091450583,-93.56773091450583,C_current_minus_A_current,uniform,button,354232.8431372549,2026093001,readout
22.4609375,5750.0,256,108.12673426890423,-63.20485926890423,C_average_minus_A_average,uniform,button,484424.90042892157,2026093001,readout
-56.640625,-14500.0,256,18.644083463148164,-131.92533346314815,A_average_minus_current,uniform,button,374132.199754902,2026093001,readout
-13.8671875,-3550.0,256,72.50648576395847,-100.24086076395847,C_average_minus_current,uniform,button,492463.80974264705,2026093001,readout
39.0625,10000.0,256,117.14612751818876,-39.02112751818876,C_current_minus_A_current,uniform,big_blind,402468.137254902,2026093001,readout
-15.234375,-3900.0,256,40.35221237597797,-70.82096237597797,C_average_minus_A_average,uniform,big_blind,203963.08210784313,2026093001,readout
32.421875,8300.0,256,98.28581777696999,-33.44206777696999,A_average_minus_current,uniform,big_blind,286356.46446078434,2026093001,readout
-21.875,-5600.0,256,41.99076693738795,-85.74076693738795,C_average_minus_current,uniform,big_blind,269245.09803921566,2026093001,readout
45.5078125,11650.0,256,105.53313080764966,-14.517505807649663,C_current_minus_A_current,uniform,overall,237837.584252451,2026093002,readout
-32.91015625,-8425.0,256,21.145200949002792,-86.9655134490028,C_average_minus_A_average,uniform,overall,192880.81150428922,2026093002,readout
53.125,13600.0,256,111.00006464195214,-4.750064641952136,A_average_minus_current,uniform,overall,221102.9411764706,2026093002,readout
-25.29296875,-6475.0,256,29.338912790330703,-79.92485029033071,C_average_minus_current,uniform,overall,197017.0706954657,2026093002,readout
36.71875,9400.0,256,131.27227727954778,-57.834777279547765,C_current_minus_A_current,uniform,button,590156.25,2026093002,readout
-27.1484375,-6950.0,256,64.75384884711274,-119.05072384711274,C_average_minus_A_average,uniform,button,557524.7778799019,2026093002,readout
58.984375,15100.0,256,146.30072496763094,-28.33197496763094,A_average_minus_current,uniform,button,503271.9056372549,2026093002,readout
-4.8828125,-1250.0,256,83.16260515303972,-92.92823015303972,C_average_minus_current,uniform,button,511711.3587622549,2026093002,readout
54.296875,13900.0,256,120.23941292465376,-11.645662924653763,C_current_minus_A_current,uniform,big_blind,287040.2879901961,2026093002,readout
-38.671875,-9900.0,256,33.27317010362002,-110.61692010362002,C_average_minus_A_average,uniform,big_blind,341675.0919117647,2026093002,readout
47.265625,12100.0,256,123.7226621450023,-29.191412145002303,A_average_minus_current,uniform,big_blind,385874.8468137255,2026093002,readout
-45.703125,-11700.0,256,15.96573801851148,-107.37198801851147,C_average_minus_current,uniform,big_blind,251040.28799019608,2026093002,readout
-14.2578125,-3650.0,256,37.43642273719098,-65.95204773719098,C_current_minus_A_current,uniform,overall,176398.8587622549,2026093003,readout
-22.16796875,-5675.0,256,37.46636659695005,-81.80230409695005,C_average_minus_A_average,uniform,overall,234749.30108762256,2026093003,readout
9.66796875,2475.0,256,68.35491464596447,-49.01897714596446,A_average_minus_current,uniform,overall,227349.791283701,2026093003,readout
1.7578125,450.0,256,58.00107751799877,-54.48545251799877,C_average_minus_current,uniform,overall,208810.62346813726,2026093003,readout
14.84375,3800.0,256,99.10771219367774,-69.42021219367774,C_current_minus_A_current,uniform,button,468700.3676470588,2026093003,readout
-17.7734375,-4550.0,256,73.89188912726705,-109.43876412726705,C_average_minus_A_average,uniform,button,554653.4543504902,2026093003,readout
-25.1953125,-6450.0,256,69.44304392593179,-119.83366892593179,A_average_minus_current,uniform,button,591215.6479779412,2026093003,readout
-57.8125,-14800.0,256,34.378789581255106,-150.0037895812551,C_average_minus_current,uniform,button,561036.7647058824,2026093003,readout
-43.359375,-11100.0,256,27.04212389797327,-113.76087389797327,C_current_minus_A_current,uniform,big_blind,327171.41544117645,2026093003,readout
-26.5625,-6800.0,256,54.91304195159866,-108.03804195159866,C_average_minus_A_average,uniform,big_blind,438193.6274509804,2026093003,readout
44.53125,11400.0,256,124.33926959486949,-35.27676959486949,A_average_minus_current,uniform,big_blind,420440.5637254902,2026093003,readout
61.328125,15700.0,256,133.58627293388804,-10.93002293388804,C_average_minus_current,uniform,big_blind,344655.48406862747,2026093003,readout
-14.615885416666666,-3741.6666666666665,256,16.00079095914328,-45.23256179247661,C_current_minus_A_current,passive,overall,61876.76908871187,aggregate,readout
-14.713541666666666,-3766.6666666666665,256,12.365631813420707,-41.79271514675404,C_average_minus_A_average,passive,overall,48404.122412854034,aggregate,readout
-5.305989583333334,-1358.3333333333335,256,22.544920464855167,-33.15689963152183,A_average_minus_current,passive,overall,51202.4005565768,aggregate,readout
-5.403645833333334,-1383.3333333333335,256,24.990346157483884,-35.797637824150556,C_average_minus_current,passive,overall,60979.945363562096,aggregate,readout
-17.252604166666664,-4416.666666666666,256,28.232314395449535,-62.737522728782864,C_current_minus_A_current,passive,button,136567.19345724402,aggregate,readout
-11.067708333333334,-2833.3333333333335,256,26.607460959250204,-48.742877625916876,C_average_minus_A_average,passive,button,93696.19757625271,aggregate,readout
-11.783854166666666,-3016.6666666666665,256,32.6376369951645,-56.20534532849783,A_average_minus_current,passive,button,130256.0210716231,aggregate,readout
-5.598958333333333,-1433.3333333333333,256,41.81796264147382,-53.01587930814049,C_average_minus_current,passive,button,148415.15182461872,aggregate,readout
-11.979166666666666,-3066.6666666666665,256,29.40292696255949,-53.36126029589282,C_current_minus_A_current,passive,big_blind,113041.1220043573,aggregate,readout
-18.359375,-4700.0,256,20.817237074049892,-57.53598707404989,C_average_minus_A_average,passive,big_blind,101313.0276416122,aggregate,readout
1.1718750000000007,300.00000000000017,256,44.83719946134437,-42.49344946134437,A_average_minus_current,passive,big_blind,125859.18777233115,aggregate,readout
-5.208333333333333,-1333.3333333333333,256,41.11320563087204,-51.52987229753871,C_average_minus_current,passive,big_blind,141637.25490196078,aggregate,readout
-3.90625,-1000.0,256,48.33422036862937,-56.14672036862937,C_current_minus_A_current,passive,overall,180146.44607843139,2026093001,readout
-27.24609375,-6975.0,256,11.696297146007844,-66.18848464600785,C_average_minus_A_average,passive,overall,100105.22939644608,2026093001,readout
4.00390625,1025.0,256,49.709926147971125,-41.702113647971125,A_average_minus_current,passive,overall,137898.12155330883,2026093001,readout
-19.3359375,-4950.0,256,28.06746492905993,-66.73933992905992,C_average_minus_current,passive,overall,148330.53768382352,2026093001,readout
-50.78125,-13000.0,256,25.11691744218095,-126.67941744218095,C_current_minus_A_current,passive,button,380254.28921568627,2026093001,readout
17.3828125,4450.0,256,67.47101342885361,-32.7053884288536,C_average_minus_A_average,passive,button,165608.4175857843,2026093001,readout
-50.5859375,-12950.0,256,22.955834636794137,-124.12770963679414,A_average_minus_current,passive,button,357009.45925245096,2026093001,readout
17.578125,4500.0,256,86.86201027829843,-51.70576027829843,C_average_minus_current,passive,button,316866.26838235295,2026093001,readout
42.96875,11000.0,256,112.3410885570743,-26.4035885570743,C_current_minus_A_current,passive,big_blind,317675.85784313723,2026093001,readout
-71.875,-18400.0,256,-8.344990579756953,-135.40500942024306,C_average_minus_A_average,passive,big_blind,266421.56862745096,2026093001,readout
58.59375,15000.0,256,120.7260810459579,-3.5385810459578977,A_average_minus_current,passive,big_blind,254827.818627451,2026093001,readout
-56.25,-14400.0,256,12.426323861086672,-124.92632386108667,C_average_minus_current,passive,big_blind,311333.3333333333,2026093001,readout
-33.984375,-8700.0,256,19.838851674305154,-87.80760167430515,C_current_minus_A_current,passive,overall,191227.78799019608,2026093002,readout
-10.64453125,-2725.0,256,35.36760359286175,-56.65666609286175,C_average_minus_A_average,passive,overall,139751.4456954657,2026093002,readout
-31.8359375,-8150.0,256,13.04143570564613,-76.71331070564614,A_average_minus_current,passive,overall,132943.28278186274,2026093002,readout
-8.49609375,-2175.0,256,37.06550195685822,-54.05768945685822,C_average_minus_current,passive,overall,137028.02351409313,2026093002,readout
-30.859375,-7900.0,256,43.9890685625447,-105.7078185625447,C_current_minus_A_current,passive,button,369808.67034313723,2026093002,readout
-33.7890625,-8650.0,256,30.040753219014512,-97.6188782190145,C_average_minus_A_average,passive,button,268942.0572916667,2026093002,readout
-8.984375,-2300.0,256,45.80494803010102,-63.77369803010102,A_average_minus_current,passive,button,198154.25857843139,2026093002,readout
-11.9140625,-3050.0,256,54.781344474948085,-78.60946947494809,C_average_minus_current,passive,button,293632.0082720588,2026093002,readout
-37.109375,-9500.0,256,43.66243930404232,-117.88118930404232,C_current_minus_A_current,passive,big_blind,430656.70955882355,2026093002,readout
12.5,3200.0,256,81.57740096992977,-56.57740096992977,C_average_minus_A_average,passive,big_blind,314980.39215686277,2026093002,readout
-54.6875,-14000.0,256,15.063618380975825,-124.43861838097583,A_average_minus_current,passive,big_blind,321154.4117647059,2026093002,readout
-5.078125,-1300.0,256,63.19624419749486,-73.35249419749486,C_average_minus_current,passive,big_blind,307699.60171568627,2026093002,readout
-5.95703125,-1525.0,256,50.907240075468366,-62.821302575468366,C_current_minus_A_current,passive,overall,213447.21775428922,2026093003,readout
-6.25,-1600.0,256,39.02323770406266,-51.52323770406266,C_average_minus_A_average,passive,overall,135299.01960784313,2026093003,readout
11.9140625,3050.0,256,62.10357980010911,-38.27545480010911,A_average_minus_current,passive,overall,166279.06709558822,2026093003,readout
11.62109375,2975.0,256,61.04793417794376,-37.80574667794376,C_average_minus_current,passive,overall,161263.93037683822,2026093003,readout
29.8828125,7650.0,256,118.05212789891559,-58.286502898915586,C_current_minus_A_current,passive,button,513152.53523284313,2026093003,readout
-16.796875,-4300.0,256,47.99942484284618,-81.59317484284618,C_average_minus_A_average,passive,button,277148.13112745096,2026093003,readout
24.21875,6200.0,256,103.38681810700172,-54.949318107001716,A_average_minus_current,passive,button,413724.8774509804,2026093003,readout
-22.4609375,-5750.0,256,53.49728369717593,-98.41915869717593,C_average_minus_current,passive,button,380856.2729779412,2026093003,readout
-41.796875,-10700.0,256,32.03729626791646,-115.63104626791646,C_current_minus_A_current,passive,big_blind,359854.01348039217,2026093003,readout
4.296875,1100.0,256,70.36092416087962,-61.76717416087962,C_average_minus_A_average,passive,big_blind,288099.11151960783,2026093003,readout
-0.390625,-100.0,256,69.87625625411816,-70.65750625411816,A_average_minus_current,passive,big_blind,325921.41544117645,2026093003,readout
45.703125,11700.0,256,119.39736091950279,-27.991110919502788,C_average_minus_current,passive,big_blind,358491.26838235295,2026093003,readout
11.393229166666666,2916.6666666666665,256,32.46888715250771,-9.682428819174381,C_current_minus_A_current,pot_pressure,overall,29320.66567946623,aggregate,readout
-3.4830729166666665,-891.6666666666666,256,17.145723155466037,-24.111868988799372,C_average_minus_A_average,pot_pressure,overall,28090.489472698802,aggregate,readout
20.768229166666668,5316.666666666667,256,38.42735801167754,3.109100321655795,A_average_minus_current,pot_pressure,overall,20584.963065087148,aggregate,readout
5.891927083333333,1508.3333333333333,256,23.38522734147239,-11.601373174805726,C_average_minus_current,pot_pressure,overall,20200.170845247823,aggregate,readout
15.104166666666666,3866.6666666666665,256,53.24873401618674,-23.04040068285341,C_current_minus_A_current,pot_pressure,button,96045.47930283225,aggregate,readout
-20.8984375,-5350.0,256,16.57764997074618,-58.37452497074618,C_average_minus_A_average,pot_pressure,button,92708.60140931372,aggregate,readout
37.109375,9500.0,256,66.27348424728352,7.945265752716484,A_average_minus_current,pot_pressure,button,56144.72698801743,aggregate,readout
1.1067708333333333,283.3333333333333,256,31.998982420663395,-29.78544075399673,C_average_minus_current,pot_pressure,button,62995.50228077342,aggregate,readout
7.682291666666667,1966.6666666666667,256,24.692457674285624,-9.327874340952288,C_current_minus_A_current,pot_pressure,big_blind,19099.792347494553,aggregate,readout
13.932291666666666,3566.6666666666665,256,31.18687627225917,-3.3222929389258393,C_average_minus_A_average,pot_pressure,big_blind,19652.624591503267,aggregate,readout
4.427083333333333,1133.3333333333333,256,24.177564415799214,-15.32339774913255,A_average_minus_current,pot_pressure,big_blind,25749.387254901965,aggregate,readout
10.677083333333334,2733.3333333333335,256,26.671922840861857,-5.317756174195189,C_average_minus_current,pot_pressure,big_blind,16887.73148148148,aggregate,readout
26.7578125,6850.0,256,58.16884924318026,-4.6532242431802615,C_current_minus_A_current,pot_pressure,overall,65129.25091911765,2026093001,readout
1.953125,500.0,256,28.967470950323204,-25.061220950323204,C_average_minus_A_average,pot_pressure,overall,48172.64093137255,2026093001,readout
28.3203125,7250.0,256,58.05958399630002,-1.4189589963000202,A_average_minus_current,pot_pressure,overall,58381.08915441176,2026093001,readout
3.515625,900.0,256,28.116117112579037,-21.084867112579037,C_average_minus_current,pot_pressure,overall,39948.376225490196,2026093001,readout
45.3125,11600.0,256,98.29374665756609,-7.668746657566096,C_current_minus_A_current,pot_pressure,button,185291.66666666666,2026093001,readout
-1.953125,-500.0,256,50.1801553975642,-54.0864053975642,C_average_minus_A_average,pot_pressure,button,179407.9350490196,2026093001,readout
39.0625,10000.0,256,87.17809484613198,-9.053094846131984,A_average_minus_current,pot_pressure,button,152821.07843137256,2026093001,readout
-8.203125,-2100.0,256,34.83088937287338,-51.23713937287338,C_average_minus_current,pot_pressure,button,122246.17034313726,2026093001,readout
8.203125,2100.0,256,39.86359637245144,-23.457346372451436,C_current_minus_A_current,pot_pressure,big_blind,66167.73897058824,2026093001,readout
5.859375,1500.0,256,20.88681920378687,-9.168069203786873,C_average_minus_A_average,pot_pressure,big_blind,14906.70955882353,2026093001,readout
17.578125,4500.0,256,52.97555072959552,-17.81930072959552,A_average_minus_current,pot_pressure,big_blind,82709.4056372549,2026093001,readout
15.234375,3900.0,256,38.575548214180614,-8.106798214180614,C_average_minus_current,pot_pressure,big_blind,35963.08210784314,2026093001,readout
10.05859375,2575.0,256,45.04247718567365,-24.925289685673647,C_current_minus_A_current,pot_pressure,overall,80788.13380821078,2026093002,readout
0.09765625,25.0,256,30.49847541308011,-30.30316291308011,C_average_minus_A_average,pot_pressure,overall,61007.343367034315,2026093002,readout
18.359375,4700.0,256,44.75323994617668,-8.034489946176674,A_average_minus_current,pot_pressure,overall,45985.14093137255,2026093002,readout
8.3984375,2150.0,256,36.93452632018741,-20.13765132018741,C_average_minus_current,pot_pressure,overall,53752.71905637255,2026093002,readout
27.9296875,7150.0,256,91.13639795138928,-35.277022951389284,C_current_minus_A_current,pot_pressure,button,263716.87346813723,2026093002,readout
-23.2421875,-5950.0,256,30.163365231259583,-76.64774023125958,C_average_minus_A_average,pot_pressure,button,188271.40778186274,2026093002,readout
41.015625,10500.0,256,88.65969828178933,-6.628448281789339,A_average_minus_current,pot_pressure,button,149840.5330882353,2026093002,readout
-10.15625,-2600.0,256,34.470927842737744,-54.783427842737744,C_average_minus_current,pot_pressure,button,131465.07352941178,2026093002,readout
-7.8125,-2000.0,256,20.216765476900026,-35.84176547690002,C_current_minus_A_current,pot_pressure,big_blind,51860.294117647056,2026093002,readout
23.4375,6000.0,256,52.3175556824834,-5.442555682483398,C_average_minus_A_average,pot_pressure,big_blind,55056.37254901961,2026093002,readout
-4.296875,-1100.0,256,19.341077310586492,-27.934827310586492,A_average_minus_current,pot_pressure,big_blind,36883.42524509804,2026093002,readout
26.953125,6900.0,256,62.562330469158965,-8.656080469158965,C_average_minus_current,pot_pressure,big_blind,83702.05269607843,2026093002,readout
-2.63671875,-675.0,256,32.967124067185296,-38.240561567185296,C_current_minus_A_current,pot_pressure,overall,83676.84397977941,2026093003,readout
-12.5,-3200.0,256,19.4218353355452,-44.4218353355452,C_average_minus_A_average,pot_pressure,overall,67264.70588235294,2026093003,readout
15.625,4000.0,256,40.79623758728256,-9.546237587282558,A_average_minus_current,pot_pressure,overall,41823.529411764706,2026093003,readout
5.76171875,1475.0,256,38.371367662465225,-26.847930162465225,C_average_minus_current,pot_pressure,overall,70194.61358762255,2026093003,readout
-27.9296875,-7150.0,256,37.45304785106518,-93.31242285106518,C_current_minus_A_current,pot_pressure,button,282187.4617034314,2026093003,readout
-37.5,-9600.0,256,15.994910120367926,-90.99491012036793,C_average_minus_A_average,pot_pressure,button,188901.96078431373,2026093003,readout
31.25,8000.0,256,74.82400955851753,-12.324009558517538,A_average_minus_current,pot_pressure,button,125333.33333333333,2026093003,readout
21.6796875,5550.0,256,84.32198957147577,-40.96261457147577,C_average_minus_current,pot_pressure,button,259028.14797794117,2026093003,readout
22.65625,5800.0,256,50.391714381213745,-5.079214381213749,C_current_minus_A_current,pot_pressure,big_blind,50778.799019607846,2026093003,readout
12.5,3200.0,256,47.141750044094834,-22.141750044094834,C_average_minus_A_average,pot_pressure,big_blind,79215.6862745098,2026093003,readout
0.0,0.0,256,25.493695839379367,-25.493695839379367,A_average_minus_current,pot_pressure,big_blind,42901.96078431373,2026093003,readout
-10.15625,-2600.0,256,7.510325848762157,-27.822825848762157,C_average_minus_current,pot_pressure,big_blind,20602.32843137255,2026093003,readout
2.506510416666667,641.6666666666667,256,11.295528374205492,-6.282507540872158,C_current_minus_A_current,tight_passive,overall,5099.084924768518,aggregate,readout
9.1796875,2350.0,256,18.71862410040614,-0.35924910040614044,C_average_minus_A_average,tight_passive,overall,6006.361485566449,aggregate,readout
-11.03515625,-2825.0,256,-0.6012514466255077,-21.469061053374492,A_average_minus_current,tight_passive,overall,7186.2989770561,aggregate,readout
-4.361979166666667,-1116.6666666666667,256,2.731333392746108,-11.455291726079441,C_average_minus_current,tight_passive,overall,3321.3124659586056,aggregate,readout
6.966145833333334,1783.3333333333335,256,23.442438618556046,-9.510146951889377,C_current_minus_A_current,tight_passive,button,17919.692095588234,aggregate,readout
20.3125,5200.0,256,36.918225891075515,3.706774108924485,C_average_minus_A_average,tight_passive,button,18202.342047930284,aggregate,readout
-19.7265625,-5050.0,256,0.44735789387237546,-39.90048289387238,A_average_minus_current,tight_passive,button,26865.327988834422,aggregate,readout
-6.380208333333334,-1633.3333333333335,256,5.971136164048431,-18.7315528307151,C_average_minus_current,tight_passive,button,10070.244417211328,aggregate,readout
-1.9531250000000002,-500.00000000000006,256,7.275098884897345,-11.181348884897345,C_current_minus_A_current,tight_passive,big_blind,5621.4426742919395,aggregate,readout
-1.953125,-500.0,256,6.583992085949699,-10.4902420859497,C_average_minus_A_average,tight_passive,big_blind,4810.98515795207,aggregate,readout
-2.34375,-600.0,256,5.5028565339802595,-10.19035653398026,A_average_minus_current,tight_passive,big_blind,4064.2020697167754,aggregate,readout
-2.34375,-600.0,256,4.610914233725392,-9.298414233725392,C_average_minus_current,tight_passive,big_blind,3192.742374727669,aggregate,readout
7.91015625,2025.0,256,22.124222008268845,-6.3039095082688466,C_current_minus_A_current,tight_passive,overall,13336.693857230392,2026093001,readout
11.23046875,2875.0,256,23.84163974154091,-1.3807022415409111,C_average_minus_A_average,tight_passive,overall,10498.38196997549,2026093001,readout
-15.33203125,-3925.0,256,-0.17079735593887513,-30.493265144061127,A_average_minus_current,tight_passive,overall,15173.320695465687,2026093001,readout
-12.01171875,-3075.0,256,2.98352671308656,-27.00696421308656,C_average_minus_current,tight_passive,overall,14842.897901348038,2026093001,readout
14.6484375,3750.0,256,37.38620705877832,-8.089332058778318,C_current_minus_A_current,tight_passive,button,34127.71905637255,2026093001,readout
23.2421875,5950.0,256,48.382971044151745,-1.8985960441517413,C_average_minus_A_average,tight_passive,button,41722.38817401961,2026093001,readout
-25.1953125,-6450.0,256,2.7390661776138394,-53.129691177613836,A_average_minus_current,tight_passive,button,51509.765625,2026093001,readout
-16.6015625,-4250.0,256,4.118996350387057,-37.32212135038706,C_average_minus_current,tight_passive,button,28340.954350490196,2026093001,readout
1.171875,300.0,256,18.93245001188798,-16.58870001188798,C_current_minus_A_current,tight_passive,big_blind,20822.15073529412,2026093001,readout
-0.78125,-200.0,256,1.6542300761531674,-3.2167300761531674,C_average_minus_A_average,tight_passive,big_blind,391.54411764705884,2026093001,readout
-5.46875,-1400.0,256,6.502616743137828,-17.44011674313783,A_average_minus_current,tight_passive,big_blind,9460.171568627451,2026093001,readout
-7.421875,-1900.0,256,10.843717378356654,-25.687467378356654,C_average_minus_current,tight_passive,big_blind,22023.13112745098,2026093001,readout
1.85546875,475.0,256,20.389604219362447,-16.678666719362447,C_current_minus_A_current,tight_passive,overall,22675.465303308825,2026093002,readout
10.7421875,2750.0,256,28.35717935470741,-6.872804354707409,C_average_minus_A_average,tight_passive,overall,20482.192095588234,2026093002,readout
-4.296875,-1100.0,256,8.179759311747274,-16.773509311747276,A_average_minus_current,tight_passive,overall,10275.582107843138,2026093002,readout
4.58984375,1175.0,256,15.15523152209294,-5.97554402209294,C_average_minus_current,tight_passive,overall,7368.556602328431,2026093002,readout
15.4296875,3950.0,256,47.145258358799495,-16.28588335879949,C_current_minus_A_current,tight_passive,button,66398.24601715687,2026093002,readout
26.953125,6900.0,256,53.56868139736751,0.3375686026324871,C_average_minus_A_average,tight_passive,button,46760.876225490196,2026093002,readout
-3.125,-800.0,256,19.891839961096156,-26.141839961096156,A_average_minus_current,tight_passive,button,34970.58823529412,2026093002,readout
8.3984375,2150.0,256,28.437601781083103,-11.640726781083103,C_average_minus_current,tight_passive,button,26507.621017156864,2026093002,readout
-11.71875,-3000.0,256,7.325392192851055,-30.762892192851055,C_current_minus_A_current,tight_passive,big_blind,23940.563725490196,2026093002,readout
-5.46875,-1400.0,256,13.988154026692634,-24.925654026692634,C_average_minus_A_average,tight_passive,big_blind,24989.583333333332,2026093002,readout
-5.46875,-1400.0,256,4.1961616502268,-15.1336616502268,A_average_minus_current,tight_passive,big_blind,6166.053921568628,2026093002,readout
0.78125,200.0,256,7.499966045660011,-5.937466045660011,C_average_minus_current,tight_passive,big_blind,2979.779411764706,2026093002,readout
-2.24609375,-575.0,256,9.492220692933936,-13.984408192933936,C_current_minus_A_current,tight_passive,overall,9095.425474877451,2026093003,readout
5.56640625,1425.0,256,19.584427940364723,-8.451615440364723,C_average_minus_A_average,tight_passive,overall,12971.34459252451,2026093003,readout
-13.4765625,-3450.0,256,2.3800384383556885,-29.33316343835569,A_average_minus_current,tight_passive,overall,16597.081801470587,2026093003,readout
-5.6640625,-1450.0,256,4.979211497446814,-16.307336497446812,C_average_minus_current,tight_passive,overall,7477.596507352941,2026093003,readout
-9.1796875,-2350.0,256,12.540309498927407,-30.899684498927407,C_current_minus_A_current,tight_passive,button,31140.89307598039,2026093003,readout
10.7421875,2750.0,256,37.8651020811825,-16.380727081182496,C_average_minus_A_average,tight_passive,button,48560.62346813725,2026093003,readout
-30.859375,-7900.0,256,2.9238813986291845,-64.64263139862919,A_average_minus_current,tight_passive,button,75338.08210784313,2026093003,readout
-10.9375,-2800.0,256,3.726110970406305,-25.601110970406303,C_average_minus_current,tight_passive,button,14193.627450980392,2026093003,readout
4.6875,1200.0,256,13.111037065840348,-3.736037065840348,C_current_minus_A_current,tight_passive,big_blind,4683.823529411765,2026093003,readout
0.390625,100.0,256,7.57971656854984,-6.79846656854984,C_average_minus_A_average,tight_passive,big_blind,3411.611519607843,2026093003,readout
3.90625,1000.0,256,15.98568466079155,-8.17318466079155,A_average_minus_current,tight_passive,big_blind,9631.740196078432,2026093003,readout
-0.390625,-100.0,256,14.889195621672357,-15.670445621672357,C_average_minus_current,tight_passive,big_blind,15411.611519607843,2026093003,readout
-3.255208333333333,-833.3333333333333,256,18.33424451967697,-24.844661186343636,C_current_minus_A_current,loose_passive,overall,30767.684504357298,aggregate,readout
-7.421875,-1900.0,256,12.09718254951973,-26.94093254951973,C_average_minus_A_average,loose_passive,overall,25149.4927832244,aggregate,readout
8.463541666666668,2166.666666666667,256,26.395531817831596,-9.46844848449826,A_average_minus_current,loose_passive,overall,21226.01783769063,aggregate,readout
4.296875000000001,1100.0000000000002,256,26.242923839399122,-17.649173839399122,C_average_minus_current,loose_passive,overall,31792.466639433555,aggregate,readout
-6.510416666666667,-1666.6666666666667,256,30.431791700924055,-43.45262503425739,C_current_minus_A_current,loose_passive,button,90085.9885620915,aggregate,readout
-8.984375,-2300.0,256,26.028295263766793,-43.99704526376679,C_average_minus_A_average,loose_passive,button,80921.14311002179,aggregate,readout
22.786458333333332,5833.333333333333,256,51.54217451569647,-5.969257849029805,A_average_minus_current,loose_passive,button,54583.31631263617,aggregate,readout
20.3125,5200.0,256,54.995610144858944,-14.370610144858944,C_average_minus_current,loose_passive,button,79404.95642701525,aggregate,readout
-1.1102230246251565e-15,-2.8421709430404007e-13,256,28.231143532060305,-28.231143532060305,C_current_minus_A_current,loose_passive,big_blind,52610.021786492376,aggregate,readout
-5.859375000000001,-1500.0000000000002,256,13.464731500812373,-25.183481500812373,C_average_minus_A_average,loose_passive,big_blind,24649.628948801746,aggregate,readout
-5.859375,-1500.0,256,19.531956506677087,-31.250706506677087,A_average_minus_current,loose_passive,big_blind,42558.12568082789,aggregate,readout
-11.718749999999998,-2999.9999999999995,256,17.118900936450146,-40.55640093645014,C_average_minus_current,loose_passive,big_blind,54894.81209150327,aggregate,readout
10.05859375,2575.0,256,45.439295769225666,-25.322108269225666,C_current_minus_A_current,loose_passive,overall,82631.27106311274,2026093001,readout
-7.91015625,-2025.0,256,24.727928194048225,-40.548240694048225,C_average_minus_A_average,loose_passive,overall,70317.08601409313,2026093001,readout
14.94140625,3825.0,256,43.087372111388106,-13.20455961138811,A_average_minus_current,loose_passive,overall,52293.0357689951,2026093001,readout
-3.02734375,-775.0,256,31.26388205793174,-37.31856955793174,C_average_minus_current,loose_passive,overall,77620.70121017157,2026093001,readout
30.2734375,7750.0,256,86.57274803958607,-26.025873039586074,C_current_minus_A_current,loose_passive,button,209226.9837622549,2026093001,readout
4.1015625,1050.0,256,58.49578009193976,-50.29265509193976,C_average_minus_A_average,loose_passive,button,195306.640625,2026093001,readout
12.3046875,3150.0,256,62.43355065473882,-37.82417565473882,A_average_minus_current,loose_passive,button,165877.41268382352,2026093001,readout
-13.8671875,-3550.0,256,40.12145287930471,-67.85582787930471,C_average_minus_current,loose_passive,button,192404.9862132353,2026093001,readout
-10.15625,-2600.0,256,40.123401704208554,-60.435901704208554,C_current_minus_A_current,loose_passive,big_blind,166876.83823529413,2026093001,readout
-19.921875,-5100.0,256,21.130808218055975,-60.974558218055975,C_average_minus_A_average,loose_passive,big_blind,111248.62132352941,2026093001,readout
17.578125,4500.0,256,59.13600320565902,-23.979753205659023,A_average_minus_current,loose_passive,big_blind,114003.52328431372,2026093001,readout
7.8125,2000.0,256,50.68857251282675,-35.06357251282675,C_average_minus_current,loose_passive,big_blind,121350.49019607843,2026093001,readout
-15.91796875,-4075.0,256,24.38429349166165,-56.22023099166165,C_current_minus_A_current,loose_passive,overall,107218.66383272059,2026093002,readout
-0.390625,-100.0,256,36.55804260737318,-37.33929260737318,C_average_minus_A_average,loose_passive,overall,90117.49387254902,2026093002,readout
-6.25,-1600.0,256,24.477006272197055,-36.97700627219706,A_average_minus_current,loose_passive,overall,62323.529411764706,2026093002,readout
9.27734375,2375.0,256,50.31207350581854,-31.75738600581854,C_average_minus_current,loose_passive,overall,111151.33846507352,2026093002,readout
-43.5546875,-11150.0,256,19.712647279974405,-106.8220222799744,C_current_minus_A_current,loose_passive,button,264223.00091911765,2026093002,readout
-12.5,-3200.0,256,48.629305501767256,-73.62930550176725,C_average_minus_A_average,loose_passive,button,246666.66666666666,2026093002,readout
11.328125,2900.0,256,57.59810889461778,-34.94185889461778,A_average_minus_current,loose_passive,button,141322.15073529413,2026093002,readout
42.3828125,10850.0,256,109.99670194418314,-25.231076944183144,C_average_minus_current,loose_passive,button,301775.08425245096,2026093002,readout
11.71875,3000.0,256,61.827523516495006,-38.390023516495006,C_current_minus_A_current,loose_passive,big_blind,165744.48529411765,2026093002,readout
11.71875,3000.0,256,48.86376511878832,-25.426265118788322,C_average_minus_A_average,loose_passive,big_blind,91077.81862745098,2026093002,readout
-23.828125,-6100.0,256,15.295244328206316,-62.951494328206316,A_average_minus_current,loose_passive,big_blind,101037.83700980392,2026093002,readout
-23.828125,-6100.0,256,17.32302567367588,-64.97927567367589,C_average_minus_current,loose_passive,big_blind,111782.93504901961,2026093002,readout
-3.90625,-1000.0,256,33.51859961829747,-41.33109961829747,C_current_minus_A_current,loose_passive,overall,92455.26960784313,2026093003,readout
-13.96484375,-3575.0,256,17.25314969924398,-45.18283719924398,C_average_minus_A_average,loose_passive,overall,64331.17915134804,2026093003,readout
16.69921875,4275.0,256,47.15847335348519,-13.760035853485196,A_average_minus_current,loose_passive,overall,61242.10133272059,2026093003,readout
6.640625,1700.0,256,40.47549842649702,-27.19424842649702,C_average_minus_current,loose_passive,overall,75568.47426470589,2026093003,readout
-6.25,-1600.0,256,60.97058683793719,-73.47058683793719,C_current_minus_A_current,loose_passive,button,298274.50980392157,2026093003,readout
-18.5546875,-4750.0,256,35.50328439335358,-72.61265939335358,C_average_minus_A_average,loose_passive,button,192899.47150735295,2026093003,readout
44.7265625,11450.0,256,93.32192051884357,-3.8687955188435694,A_average_minus_current,loose_passive,button,155883.84650735295,2026093003,readout
32.421875,8300.0,256,86.62610593960216,-21.782355939602155,C_average_minus_current,loose_passive,button,193944.69975490196,2026093003,readout
-1.5625,-400.0,256,34.98151455030156,-38.10651455030156,C_current_minus_A_current,loose_passive,big_blind,88154.41176470589,2026093003,readout
-9.375,-2400.0,256,21.950376303118958,-40.70037630311896,C_average_minus_A_average,loose_passive,big_blind,64774.509803921566,2026093003,readout
-11.328125,-2900.0,256,27.835084414219182,-50.49133441421918,A_average_minus_current,loose_passive,big_blind,101243.7193627451,2026093003,readout
-19.140625,-4900.0,256,23.25601199525955,-61.53726199525955,C_average_minus_current,loose_passive,big_blind,118651.80759803922,2026093003,readout
2.3763020833333335,608.3333333333334,256,17.288651541239915,-12.536047374573247,C_current_minus_A_current,tight_aggressive,overall,14679.243898080067,aggregate,readout
3.90625,1000.0,256,15.85519536535389,-8.04269536535389,C_average_minus_A_average,tight_aggressive,overall,9424.768518518518,aggregate,readout
-2.8971354166666665,-741.6666666666666,256,9.448883847893576,-15.243154681226908,A_average_minus_current,tight_aggressive,overall,10061.5627978622,aggregate,readout
-1.3671874999999998,-349.99999999999994,256,11.782258965068866,-14.516633965068866,C_average_minus_current,tight_aggressive,overall,11413.700810185184,aggregate,readout
5.924479166666666,1516.6666666666665,256,28.45716755249316,-16.608209219159825,C_current_minus_A_current,tight_aggressive,button,33514.871834150326,aggregate,readout
11.197916666666666,2866.6666666666665,256,31.972339895178372,-9.576506561845038,C_average_minus_A_average,tight_aggressive,button,28488.4940087146,aggregate,readout
0.9765625000000014,250.00000000000037,256,25.39780130004758,-23.44467630004758,A_average_minus_current,tight_aggressive,button,39368.323631535946,aggregate,readout
6.25,1600.0,256,24.169339106759377,-11.669339106759377,C_average_minus_current,tight_aggressive,button,21196.07843137255,aggregate,readout
-1.1718750000000002,-300.00000000000006,256,15.094986673236665,-17.438736673236665,C_current_minus_A_current,tight_aggressive,big_blind,17467.030909586054,aggregate,readout
-3.3854166666666665,-866.6666666666666,256,8.341530807854092,-15.112364141187424,C_average_minus_A_average,tight_aggressive,big_blind,9077.81862745098,aggregate,readout
-6.770833333333333,-1733.3333333333333,256,0.6106727480345615,-14.152339414701228,A_average_minus_current,tight_aggressive,big_blind,3596.677559912854,aggregate,readout
-8.984375,-2300.0,256,8.886831547360817,-26.855581547360817,C_average_minus_current,tight_aggressive,big_blind,21082.363153594768,aggregate,readout
-1.171875,-300.0,256,21.495017442375815,-23.838767442375815,C_current_minus_A_current,tight_aggressive,overall,33915.28799019608,2026093001,readout
6.34765625,1625.0,256,25.29675349762723,-12.601440997627229,C_average_minus_A_average,tight_aggressive,overall,23702.196308210783,2026093001,readout
-11.81640625,-3025.0,256,6.657750907552195,-30.290563407552195,A_average_minus_current,tight_aggressive,overall,22528.942631740196,2026093001,readout
-4.296875,-1100.0,256,16.628147770832964,-25.221897770832964,C_average_minus_current,tight_aggressive,overall,28903.033088235294,2026093001,readout
-7.421875,-1900.0,256,26.22012991225077,-41.06387991225077,C_current_minus_A_current,tight_aggressive,button,74709.4056372549,2026093001,readout
1.7578125,450.0,256,33.47821224148647,-29.962587241486467,C_average_minus_A_average,tight_aggressive,button,66418.46660539215,2026093001,readout
-7.2265625,-1850.0,256,24.280003392535484,-38.733128392535484,A_average_minus_current,tight_aggressive,button,65526.00337009804,2026093001,readout
1.953125,500.0,256,29.50638385806244,-25.60013385806244,C_average_minus_current,tight_aggressive,button,50113.81740196078,2026093001,readout
5.078125,1300.0,256,35.44621943936677,-25.289969439366768,C_current_minus_A_current,tight_aggressive,big_blind,60876.072303921566,2026093001,readout
10.9375,2800.0,256,37.01794690388357,-15.142946903883566,C_average_minus_A_average,tight_aggressive,big_blind,44899.509803921566,2026093001,readout
-16.40625,-4200.0,256,2.987576734881994,-35.800076734882,A_average_minus_current,tight_aggressive,big_blind,24827.81862745098,2026093001,readout
-10.546875,-2700.0,256,17.373179986898556,-38.466929986898556,C_average_minus_current,tight_aggressive,big_blind,51456.95465686275,2026093001,readout
-4.78515625,-1225.0,256,17.901534931144568,-27.471847431144568,C_current_minus_A_current,tight_aggressive,overall,33974.56150428922,2026093002,readout
-3.3203125,-850.0,256,16.407346088658553,-23.047971088658553,C_average_minus_A_average,tight_aggressive,overall,25689.912683823528,2026093002,readout
6.0546875,1550.0,256,29.356095036724557,-17.246720036724557,A_average_minus_current,tight_aggressive,overall,35840.647977941175,2026093002,readout
7.51953125,1925.0,256,29.000901056403244,-13.961838556403244,C_average_minus_current,tight_aggressive,overall,30460.39177389706,2026093002,readout
4.8828125,1250.0,256,45.34736560494529,-35.58174060494529,C_current_minus_A_current,tight_aggressive,button,108083.90778186274,2026093002,readout
-1.5625,-400.0,256,37.33222002434903,-40.45722002434903,C_average_minus_A_average,tight_aggressive,button,99860.29411764706,2026093002,readout
20.703125,5300.0,256,64.51187380000914,-23.10562380000914,A_average_minus_current,tight_aggressive,button,126687.3468137255,2026093002,readout
14.2578125,3650.0,256,53.023315280159544,-24.507690280159544,C_average_minus_current,tight_aggressive,button,99197.87837009804,2026093002,readout
-14.453125,-3700.0,256,5.402998038033484,-34.30924803803349,C_current_minus_A_current,tight_aggressive,big_blind,26025.582107843136,2026093002,readout
-5.078125,-1300.0,256,1.5674866836390287,-11.723736683639029,C_average_minus_A_average,tight_aggressive,big_blind,2915.287990196078,2026093002,readout
-8.59375,-2200.0,256,7.12897756717423,-24.316477567174232,A_average_minus_current,tight_aggressive,big_blind,16318.014705882353,2026093002,readout
0.78125,200.0,256,19.566269465955102,-18.003769465955102,C_average_minus_current,tight_aggressive,big_blind,23293.504901960783,2026093002,readout
13.0859375,3350.0,256,35.29479831826687,-9.122923318266867,C_current_minus_A_current,tight_aggressive,overall,32558.47886029412,2026093003,readout
8.69140625,2225.0,256,29.6586369396804,-12.275824439680399,C_average_minus_A_average,tight_aggressive,overall,29019.75145526961,2026093003,readout
-2.9296875,-750.0,256,17.993602343374953,-23.852977343374953,A_average_minus_current,tight_aggressive,overall,28898.246017156864,2026093003,readout
-7.32421875,-1875.0,256,8.715630611267102,-23.364068111267102,C_average_minus_current,tight_aggressive,overall,16982.91015625,2026093003,readout
20.3125,5200.0,256,63.44070053278496,-22.81570053278496,C_current_minus_A_current,tight_aggressive,button,122781.86274509804,2026093003,readout
33.3984375,8550.0,256,71.89210435228037,-5.095229352280363,C_average_minus_A_average,tight_aggressive,button,97811.54258578431,2026093003,readout
-10.546875,-2700.0,256,30.337687652255887,-51.43143765225589,A_average_minus_current,tight_aggressive,button,110339.30759803922,2026093003,readout
2.5390625,650.0,256,27.462262525981064,-22.384137525981064,C_average_minus_current,tight_aggressive,button,41003.33180147059,2026093003,readout
5.859375,1500.0,256,28.226564228958104,-16.507814228958104,C_current_minus_A_current,tight_aggressive,big_blind,33024.356617647056,2026093003,readout
-16.015625,-4100.0,256,1.1922717584091238,-33.22352175840912,C_average_minus_A_average,tight_aggressive,big_blind,19546.415441176472,2026093003,readout
4.6875,1200.0,256,13.524071259658193,-4.149071259658193,A_average_minus_current,tight_aggressive,big_blind,5154.411764705882,2026093003,readout
-17.1875,-4400.0,256,2.9771661977362562,-37.35216619773625,C_average_minus_current,tight_aggressive,big_blind,26840.686274509804,2026093003,readout
15.625,4000.0,256,41.19222143746262,-9.942221437462624,C_current_minus_A_current,loose_aggressive,overall,43149.78213507625,aggregate,readout
21.028645833333332,5383.333333333333,256,46.589884817549276,-4.532593150882615,C_average_minus_A_average,loose_aggressive,overall,43129.591333061006,aggregate,readout
-20.638020833333332,-5283.333333333333,256,5.975669364264693,-47.25171103093136,A_average_minus_current,loose_aggressive,overall,46754.31900190631,aggregate,readout
-15.234375,-3900.0,256,4.011755491146243,-34.480505491146246,C_average_minus_current,loose_aggressive,overall,24451.099537037036,aggregate,readout
38.28125,9800.0,256,77.22424198115706,-0.6617419811570642,C_current_minus_A_current,loose_aggressive,button,100108.31971677559,aggregate,readout
22.65625,5800.0,256,60.09586840563959,-14.783368405639592,C_average_minus_A_average,loose_aggressive,button,92528.25435729847,aggregate,readout
-8.072916666666666,-2066.6666666666665,256,29.18443949463977,-45.3302728279731,A_average_minus_current,loose_aggressive,button,91629.56154684095,aggregate,readout
-23.697916666666664,-6066.666666666666,256,4.0766408164617935,-51.47247414979512,C_average_minus_current,loose_aggressive,button,50922.04520697168,aggregate,readout
-7.03125,-1800.0,256,23.059032821208554,-37.121532821208554,C_current_minus_A_current,loose_aggressive,big_blind,59767.36111111112,aggregate,readout
19.401041666666668,4966.666666666667,256,50.39651033811329,-11.594427004779952,C_average_minus_A_average,loose_aggressive,big_blind,63417.330473856215,aggregate,readout
-33.203125,-8500.0,256,0.6317789097312243,-67.03802890973122,A_average_minus_current,loose_aggressive,big_blind,75568.61043028322,aggregate,readout
-6.770833333333333,-1733.3333333333333,256,19.63534292625846,-33.177009592925124,C_average_minus_current,loose_aggressive,big_blind,46028.05010893246,aggregate,readout
7.6171875,1950.0,256,56.917116188179975,-41.682741188179975,C_current_minus_A_current,loose_aggressive,overall,160436.84895833334,2026093001,readout
21.19140625,5425.0,256,70.96684974262516,-28.58403724262515,C_average_minus_A_average,loose_aggressive,overall,163546.71223958334,2026093001,readout
-29.78515625,-7625.0,256,18.66979644947778,-78.24010894947779,A_average_minus_current,loose_aggressive,overall,154984.36542585783,2026093001,readout
-16.2109375,-4150.0,256,18.81579880762837,-51.23767380762837,C_average_minus_current,loose_aggressive,overall,80986.1749387255,2026093001,readout
8.59375,2200.0,256,82.890464785061,-65.702964785061,C_current_minus_A_current,loose_aggressive,button,364376.8382352941,2026093001,readout
33.3984375,8550.0,256,99.2628515285558,-32.4659765285558,C_average_minus_A_average,loose_aggressive,button,286360.56219362747,2026093001,readout
-46.2890625,-11850.0,256,28.242319635556356,-120.82044463555636,A_average_minus_current,loose_aggressive,button,366682.253370098,2026093001,readout
-21.484375,-5500.0,256,26.617303312251735,-69.58605331225174,C_average_minus_current,loose_aggressive,button,152732.6899509804,2026093001,readout
6.640625,1700.0,256,66.47269901979202,-53.19144901979202,C_current_minus_A_current,loose_aggressive,big_blind,236308.67034313726,2026093001,readout
8.984375,2300.0,256,76.87739956241317,-58.908649562413174,C_average_minus_A_average,loose_aggressive,big_blind,304271.9056372549,2026093001,readout
-13.28125,-3400.0,256,45.284422747682996,-71.846922747683,A_average_minus_current,loose_aggressive,big_blind,226411.1519607843,2026093001,readout
-10.9375,-2800.0,256,41.230155863194454,-63.105155863194454,C_average_minus_current,loose_aggressive,big_blind,179644.60784313726,2026093001,readout
-18.06640625,-4625.0,256,28.599058566090868,-64.73187106609086,C_current_minus_A_current,loose_aggressive,overall,143748.30537683822,2026093002,readout
36.328125,9300.0,256,79.98702421237056,-7.330774212370564,C_average_minus_A_average,loose_aggressive,overall,125822.15073529411,2026093002,readout
-42.87109375,-10975.0,256,2.001035355434041,-87.74322285543404,A_average_minus_current,loose_aggressive,overall,132912.21469056373,2026093002,readout
11.5234375,2950.0,256,45.44471491717067,-22.39783991717067,C_average_minus_current,loose_aggressive,overall,75954.9249387255,2026093002,readout
7.2265625,1850.0,256,84.97652058274579,-70.52339558274579,C_current_minus_A_current,loose_aggressive,button,399035.8072916667,2026093002,readout
16.015625,4100.0,256,80.10742134488711,-48.076171344887115,C_average_minus_A_average,loose_aggressive,button,271154.2585784314,2026093002,readout
-10.7421875,-2750.0,256,57.57983173562843,-79.06420673562843,A_average_minus_current,loose_aggressive,button,308129.25091911765,2026093002,readout
-1.953125,-500.0,256,48.40647234113809,-52.31272234113809,C_average_minus_current,loose_aggressive,button,167407.9350490196,2026093002,readout
-43.359375,-11100.0,256,11.516285734493692,-98.23503573449369,C_current_minus_A_current,loose_aggressive,big_blind,198779.25857843139,2026093002,readout
56.640625,14500.0,256,108.1777530130187,5.103496986981305,C_average_minus_A_average,loose_aggressive,big_blind,175328.27818627452,2026093002,readout
-75.0,-19200.0,256,-23.00880048843935,-126.99119951156065,A_average_minus_current,loose_aggressive,big_blind,178431.3725490196,2026093002,readout
25.0,6400.0,256,73.09745673059382,-23.097456730593827,C_average_minus_current,loose_aggressive,big_blind,152705.88235294117,2026093002,readout
57.32421875,14675.0,256,101.05347530332335,13.594962196676654,C_current_minus_A_current,loose_aggressive,overall,126228.00819546569,2026093003,readout
5.56640625,1425.0,256,45.69282128752068,-34.56000878752068,C_average_minus_A_average,loose_aggressive,overall,106285.07008272059,2026093003,readout
10.7421875,2750.0,256,42.686542081280194,-21.20216708128019,A_average_minus_current,loose_aggressive,overall,67359.64307598039,2026093003,readout
-41.015625,-10500.0,256,-13.011581512306915,-69.01966848769308,C_average_minus_current,loose_aggressive,overall,51767.00367647059,2026093003,readout
99.0234375,25350.0,256,169.87015632540755,28.176718674592436,C_current_minus_A_current,loose_aggressive,button,331322.57199754904,2026093003,readout
18.5546875,4750.0,256,75.78102341137733,-38.67164841137733,C_average_minus_A_average,loose_aggressive,button,216173.98131127452,2026093003,readout
32.8125,8400.0,256,93.59062740844956,-27.965627408449556,A_average_minus_current,loose_aggressive,button,243840.6862745098,2026093003,readout
-47.65625,-12200.0,256,0.021638919716913563,-95.3341389197169,C_average_minus_current,loose_aggressive,button,150053.3088235294,2026093003,readout
15.625,4000.0,256,63.80729972603038,-32.55729972603038,C_current_minus_A_current,loose_aggressive,big_blind,153245.0980392157,2026093003,readout
-7.421875,-1900.0,256,40.93175184116829,-55.77550184116829,C_average_minus_A_average,loose_aggressive,big_blind,154336.85661764705,2026093003,readout
-11.328125,-2900.0,256,31.418041527552234,-54.074291527552234,A_average_minus_current,loose_aggressive,big_blind,120616.26838235294,2026093003,readout
-34.375,-8800.0,256,1.362002112941589,-70.11200211294158,C_average_minus_current,loose_aggressive,big_blind,84303.92156862745,2026093003,readout
