br_gain_seat0,br_gain_seat1,cell,exploitability_bb,exploitability_root_pot,missing,profile_value_seat0,profile_value_seat1,public_nodes,queries,raise_to,range_sha256,readout,removed_mass_positive,root,seed,trained,zero_retained_mass,zero_sum_error_bb
0.43737661609098955,1.6732684429303153,A,1.0553225295106525,0.5276612647553263,,-0.13658839128139957,0.13658839128139716,39,15134,,10a710ff02b45790e569771029162fef269c130803f33c4418ba4c857c4c3678,current,2143,202610120301,2026093001,15134,1234,2.4147350785597155e-15
4.703830667140108,3.612595543782024,A,4.158213105461066,0.4158213105461066,17296,-0.16250000000000264,0.16250000000003031,45,17296,400,5ca120195862ca2030ff4c8fb7d4b94502f8455d411e65e28d152dff944a5967,current,4324,202610120302,2026093001,,0,2.7672308888782027e-14
5.113507570306828,6.32623179061652,A,5.719869680461674,0.21999498771006437,10810,1.3888888888888968,-1.388888888888939,27,10810,1200,04483666a7c45d0a69f4aee6a418861a008ee87bef6674dde255cc4fa1629347,current,2162,202610120303,2026093001,,0,4.218847493575595e-14
0.7046725507507716,0.3876032081029742,A,0.546137879426873,0.2730689397134365,,-0.14042896290999013,0.14042896290999182,39,15134,,10a710ff02b45790e569771029162fef269c130803f33c4418ba4c857c4c3678,average,8216,202610120301,2026093001,15134,581,1.6930901125533637e-15
4.703830667140108,3.612595543782024,A,4.158213105461066,0.4158213105461066,17296,-0.16250000000000264,0.16250000000003031,45,17296,400,5ca120195862ca2030ff4c8fb7d4b94502f8455d411e65e28d152dff944a5967,average,4324,202610120302,2026093001,,0,2.7672308888782027e-14
5.113507570306828,6.32623179061652,A,5.719869680461674,0.21999498771006437,10810,1.3888888888888968,-1.388888888888939,27,10810,1200,04483666a7c45d0a69f4aee6a418861a008ee87bef6674dde255cc4fa1629347,average,2162,202610120303,2026093001,,0,4.218847493575595e-14
0.4444615963035933,0.9526054522737805,C,0.6985335242886869,0.34926676214434343,24,-0.1606011295986501,0.1606011295986477,39,15134,,10a710ff02b45790e569771029162fef269c130803f33c4418ba4c857c4c3678,current,1955,202610120301,2026093001,15110,963,2.4147350785597155e-15
2.580114940902477,7.567396446170834,C,5.073755693536656,0.5073755693536656,353,0.95913526237305,-0.9591352623730474,45,17296,400,5ca120195862ca2030ff4c8fb7d4b94502f8455d411e65e28d152dff944a5967,current,1272,202610120302,2026093001,16943,372,2.6645352591003757e-15
4.704266234935943,1.2894308568468449,C,2.9968485458913943,0.11526340561120747,185,-2.199650153433583,2.1996501534335864,27,10810,1200,04483666a7c45d0a69f4aee6a418861a008ee87bef6674dde255cc4fa1629347,current,2009,202610120303,2026093001,10625,1304,3.552713678800501e-15
0.8820141011111733,0.323425733690647,C,0.6027199174009101,0.30135995870045507,24,-0.1028327305197394,0.10283273051973864,39,15134,,10a710ff02b45790e569771029162fef269c130803f33c4418ba4c857c4c3678,average,8108,202610120301,2026093001,15110,547,7.632783294297951e-16
4.033572401771242,3.5853313839939154,C,3.8094518928825787,0.3809451892882579,353,0.43839558870805534,-0.43839558870805967,45,17296,400,5ca120195862ca2030ff4c8fb7d4b94502f8455d411e65e28d152dff944a5967,average,4120,202610120302,2026093001,16943,115,4.3298697960381105e-15
5.396664635919126,5.010473854154174,C,5.20356924503665,0.20013727865525577,185,1.650805016408702,-1.6508050164087198,27,10810,1200,04483666a7c45d0a69f4aee6a418861a008ee87bef6674dde255cc4fa1629347,average,2027,202610120303,2026093001,10625,18,1.7763568394002505e-14
1.6602682315700454,0.6595347910451781,A,1.1599015113076119,0.5799507556538059,18,-0.2126376701811192,0.21263767018111607,39,15134,,10a710ff02b45790e569771029162fef269c130803f33c4418ba4c857c4c3678,current,2474,202610120301,2026093002,15116,889,3.1363800445660672e-15
4.703830667140108,3.612595543782024,A,4.158213105461066,0.4158213105461066,17296,-0.16250000000000264,0.16250000000003031,45,17296,400,5ca120195862ca2030ff4c8fb7d4b94502f8455d411e65e28d152dff944a5967,current,4324,202610120302,2026093002,,0,2.7672308888782027e-14
5.113507570306828,6.32623179061652,A,5.719869680461674,0.21999498771006437,10810,1.3888888888888968,-1.388888888888939,27,10810,1200,04483666a7c45d0a69f4aee6a418861a008ee87bef6674dde255cc4fa1629347,current,2162,202610120303,2026093002,,0,4.218847493575595e-14
1.1225792778555443,0.49175678377381377,A,0.807168030814679,0.4035840154073395,18,-0.12019033654573705,0.12019033654573989,39,15134,,10a710ff02b45790e569771029162fef269c130803f33c4418ba4c857c4c3678,average,8324,202610120301,2026093002,15116,214,2.8449465006019636e-15
4.703830667140108,3.612595543782024,A,4.158213105461066,0.4158213105461066,17296,-0.16250000000000264,0.16250000000003031,45,17296,400,5ca120195862ca2030ff4c8fb7d4b94502f8455d411e65e28d152dff944a5967,average,4324,202610120302,2026093002,,0,2.7672308888782027e-14
5.113507570306828,6.32623179061652,A,5.719869680461674,0.21999498771006437,10810,1.3888888888888968,-1.388888888888939,27,10810,1200,04483666a7c45d0a69f4aee6a418861a008ee87bef6674dde255cc4fa1629347,average,2162,202610120303,2026093002,,0,4.218847493575595e-14
1.6211165655401718,0.9410541695468678,C,1.2810853675435199,0.6405426837717598,6,-0.6946906901714172,0.6946906901714095,39,15134,,10a710ff02b45790e569771029162fef269c130803f33c4418ba4c857c4c3678,current,2114,202610120301,2026093002,15128,1341,7.66053886991358e-15
1.9038944487489304,7.212680730980564,C,4.558287589864747,0.45582875898647474,54,0.7097975759755804,-0.7097975759755872,45,17296,400,5ca120195862ca2030ff4c8fb7d4b94502f8455d411e65e28d152dff944a5967,current,1227,202610120302,2026093002,17242,369,6.8833827526759706e-15
1.1915231309128247,3.9525294414443732,C,2.572026286178599,0.09892408792994613,487,2.1183467598429946,-2.118346759843,27,10810,1200,04483666a7c45d0a69f4aee6a418861a008ee87bef6674dde255cc4fa1629347,current,2144,202610120303,2026093002,10323,1220,5.329070518200751e-15
0.7319096712153855,0.5066051835763272,C,0.6192574273958564,0.3096287136979282,6,-0.09743911452834897,0.09743911452834617,39,15134,,10a710ff02b45790e569771029162fef269c130803f33c4418ba4c857c4c3678,average,7870,202610120301,2026093002,15128,623,2.8033131371785203e-15
1.83310834916939,7.804616155061678,C,4.818862252115534,0.4818862252115534,54,1.3502045487639251,-1.3502045487639345,45,17296,400,5ca120195862ca2030ff4c8fb7d4b94502f8455d411e65e28d152dff944a5967,average,3618,202610120302,2026093002,17242,171,9.325873406851315e-15
4.8259671236423225,4.395292885803671,C,4.610630004722997,0.1773319232585768,487,-0.2199566421811756,0.21995664218118882,27,10810,1200,04483666a7c45d0a69f4aee6a418861a008ee87bef6674dde255cc4fa1629347,average,1652,202610120303,2026093002,10323,0,1.3211653993039363e-14
2.1110682168266424,0.8491731544383967,A,1.4801206856325195,0.7400603428162598,,-0.06330898681021518,0.06330898681021568,39,15134,,10a710ff02b45790e569771029162fef269c130803f33c4418ba4c857c4c3678,current,2612,202610120301,2026093003,15134,1236,4.996003610813204e-16
4.703830667140108,3.612595543782024,A,4.158213105461066,0.4158213105461066,17296,-0.16250000000000264,0.16250000000003031,45,17296,400,5ca120195862ca2030ff4c8fb7d4b94502f8455d411e65e28d152dff944a5967,current,4324,202610120302,2026093003,,0,2.7672308888782027e-14
5.113507570306828,6.32623179061652,A,5.719869680461674,0.21999498771006437,10810,1.3888888888888968,-1.388888888888939,27,10810,1200,04483666a7c45d0a69f4aee6a418861a008ee87bef6674dde255cc4fa1629347,current,2162,202610120303,2026093003,,0,4.218847493575595e-14
0.8247252402795956,0.495438323994277,A,0.6600817821369362,0.3300408910684681,,-0.15234922237365922,0.15234922237365844,39,15134,,10a710ff02b45790e569771029162fef269c130803f33c4418ba4c857c4c3678,average,8246,202610120301,2026093003,15134,652,7.771561172376096e-16
4.703830667140108,3.612595543782024,A,4.158213105461066,0.4158213105461066,17296,-0.16250000000000264,0.16250000000003031,45,17296,400,5ca120195862ca2030ff4c8fb7d4b94502f8455d411e65e28d152dff944a5967,average,4324,202610120302,2026093003,,0,2.7672308888782027e-14
5.113507570306828,6.32623179061652,A,5.719869680461674,0.21999498771006437,10810,1.3888888888888968,-1.388888888888939,27,10810,1200,04483666a7c45d0a69f4aee6a418861a008ee87bef6674dde255cc4fa1629347,average,2162,202610120303,2026093003,,0,4.218847493575595e-14
1.7557300534689546,0.8540019957727081,C,1.3048660246208312,0.6524330123104156,,-0.11743187408110362,0.11743187408110094,39,15134,,10a710ff02b45790e569771029162fef269c130803f33c4418ba4c857c4c3678,current,3112,202610120301,2026093003,15134,1972,2.67841304690819e-15
6.4534838226383915,4.563214146859324,C,5.508348984748858,0.5508348984748858,124,-0.7760747461063764,0.7760747461063876,45,17296,400,5ca120195862ca2030ff4c8fb7d4b94502f8455d411e65e28d152dff944a5967,current,1104,202610120302,2026093003,17172,252,1.1213252548714081e-14
3.371193447636859,2.2391914003967277,C,2.805192424016793,0.1078920163083382,287,-1.203655983525076,1.2036559835250231,27,10810,1200,04483666a7c45d0a69f4aee6a418861a008ee87bef6674dde255cc4fa1629347,current,1409,202610120303,2026093003,10523,647,5.284661597215745e-14
0.7417398479581072,0.42765430921050746,C,0.5846970785843073,0.29234853929215365,,-0.09672998096837693,0.09672998096837698,39,15134,,10a710ff02b45790e569771029162fef269c130803f33c4418ba4c857c4c3678,average,8522,202610120301,2026093003,15134,1145,5.551115123125783e-17
4.454910345063452,4.021412081972142,C,4.238161213517797,0.4238161213517797,124,-0.6353401397441308,0.6353401397441237,45,17296,400,5ca120195862ca2030ff4c8fb7d4b94502f8455d411e65e28d152dff944a5967,average,3890,202610120302,2026093003,17172,18,7.105427357601002e-15
3.9521661250975075,4.8402278630170175,C,4.396196994057263,0.1690844997714332,287,-0.49006894266505546,0.49006894266503687,27,10810,1200,04483666a7c45d0a69f4aee6a418861a008ee87bef6674dde255cc4fa1629347,average,2162,202610120303,2026093003,10523,0,1.8596235662471372e-14
