allin_calls,cell,fallback,flop_fallback,flop_trained,full_stack_losses,full_stack_wins,hands,jam_actions,jam_opportunities,large_actions,large_calls,large_fallback,large_opportunities,large_trained,no_response,panel,position,preflop_fallback,preflop_trained,readout,rival_continuations,rival_folds,river_fallback,river_trained,seed,stage,target_decisions,trained,turn_fallback,turn_trained
47,A,3,,796,82,57,1024,185,756,208,39,1,724,207,0,lbr,big_blind,,1024,current,105,103,,92,2026093001,primary,2173,2170,3,258
81,A,8,,620,84,83,1024,146,845,152,67,3,761,149,0,lbr,button,,1629,current,88,64,4,101,2026093001,primary,2640,2632,4,282
128,A,11,,1416,166,140,2048,331,1601,360,106,4,1485,356,0,lbr,overall,,2653,current,193,167,4,193,2026093001,primary,4813,4802,7,540
56,C,1,,915,81,62,1024,174,766,180,59,,705,180,0,lbr,big_blind,,1024,current,84,96,,98,2026093001,primary,2270,2269,1,232
89,C,2,1,668,87,73,1024,138,899,150,80,,820,150,0,lbr,button,,1511,current,85,65,1,145,2026093001,primary,2670,2668,,344
145,C,3,1,1583,168,135,2048,312,1665,330,139,,1525,330,0,lbr,overall,,2535,current,169,161,1,243,2026093001,primary,4940,4937,1,576
54,A,2,,849,88,67,1024,188,792,201,56,2,724,199,0,lbr,big_blind,,1024,current,97,104,,73,2026093002,primary,2197,2195,2,249
78,A,6,1,560,80,70,1024,139,847,184,60,1,767,183,0,lbr,button,,1686,current,87,97,4,98,2026093002,primary,2591,2585,1,241
132,A,8,1,1409,168,137,2048,327,1639,385,116,3,1491,382,0,lbr,overall,,2710,current,184,201,4,171,2026093002,primary,4788,4780,3,490
51,C,3,1,786,88,51,1024,189,737,202,55,1,671,201,0,lbr,big_blind,,1024,current,91,111,,84,2026093002,primary,2141,2138,2,244
54,C,3,1,611,87,64,1024,156,898,175,43,1,786,174,0,lbr,button,,1565,current,106,69,1,117,2026093002,primary,2598,2595,1,302
105,C,6,2,1397,175,115,2048,345,1635,377,98,2,1457,375,0,lbr,overall,,2589,current,197,180,1,201,2026093002,primary,4739,4733,3,546
45,A,1,,832,94,66,1024,214,754,247,46,1,707,246,0,lbr,big_blind,,1024,current,124,123,,84,2026093003,primary,2180,2179,1,239
80,A,7,1,540,76,92,1024,145,865,170,63,1,783,169,0,lbr,button,,1633,current,93,77,2,89,2026093003,primary,2498,2491,4,229
125,A,8,1,1372,170,158,2048,359,1619,417,109,2,1490,415,0,lbr,overall,,2657,current,217,200,2,173,2026093003,primary,4678,4670,5,468
47,C,0,,887,86,60,1024,198,818,218,39,,766,218,0,lbr,big_blind,,1024,current,112,106,,92,2026093003,primary,2273,2273,,270
72,C,4,,676,80,83,1024,136,842,142,60,,763,142,0,lbr,button,,1528,current,92,50,3,98,2026093003,primary,2592,2588,1,286
119,C,4,,1563,166,143,2048,334,1660,360,99,,1529,360,0,lbr,overall,,2552,current,204,156,3,190,2026093003,primary,4865,4861,1,556
18,A,0,,168,12,18,512,16,73,14,16,,65,14,0,loose_aggressive,big_blind,,228,current,14,0,,62,2026093001,primary,568,568,,110
26,A,2,,214,31,10,512,26,155,32,15,1,141,31,0,loose_aggressive,button,,599,current,23,9,2,63,2026093001,primary,1000,998,,122
44,A,2,,382,43,28,1024,42,228,46,31,1,206,45,0,loose_aggressive,overall,,827,current,37,9,2,125,2026093001,primary,1568,1566,,232
16,C,1,,171,14,19,512,19,77,20,15,,71,20,0,loose_aggressive,big_blind,,224,current,20,0,1,75,2026093001,primary,598,597,,127
24,C,2,,242,34,18,512,34,194,32,13,,172,32,0,loose_aggressive,button,,597,current,26,6,,88,2026093001,primary,1086,1084,2,157
40,C,3,,413,48,37,1024,53,271,52,28,,243,52,0,loose_aggressive,overall,,821,current,46,6,1,163,2026093001,primary,1684,1681,2,284
23,A,0,,179,15,21,512,16,77,19,21,,68,19,0,loose_aggressive,big_blind,,229,current,17,2,,83,2026093002,primary,608,608,,117
29,A,1,,235,35,20,512,35,153,32,22,,128,32,0,loose_aggressive,button,,601,current,25,7,,85,2026093002,primary,1071,1070,1,149
52,A,1,,414,50,41,1024,51,230,51,43,,196,51,0,loose_aggressive,overall,,830,current,42,9,,168,2026093002,primary,1679,1678,1,266
25,C,0,,187,17,26,512,20,84,25,22,,77,25,0,loose_aggressive,big_blind,,228,current,25,0,,86,2026093002,primary,625,625,,124
21,C,1,,235,34,20,512,37,182,36,13,1,155,35,0,loose_aggressive,button,,598,current,32,4,1,79,2026093002,primary,1065,1064,,152
46,C,1,,422,51,46,1024,57,266,61,35,1,232,60,0,loose_aggressive,overall,,826,current,57,4,1,165,2026093002,primary,1690,1689,,276
17,A,0,,189,16,18,512,21,98,20,19,,86,20,0,loose_aggressive,big_blind,,223,current,19,1,,77,2026093003,primary,623,623,,134
23,A,0,,222,29,16,512,35,179,35,14,,155,35,0,loose_aggressive,button,,604,current,29,6,,85,2026093003,primary,1041,1041,,130
40,A,0,,411,45,34,1024,56,277,55,33,,241,55,0,loose_aggressive,overall,,827,current,48,7,,162,2026093003,primary,1664,1664,,264
21,C,1,,191,15,23,512,19,87,23,18,,78,23,0,loose_aggressive,big_blind,,224,current,22,1,1,69,2026093003,primary,594,593,,109
25,C,1,,252,21,22,512,24,179,28,20,1,171,27,0,loose_aggressive,button,,604,current,25,3,1,74,2026093003,primary,1073,1072,,142
46,C,2,,443,36,45,1024,43,266,51,38,1,249,50,0,loose_aggressive,overall,,828,current,47,4,2,143,2026093003,primary,1667,1665,,251
0,A,2,,287,5,6,512,11,89,22,0,,89,22,0,loose_passive,big_blind,,294,current,22,0,2,205,2026093001,primary,1012,1010,,224
0,A,8,2,272,12,11,512,24,96,36,0,2,89,34,0,loose_passive,button,1,515,current,36,0,2,178,2026093001,primary,1176,1168,3,203
0,A,10,2,559,17,17,1024,35,185,58,0,2,178,56,0,loose_passive,overall,1,809,current,58,0,4,383,2026093001,primary,2188,2178,3,427
0,C,1,,286,9,4,512,14,87,25,1,,86,25,0,loose_passive,big_blind,,294,current,24,1,1,219,2026093001,primary,1040,1039,,240
0,C,7,1,274,11,15,512,26,79,34,1,2,77,32,0,loose_passive,button,1,517,current,34,0,2,161,2026093001,primary,1154,1147,3,195
0,C,8,1,560,20,19,1024,40,166,59,2,2,163,57,0,loose_passive,overall,1,811,current,58,1,3,380,2026093001,primary,2194,2186,3,435
0,A,2,,289,10,13,512,26,92,33,0,,89,33,0,loose_passive,big_blind,,294,current,32,1,1,218,2026093002,primary,1034,1032,1,231
1,A,7,2,295,14,16,512,31,67,38,0,1,67,37,0,loose_passive,button,,516,current,37,1,1,187,2026093002,primary,1216,1209,4,211
1,A,9,2,584,24,29,1024,57,159,71,0,1,156,70,0,loose_passive,overall,,810,current,69,2,2,405,2026093002,primary,2250,2241,5,442
0,C,3,1,283,12,11,512,23,88,28,0,,88,28,0,loose_passive,big_blind,,294,current,28,0,1,203,2026093002,primary,1014,1011,1,231
2,C,7,,292,20,17,512,36,79,45,0,3,77,42,0,loose_passive,button,1,516,current,45,0,,167,2026093002,primary,1171,1164,6,189
2,C,10,1,575,32,28,1024,59,167,73,0,3,165,70,0,loose_passive,overall,1,810,current,73,0,1,370,2026093002,primary,2185,2175,7,420
0,A,2,,284,10,9,512,23,78,33,0,1,78,32,0,loose_passive,big_blind,,294,current,30,3,1,200,2026093003,primary,1005,1003,1,225
1,A,11,2,274,13,12,512,25,94,43,0,3,92,40,0,loose_passive,button,,519,current,43,0,5,166,2026093003,primary,1165,1154,4,195
1,A,13,2,558,23,21,1024,48,172,76,0,4,170,72,0,loose_passive,overall,,813,current,73,3,6,366,2026093003,primary,2170,2157,5,420
0,C,3,,284,10,9,512,21,85,28,0,2,82,26,0,loose_passive,big_blind,,294,current,26,2,2,197,2026093003,primary,999,996,1,221
2,C,7,2,287,15,20,512,35,78,51,0,3,77,48,0,loose_passive,button,,519,current,50,1,,181,2026093003,primary,1193,1186,5,199
2,C,10,2,571,25,29,1024,56,163,79,0,5,159,74,0,loose_passive,overall,,813,current,76,3,2,378,2026093003,primary,2192,2182,6,420
158,A,38,4,2811,222,311,2048,743,3603,797,88,7,3363,790,0,native-pressure,big_blind,2,2821,current,496,301,14,564,2026093001,primary,7598,7560,18,1364
185,A,37,7,1510,193,285,2048,660,2924,689,30,3,2617,686,0,native-pressure,button,4,4113,current,450,239,11,451,2026093001,primary,6920,6883,15,809
343,A,75,11,4321,415,596,4096,1403,6527,1486,118,10,5980,1476,0,native-pressure,overall,6,6934,current,946,540,25,1015,2026093001,primary,14518,14443,33,2173
110,C,25,,2719,175,263,2048,705,3526,646,48,2,3155,644,0,native-pressure,big_blind,1,2818,current,372,274,4,626,2026093001,primary,7658,7633,20,1470
213,C,20,6,1485,209,309,2048,659,3040,692,25,3,2578,689,0,native-pressure,button,3,4129,current,482,210,1,483,2026093001,primary,7069,7049,10,952
323,C,45,6,4204,384,572,4096,1364,6566,1338,73,5,5733,1333,0,native-pressure,overall,4,6947,current,854,484,5,1109,2026093001,primary,14727,14682,30,2422
148,A,42,4,2297,210,304,2048,720,3076,717,68,3,2726,714,0,native-pressure,big_blind,,2783,current,453,264,20,531,2026093002,primary,6845,6803,18,1192
167,A,40,5,1432,198,295,2048,685,2954,647,54,2,2533,645,0,native-pressure,button,5,4151,current,434,213,13,462,2026093002,primary,7014,6974,17,929
315,A,82,9,3729,408,599,4096,1405,6030,1364,122,5,5259,1359,0,native-pressure,overall,5,6934,current,887,477,33,993,2026093002,primary,13859,13777,35,2121
165,C,6,1,2300,176,254,2048,666,2991,643,88,,2676,643,0,native-pressure,big_blind,,2812,current,374,269,,513,2026093002,primary,6821,6815,5,1190
215,C,33,,1666,197,315,2048,597,3228,608,50,8,2794,600,0,native-pressure,button,7,4074,current,434,174,3,493,2026093002,primary,7315,7282,23,1049
380,C,39,1,3966,373,569,4096,1263,6219,1251,138,8,5470,1243,0,native-pressure,overall,7,6886,current,808,443,3,1006,2026093002,primary,14136,14097,28,2239
151,A,46,8,2715,202,304,2048,692,3037,703,83,8,2766,695,0,native-pressure,big_blind,1,2682,current,453,250,15,539,2026093003,primary,7072,7026,22,1090
194,A,29,5,1524,256,302,2048,729,3316,732,44,3,2965,729,0,native-pressure,button,1,4109,current,487,245,10,536,2026093003,primary,7271,7242,13,1073
345,A,75,13,4239,458,606,4096,1421,6353,1435,127,11,5731,1424,0,native-pressure,overall,2,6791,current,940,495,25,1075,2026093003,primary,14343,14268,35,2163
146,C,8,1,2688,200,280,2048,668,3253,668,74,,2969,668,0,native-pressure,big_blind,1,2710,current,424,244,2,555,2026093003,primary,7171,7163,4,1210
264,C,11,2,1630,210,338,2048,641,3160,705,37,3,2756,702,0,native-pressure,button,,4179,current,489,216,,518,2026093003,primary,7333,7322,9,995
410,C,19,3,4318,410,618,4096,1309,6413,1373,111,3,5725,1370,0,native-pressure,overall,1,6889,current,913,460,2,1073,2026093003,primary,14504,14485,13,2205
0,A,0,,512,14,28,512,49,281,81,0,,281,81,0,passive,big_blind,,512,current,81,0,,503,2026093001,primary,2039,2039,,512
0,A,5,,397,21,62,512,90,287,128,0,2,282,126,0,passive,button,,512,current,128,0,5,380,2026093001,primary,1691,1686,,397
0,A,5,,909,35,90,1024,139,568,209,0,2,563,207,0,passive,overall,,1024,current,209,0,5,883,2026093001,primary,3730,3725,,909
0,C,1,,512,15,31,512,49,238,77,0,,238,77,0,passive,big_blind,,512,current,77,0,,508,2026093001,primary,2044,2043,1,511
0,C,2,,406,24,64,512,93,255,139,0,1,254,138,0,passive,button,,512,current,139,0,1,397,2026093001,primary,1722,1720,1,405
0,C,3,,918,39,95,1024,142,493,216,0,1,492,215,0,passive,overall,,1024,current,216,0,1,905,2026093001,primary,3766,3763,2,916
0,A,0,,512,23,29,512,53,229,75,0,,228,75,0,passive,big_blind,,512,current,75,0,,508,2026093002,primary,2044,2044,,512
0,A,4,,397,15,50,512,69,197,96,0,1,195,95,0,passive,button,,512,current,96,0,2,389,2026093002,primary,1697,1693,2,395
0,A,4,,909,38,79,1024,122,426,171,0,1,423,170,0,passive,overall,,1024,current,171,0,2,897,2026093002,primary,3741,3737,2,907
0,C,0,,512,33,32,512,72,260,107,0,,258,107,0,passive,big_blind,,512,current,107,0,,510,2026093002,primary,2046,2046,,512
0,C,0,,393,30,51,512,84,253,130,0,,251,130,0,passive,button,,512,current,130,0,,382,2026093002,primary,1680,1680,,393
0,C,0,,905,63,83,1024,156,513,237,0,,509,237,0,passive,overall,,1024,current,237,0,,892,2026093002,primary,3726,3726,,905
0,A,1,,512,14,36,512,54,240,80,0,1,238,79,0,passive,big_blind,,512,current,80,0,,499,2026093003,primary,2035,2034,1,511
0,A,4,1,395,35,57,512,95,301,150,0,1,301,149,0,passive,button,,512,current,150,0,3,378,2026093003,primary,1685,1681,,396
0,A,5,1,907,49,93,1024,149,541,230,0,2,539,228,0,passive,overall,,1024,current,230,0,3,877,2026093003,primary,3720,3715,1,907
0,C,0,,512,20,34,512,58,250,82,0,,249,82,0,passive,big_blind,,512,current,82,0,,503,2026093003,primary,2039,2039,,512
0,C,5,,402,27,65,512,97,213,138,0,2,212,136,0,passive,button,,512,current,138,0,3,381,2026093003,primary,1700,1695,2,400
0,C,5,,914,47,99,1024,155,463,220,0,2,461,218,0,passive,overall,,1024,current,220,0,3,884,2026093003,primary,3739,3734,2,912
13,A,89,22,56,18,6,512,18,79,26,13,24,76,2,0,pot_pressure,big_blind,45,64,current,17,9,9,13,2026093001,primary,245,156,13,23
10,A,168,49,109,17,8,512,36,147,56,15,56,141,,0,pot_pressure,button,76,514,current,18,38,17,8,2026093001,primary,841,673,26,42
23,A,257,71,165,35,14,1024,54,226,82,28,80,217,2,0,pot_pressure,overall,121,578,current,35,47,26,21,2026093001,primary,1086,829,39,65
10,C,82,24,55,16,7,512,21,80,24,11,24,75,,0,pot_pressure,big_blind,45,63,current,16,8,6,19,2026093001,primary,248,166,7,29
9,C,173,60,121,15,8,512,38,176,59,14,57,164,2,0,pot_pressure,button,78,513,current,16,43,10,17,2026093001,primary,877,704,25,53
19,C,255,84,176,31,15,1024,59,256,83,25,81,239,2,0,pot_pressure,overall,123,576,current,32,51,16,36,2026093001,primary,1125,870,32,82
12,A,88,20,55,19,5,512,18,78,27,14,24,72,3,0,pot_pressure,big_blind,46,62,current,18,9,7,17,2026093002,primary,251,163,15,29
11,A,179,49,123,16,9,512,35,156,58,16,57,151,1,0,pot_pressure,button,78,512,current,17,41,18,11,2026093002,primary,870,691,34,45
23,A,267,69,178,35,14,1024,53,234,85,30,81,223,4,0,pot_pressure,overall,124,574,current,35,50,25,28,2026093002,primary,1121,854,49,74
10,C,86,22,56,15,5,512,17,84,24,13,22,76,2,0,pot_pressure,big_blind,46,62,current,15,9,8,21,2026093002,primary,265,179,10,40
11,C,142,48,109,18,8,512,32,130,46,9,45,125,1,0,pot_pressure,button,68,514,current,14,32,6,15,2026093002,primary,818,676,20,38
21,C,228,70,165,33,13,1024,49,214,70,22,67,201,3,0,pot_pressure,overall,114,576,current,29,41,14,36,2026093002,primary,1083,855,30,78
12,A,82,18,57,17,7,512,17,72,22,14,21,66,1,0,pot_pressure,big_blind,45,63,current,16,6,9,14,2026093003,primary,242,160,10,26
8,A,183,59,117,11,12,512,44,170,67,17,66,160,1,0,pot_pressure,button,73,513,current,19,48,19,13,2026093003,primary,868,685,32,42
20,A,265,77,174,28,19,1024,61,242,89,31,87,226,2,0,pot_pressure,overall,118,576,current,35,54,28,27,2026093003,primary,1110,845,42,68
11,C,77,20,54,17,5,512,18,73,24,12,22,69,2,0,pot_pressure,big_blind,45,64,current,17,7,6,15,2026093003,primary,241,164,6,31
13,C,162,52,118,23,10,512,39,166,68,12,63,159,5,0,pot_pressure,button,78,514,current,24,44,10,12,2026093003,primary,841,679,22,35
24,C,239,72,172,40,15,1024,57,239,92,24,85,228,7,0,pot_pressure,overall,123,578,current,41,51,16,27,2026093003,primary,1082,843,28,66
0,A,1,,459,9,2,2048,15,93,21,0,,87,21,0,selective-stackoff,big_blind,,569,current,16,5,1,281,2026093001,primary,1627,1626,,317
0,A,3,,819,17,7,2048,26,112,37,0,1,111,36,0,selective-stackoff,button,,2067,current,34,3,2,308,2026093001,primary,3680,3677,1,483
0,A,4,,1278,26,9,4096,41,205,58,0,1,198,57,0,selective-stackoff,overall,,2636,current,50,8,3,589,2026093001,primary,5307,5303,1,800
0,C,1,,478,9,3,2048,15,83,24,0,,83,24,0,selective-stackoff,big_blind,,569,current,19,5,,319,2026093001,primary,1755,1754,1,388
0,C,1,,829,14,10,2048,28,109,39,0,,108,39,0,selective-stackoff,button,,2062,current,34,5,1,302,2026093001,primary,3703,3702,,509
0,C,2,,1307,23,13,4096,43,192,63,0,,191,63,0,selective-stackoff,overall,,2631,current,53,10,1,621,2026093001,primary,5458,5456,1,897
0,A,0,,477,10,2,2048,14,90,20,0,,88,20,0,selective-stackoff,big_blind,,570,current,15,5,,307,2026093002,primary,1721,1721,,367
0,A,2,,950,18,7,2048,28,103,37,0,2,100,35,0,selective-stackoff,button,,2069,current,33,4,1,421,2026093002,primary,4046,4044,1,604
0,A,2,,1427,28,9,4096,42,193,57,0,2,188,55,0,selective-stackoff,overall,,2639,current,48,9,1,728,2026093002,primary,5767,5765,1,971
0,C,0,,463,10,4,2048,16,87,26,0,,84,26,0,selective-stackoff,big_blind,,572,current,18,8,,285,2026093002,primary,1662,1662,,342
0,C,1,,921,18,15,2048,39,134,50,0,1,130,49,0,selective-stackoff,button,,2066,current,42,8,1,324,2026093002,primary,3791,3790,,479
0,C,1,,1384,28,19,4096,55,221,76,0,1,214,75,0,selective-stackoff,overall,,2638,current,60,16,1,609,2026093002,primary,5453,5452,,821
0,A,0,,473,13,4,2048,24,108,29,0,,103,29,0,selective-stackoff,big_blind,,567,current,22,7,,302,2026093003,primary,1687,1687,,345
0,A,1,,842,17,8,2048,27,110,39,0,,107,39,0,selective-stackoff,button,,2063,current,32,7,1,314,2026093003,primary,3735,3734,,515
0,A,1,,1315,30,12,4096,51,218,68,0,,210,68,0,selective-stackoff,overall,,2630,current,54,14,1,616,2026093003,primary,5422,5421,,860
0,C,0,,456,9,2,2048,17,106,28,0,,103,28,0,selective-stackoff,big_blind,,571,current,18,10,,303,2026093003,primary,1677,1677,,347
0,C,1,,886,17,13,2048,33,128,44,0,,127,44,0,selective-stackoff,button,,2061,current,42,2,1,292,2026093003,primary,3697,3696,,457
0,C,1,,1342,26,15,4096,50,234,72,0,,230,72,0,selective-stackoff,overall,,2632,current,60,12,1,595,2026093003,primary,5374,5373,,804
8,A,0,,37,9,1,512,4,13,2,7,,11,2,0,tight_aggressive,big_blind,,71,current,1,1,,18,2026093001,primary,151,151,,25
4,A,0,,203,4,6,512,8,44,7,4,,35,7,0,tight_aggressive,button,,545,current,5,2,,41,2026093001,primary,879,879,,90
12,A,0,,240,13,7,1024,12,57,9,11,,46,9,0,tight_aggressive,overall,,616,current,6,3,,59,2026093001,primary,1030,1030,,115
5,C,0,,44,7,1,512,4,10,3,5,,9,3,0,tight_aggressive,big_blind,,67,current,2,1,,14,2026093001,primary,149,149,,24
7,C,0,,200,5,5,512,7,37,6,6,,33,6,0,tight_aggressive,button,,541,current,2,4,,27,2026093001,primary,855,855,,87
12,C,0,,244,12,6,1024,11,47,9,11,,42,9,0,tight_aggressive,overall,,608,current,4,5,,41,2026093001,primary,1004,1004,,111
9,A,0,,44,8,2,512,4,14,3,8,,10,3,0,tight_aggressive,big_blind,,72,current,1,2,,15,2026093002,primary,148,148,,17
7,A,0,,216,8,4,512,9,50,8,5,,46,8,0,tight_aggressive,button,,543,current,5,3,,54,2026093002,primary,920,920,,107
16,A,0,,260,16,6,1024,13,64,11,13,,56,11,0,tight_aggressive,overall,,615,current,6,5,,69,2026093002,primary,1068,1068,,124
7,C,0,,35,10,1,512,5,13,4,7,,12,4,0,tight_aggressive,big_blind,,71,current,3,1,,16,2026093002,primary,148,148,,26
7,C,1,,190,11,5,512,13,41,12,8,,30,12,0,tight_aggressive,button,,542,current,9,3,1,28,2026093002,primary,833,832,,72
14,C,1,,225,21,6,1024,18,54,16,15,,42,16,0,tight_aggressive,overall,,613,current,12,4,1,44,2026093002,primary,981,980,,98
9,A,0,,38,8,2,512,2,13,2,12,,11,2,0,tight_aggressive,big_blind,,69,current,2,0,,19,2026093003,primary,148,148,,22
3,A,1,,163,6,4,512,10,37,5,2,,29,5,0,tight_aggressive,button,,544,current,4,1,,31,2026093003,primary,812,811,1,73
12,A,1,,201,14,6,1024,12,50,7,14,,40,7,0,tight_aggressive,overall,,613,current,6,1,,50,2026093003,primary,960,959,1,95
8,C,0,,40,6,2,512,2,14,2,8,,9,2,0,tight_aggressive,big_blind,,71,current,1,1,,25,2026093003,primary,165,165,,29
9,C,1,,190,8,5,512,5,43,4,7,,33,4,0,tight_aggressive,button,,546,current,4,0,,22,2026093003,primary,830,829,1,71
17,C,1,,230,14,7,1024,7,57,6,15,,42,6,0,tight_aggressive,overall,,617,current,5,1,,47,2026093003,primary,995,994,1,100
0,A,1,,36,0,0,512,0,7,1,0,,7,1,0,tight_passive,big_blind,,41,current,1,0,1,16,2026093001,primary,113,112,,19
0,A,4,1,161,4,1,512,5,12,6,0,3,12,3,0,tight_passive,button,1,512,current,6,0,1,40,2026093001,primary,811,807,1,94
0,A,5,1,197,4,1,1024,5,19,7,0,3,19,4,0,tight_passive,overall,1,553,current,7,0,2,56,2026093001,primary,924,919,1,113
0,C,1,,36,2,0,512,2,7,2,0,,7,2,0,tight_passive,big_blind,,40,current,2,0,1,22,2026093001,primary,124,123,,25
0,C,3,,152,1,1,512,2,14,4,1,1,12,3,0,tight_passive,button,1,513,current,4,0,1,39,2026093001,primary,802,799,1,95
0,C,4,,188,3,1,1024,4,21,6,1,1,19,5,0,tight_passive,overall,1,553,current,6,0,2,61,2026093001,primary,926,922,1,120
0,A,2,,36,1,0,512,1,7,2,0,,7,2,0,tight_passive,big_blind,,40,current,2,0,2,20,2026093002,primary,121,119,,23
0,A,4,1,186,2,1,512,3,11,4,0,2,10,2,0,tight_passive,button,1,513,current,4,0,,48,2026093002,primary,843,839,2,92
0,A,6,1,222,3,1,1024,4,18,6,0,2,17,4,0,tight_passive,overall,1,553,current,6,0,2,68,2026093002,primary,964,958,2,115
0,C,0,,37,1,0,512,1,5,1,0,,5,1,0,tight_passive,big_blind,,40,current,1,0,,19,2026093002,primary,120,120,,24
0,C,2,,163,2,0,512,2,6,3,0,1,4,2,0,tight_passive,button,1,512,current,3,0,1,22,2026093002,primary,755,753,,56
0,C,2,,200,3,0,1024,3,11,4,0,1,9,3,0,tight_passive,overall,1,552,current,4,0,1,41,2026093002,primary,875,873,,80
0,A,1,,37,1,0,512,1,5,2,0,,5,2,0,tight_passive,big_blind,,40,current,2,0,1,20,2026093003,primary,121,120,,23
0,A,3,,168,2,0,512,2,8,3,0,2,8,1,0,tight_passive,button,2,513,current,3,0,,58,2026093003,primary,831,828,1,89
0,A,4,,205,3,0,1024,3,13,5,0,2,13,3,0,tight_passive,overall,2,553,current,5,0,1,78,2026093003,primary,952,948,1,112
0,C,0,,39,1,0,512,1,5,2,0,,5,2,0,tight_passive,big_blind,,40,current,2,0,,19,2026093003,primary,122,122,,24
0,C,2,,170,2,1,512,4,10,4,0,1,9,3,0,tight_passive,button,,513,current,4,0,1,36,2026093003,primary,788,786,1,67
0,C,2,,209,3,1,1024,5,15,6,0,1,14,5,0,tight_passive,overall,,553,current,6,0,1,55,2026093003,primary,910,908,1,91
19,A,0,,359,10,27,512,39,247,47,18,,227,47,0,uniform,big_blind,,410,current,22,25,,89,2026093001,primary,1031,1031,,173
29,A,1,,289,14,40,512,64,358,70,33,,319,70,0,uniform,button,,745,current,27,43,,64,2026093001,primary,1249,1248,1,150
48,A,1,,648,24,67,1024,103,605,117,51,,546,117,0,uniform,overall,,1155,current,49,68,,153,2026093001,primary,2280,2279,1,323
15,C,0,,362,13,24,512,44,240,44,16,,225,44,0,uniform,big_blind,,410,current,22,22,,88,2026093001,primary,1040,1040,,180
34,C,1,,301,25,37,512,64,370,77,39,,345,77,0,uniform,button,,725,current,40,37,,77,2026093001,primary,1262,1261,1,158
49,C,1,,663,38,61,1024,108,610,121,55,,570,121,0,uniform,overall,,1135,current,62,59,,165,2026093001,primary,2302,2301,1,338
13,A,1,,353,12,29,512,53,236,56,12,,221,56,0,uniform,big_blind,,408,current,32,24,,73,2026093002,primary,1015,1014,1,180
23,A,1,,272,18,33,512,58,331,64,25,,306,64,0,uniform,button,,745,current,30,34,,66,2026093002,primary,1243,1242,1,159
36,A,2,,625,30,62,1024,111,567,120,37,,527,120,0,uniform,overall,,1153,current,62,58,,139,2026093002,primary,2258,2256,2,339
14,C,1,1,307,6,22,512,38,214,40,13,,196,40,0,uniform,big_blind,,417,current,17,23,,67,2026093002,primary,933,932,,141
28,C,1,,295,14,40,512,58,330,74,29,,303,74,0,uniform,button,,731,current,40,34,,73,2026093002,primary,1244,1243,1,144
42,C,2,1,602,20,62,1024,96,544,114,42,,499,114,0,uniform,overall,,1148,current,57,57,,140,2026093002,primary,2177,2175,1,285
20,A,0,,370,8,23,512,40,230,45,20,,206,45,0,uniform,big_blind,,414,current,21,24,,61,2026093003,primary,1011,1011,,166
28,A,1,,269,18,40,512,66,342,77,22,,309,77,0,uniform,button,,726,current,33,44,,65,2026093003,primary,1204,1203,1,143
48,A,1,,639,26,63,1024,106,572,122,42,,515,122,0,uniform,overall,,1140,current,54,68,,126,2026093003,primary,2215,2214,1,309
19,C,1,1,326,10,27,512,51,219,52,15,,204,52,0,uniform,big_blind,,421,current,25,27,,87,2026093003,primary,995,994,,160
32,C,1,,279,18,43,512,62,356,68,35,,329,68,0,uniform,button,,735,current,36,32,,71,2026093003,primary,1239,1238,1,153
51,C,2,1,605,28,70,1024,113,575,120,50,,533,120,0,uniform,overall,,1156,current,61,59,,158,2026093003,primary,2234,2232,1,313
6,A,0,,222,28,19,256,69,222,75,7,,204,75,0,lbr,big_blind,,256,average,44,31,,29,2026093001,readout,573,573,,66
34,A,3,,153,27,31,256,45,224,45,23,,204,45,0,lbr,button,,413,average,26,19,1,45,2026093001,readout,704,701,2,90
40,A,3,,375,55,50,512,114,446,120,30,,408,120,0,lbr,overall,,669,average,70,50,1,74,2026093001,readout,1277,1274,2,156
5,A,0,,199,26,16,256,60,188,69,6,,182,69,0,lbr,big_blind,,256,current,39,30,,19,2026093001,readout,530,530,,56
24,A,4,,167,23,19,256,36,255,40,25,1,230,39,0,lbr,button,,417,current,17,23,3,39,2026093001,readout,712,708,1,85
29,A,4,,366,49,35,512,96,443,109,31,1,412,108,0,lbr,overall,,673,current,56,53,3,58,2026093001,readout,1242,1238,1,141
11,C,0,,219,28,19,256,64,212,63,12,,187,63,0,lbr,big_blind,,256,average,36,27,,21,2026093001,readout,556,556,,60
20,C,1,,176,25,24,256,54,278,55,16,,242,55,0,lbr,button,,387,average,33,22,,44,2026093001,readout,703,702,1,95
31,C,1,,395,53,43,512,118,490,118,28,,429,118,0,lbr,overall,,643,average,69,49,,65,2026093001,readout,1259,1258,1,155
12,C,0,,235,21,16,256,46,204,48,12,,192,48,0,lbr,big_blind,,256,current,29,19,,32,2026093001,readout,572,572,,49
23,C,3,,175,22,21,256,42,244,46,25,1,221,45,0,lbr,button,,385,current,24,22,1,33,2026093001,readout,688,685,2,92
35,C,3,,410,43,37,512,88,448,94,37,1,413,93,0,lbr,overall,,641,current,53,41,1,65,2026093001,readout,1260,1257,2,141
15,A,0,,235,34,20,256,57,224,60,15,,204,60,0,lbr,big_blind,,256,average,38,22,,23,2026093002,readout,587,587,,73
22,A,0,,139,29,26,256,46,229,50,15,,203,50,0,lbr,button,,416,average,35,15,,28,2026093002,readout,649,649,,66
37,A,0,,374,63,46,512,103,453,110,30,,407,110,0,lbr,overall,,672,average,73,37,,51,2026093002,readout,1236,1236,,139
13,A,0,,217,30,16,256,56,199,65,14,,186,65,0,lbr,big_blind,,256,current,37,28,,22,2026093002,readout,554,554,,59
20,A,3,,148,21,24,256,43,241,45,21,,208,45,0,lbr,button,,423,current,26,19,3,23,2026093002,readout,663,660,,66
33,A,3,,365,51,40,512,99,440,110,35,,394,110,0,lbr,overall,,679,current,63,47,3,45,2026093002,readout,1217,1214,,125
12,C,0,,223,30,29,256,70,215,74,14,,202,74,0,lbr,big_blind,,256,average,48,26,,23,2026093002,readout,564,564,,62
27,C,1,,151,27,31,256,47,239,59,21,,212,59,0,lbr,button,,403,average,39,20,,38,2026093002,readout,670,669,1,77
39,C,1,,374,57,60,512,117,454,133,35,,414,133,0,lbr,overall,,659,average,87,46,,61,2026093002,readout,1234,1233,1,139
9,C,0,,227,28,13,256,55,205,65,9,,191,65,0,lbr,big_blind,,256,current,34,31,,25,2026093002,readout,556,556,,48
20,C,0,,160,21,22,256,41,254,44,18,,220,44,0,lbr,button,,407,current,26,18,,38,2026093002,readout,692,692,,87
29,C,0,,387,49,35,512,96,459,109,27,,411,109,0,lbr,overall,,663,current,60,49,,63,2026093002,readout,1248,1248,,135
13,A,0,,257,30,19,256,56,253,63,14,,230,63,0,lbr,big_blind,,256,average,43,20,,34,2026093003,readout,638,638,,91
24,A,0,,146,26,33,256,53,236,58,21,,208,58,0,lbr,button,,408,average,38,20,,35,2026093003,readout,677,677,,88
37,A,0,,403,56,52,512,109,489,121,35,,438,121,0,lbr,overall,,664,average,81,40,,69,2026093003,readout,1315,1315,,179
14,A,0,,242,28,17,256,57,215,67,12,,201,67,0,lbr,big_blind,,256,current,35,32,,23,2026093003,readout,590,590,,69
22,A,0,,138,19,24,256,40,261,46,19,,233,46,0,lbr,button,,422,current,26,20,,37,2026093003,readout,676,676,,79
36,A,0,,380,47,41,512,97,476,113,31,,434,113,0,lbr,overall,,678,current,61,52,,60,2026093003,readout,1266,1266,,148
15,C,0,,228,29,20,256,57,197,61,14,,185,61,0,lbr,big_blind,,256,average,37,24,,20,2026093003,readout,558,558,,54
31,C,1,,161,27,32,256,36,230,44,24,,200,44,0,lbr,button,,397,average,36,8,,33,2026093003,readout,672,671,1,80
46,C,1,,389,56,52,512,93,427,105,38,,385,105,0,lbr,overall,,653,average,73,32,,53,2026093003,readout,1230,1229,1,134
9,C,0,,229,23,16,256,52,199,53,10,,184,53,0,lbr,big_blind,,256,current,32,21,,15,2026093003,readout,557,557,,57
25,C,1,,170,24,21,256,34,231,34,23,,212,34,0,lbr,button,,392,current,19,15,,33,2026093003,readout,669,668,1,73
34,C,1,,399,47,37,512,86,430,87,33,,396,87,0,lbr,overall,,648,current,51,36,,48,2026093003,readout,1226,1225,1,130
9,A,0,,104,11,8,256,11,58,9,9,,43,9,0,loose_aggressive,big_blind,,131,average,8,1,,40,2026093001,readout,344,344,,69
15,A,0,,128,13,10,256,10,69,11,11,,62,11,0,loose_aggressive,button,,302,average,10,1,,38,2026093001,readout,536,536,,68
24,A,0,,232,24,18,512,21,127,20,20,,105,20,0,loose_aggressive,overall,,433,average,18,2,,78,2026093001,readout,880,880,,137
9,A,0,,101,13,9,256,13,60,11,11,,53,11,0,loose_aggressive,big_blind,,129,current,11,0,,40,2026093001,readout,344,344,,74
12,A,0,,122,9,11,256,12,78,14,8,,66,14,0,loose_aggressive,button,,301,current,13,1,,39,2026093001,readout,527,527,,65
21,A,0,,223,22,20,512,25,138,25,19,,119,25,0,loose_aggressive,overall,,430,current,24,1,,79,2026093001,readout,871,871,,139
13,C,1,,106,13,10,256,10,54,8,14,,41,8,0,loose_aggressive,big_blind,,130,average,7,1,,44,2026093001,readout,355,354,1,74
14,C,0,,119,14,11,256,13,78,14,10,,67,14,0,loose_aggressive,button,,295,average,12,2,,36,2026093001,readout,522,522,,72
27,C,1,,225,27,21,512,23,132,22,24,,108,22,0,loose_aggressive,overall,,425,average,19,3,,80,2026093001,readout,877,876,1,146
15,C,0,,106,12,10,256,8,48,8,12,,41,8,0,loose_aggressive,big_blind,,128,current,8,0,,51,2026093001,readout,360,360,,75
13,C,0,,122,10,12,256,14,80,12,11,,67,12,0,loose_aggressive,button,,297,current,11,1,,41,2026093001,readout,541,541,,81
28,C,0,,228,22,22,512,22,128,20,23,,108,20,0,loose_aggressive,overall,,425,current,19,1,,92,2026093001,readout,901,901,,156
12,A,1,,105,14,7,256,9,51,9,10,,41,9,0,loose_aggressive,big_blind,,126,average,9,0,,53,2026093002,readout,353,352,1,68
12,A,1,,116,12,15,256,17,69,20,6,1,64,19,0,loose_aggressive,button,,301,average,19,1,,38,2026093002,readout,522,521,1,66
24,A,2,,221,26,22,512,26,120,29,16,1,105,28,0,loose_aggressive,overall,,427,average,28,1,,91,2026093002,readout,875,873,2,134
11,A,1,,114,9,12,256,12,49,14,12,,44,14,0,loose_aggressive,big_blind,,126,current,14,0,,52,2026093002,readout,367,366,1,74
11,A,0,,126,14,14,256,21,78,18,10,,69,18,0,loose_aggressive,button,,298,current,16,2,,51,2026093002,readout,548,548,,73
22,A,1,,240,23,26,512,33,127,32,22,,113,32,0,loose_aggressive,overall,,424,current,30,2,,103,2026093002,readout,915,914,1,147
8,C,0,,110,9,10,256,11,49,11,9,,43,11,0,loose_aggressive,big_blind,,125,average,11,0,,48,2026093002,readout,354,354,,71
10,C,0,,113,7,12,256,12,75,9,9,,67,9,0,loose_aggressive,button,,297,average,7,2,,43,2026093002,readout,519,519,,66
18,C,0,,223,16,22,512,23,124,20,18,,110,20,0,loose_aggressive,overall,,422,average,18,2,,91,2026093002,readout,873,873,,137
11,C,0,,103,13,10,256,13,50,13,11,,45,13,0,loose_aggressive,big_blind,,128,current,13,0,,49,2026093002,readout,353,353,,73
12,C,0,,120,9,13,256,14,84,14,9,,73,14,0,loose_aggressive,button,,298,current,12,2,,43,2026093002,readout,522,522,,61
23,C,0,,223,22,23,512,27,134,27,20,,118,27,0,loose_aggressive,overall,,426,current,25,2,,92,2026093002,readout,875,875,,134
13,A,1,,102,10,9,256,6,52,8,15,,45,8,0,loose_aggressive,big_blind,,128,average,8,0,,42,2026093003,readout,347,346,1,74
6,A,0,,110,8,10,256,14,70,17,6,,62,17,0,loose_aggressive,button,,299,average,14,3,,37,2026093003,readout,514,514,,68
19,A,1,,212,18,19,512,20,122,25,21,,107,25,0,loose_aggressive,overall,,427,average,22,3,,79,2026093003,readout,861,860,1,142
10,A,0,,100,10,9,256,11,58,10,13,,46,10,0,loose_aggressive,big_blind,,129,current,10,0,,45,2026093003,readout,349,349,,75
12,A,0,,123,12,12,256,17,74,15,11,,66,15,0,loose_aggressive,button,,297,current,14,1,,51,2026093003,readout,555,555,,84
22,A,0,,223,22,21,512,28,132,25,24,,112,25,0,loose_aggressive,overall,,426,current,24,1,,96,2026093003,readout,904,904,,159
7,C,0,,109,11,8,256,14,52,13,9,,45,13,0,loose_aggressive,big_blind,,126,average,12,1,,50,2026093003,readout,362,362,,77
14,C,0,,123,11,13,256,16,86,13,12,,77,13,0,loose_aggressive,button,,299,average,10,3,,44,2026093003,readout,543,543,,77
21,C,0,,232,22,21,512,30,138,26,21,,122,26,0,loose_aggressive,overall,,425,average,22,4,,94,2026093003,readout,905,905,,154
10,C,2,,110,8,9,256,9,50,10,9,,43,10,0,loose_aggressive,big_blind,,128,current,9,1,,48,2026093003,readout,366,364,2,78
11,C,0,,132,4,14,256,12,91,8,11,,79,8,0,loose_aggressive,button,,302,current,6,2,,47,2026093003,readout,558,558,,77
21,C,2,,242,12,23,512,21,141,18,20,,122,18,0,loose_aggressive,overall,,430,current,15,3,,95,2026093003,readout,924,922,2,155
0,A,3,1,146,4,4,256,8,41,15,0,2,41,13,0,loose_passive,big_blind,,148,average,14,1,2,96,2026093001,readout,502,499,,109
1,A,5,2,148,5,4,256,8,58,14,1,2,57,12,0,loose_passive,button,1,259,average,13,1,2,97,2026093001,readout,621,616,,112
1,A,8,3,294,9,8,512,16,99,29,1,4,98,25,0,loose_passive,overall,1,407,average,27,2,4,193,2026093001,readout,1123,1115,,221
0,A,0,,144,4,5,256,9,44,12,0,,44,12,0,loose_passive,big_blind,,148,current,12,0,,97,2026093001,readout,494,494,,105
0,A,3,1,149,9,5,256,14,52,20,0,2,50,18,0,loose_passive,button,2,257,current,20,0,,87,2026093001,readout,603,600,,107
0,A,3,1,293,13,10,512,23,96,32,0,2,94,30,0,loose_passive,overall,2,405,current,32,0,,184,2026093001,readout,1097,1094,,212
0,C,1,1,143,6,3,256,9,30,13,0,1,30,12,0,loose_passive,big_blind,,147,average,12,1,,92,2026093001,readout,491,490,,108
0,C,2,1,148,6,6,256,12,52,22,0,1,51,21,0,loose_passive,button,1,259,average,22,0,,96,2026093001,readout,612,610,,107
0,C,3,2,291,12,9,512,21,82,35,0,2,81,33,0,loose_passive,overall,1,406,average,34,1,,188,2026093001,readout,1103,1100,,215
0,C,3,2,140,4,4,256,8,42,14,0,,42,14,0,loose_passive,big_blind,,149,current,14,0,1,94,2026093001,readout,495,492,,109
0,C,5,1,154,10,7,256,17,50,22,0,2,48,20,0,loose_passive,button,2,258,current,22,0,2,97,2026093001,readout,626,621,,112
0,C,8,3,294,14,11,512,25,92,36,0,2,90,34,0,loose_passive,overall,2,407,current,36,0,3,191,2026093001,readout,1121,1113,,221
0,A,1,1,146,7,1,256,8,37,16,0,1,35,15,0,loose_passive,big_blind,,148,average,15,1,,87,2026093002,readout,484,483,,102
0,A,5,1,141,6,3,256,9,42,15,0,3,41,12,0,loose_passive,button,2,259,average,15,0,2,84,2026093002,readout,585,580,,96
0,A,6,2,287,13,4,512,17,79,31,0,4,76,27,0,loose_passive,overall,2,407,average,30,1,2,171,2026093002,readout,1069,1063,,198
0,A,1,1,144,5,3,256,8,45,16,0,1,43,15,0,loose_passive,big_blind,,148,current,15,1,,95,2026093002,readout,496,495,,108
0,A,8,2,144,8,4,256,12,36,10,0,4,33,6,0,loose_passive,button,2,259,current,9,1,3,92,2026093002,readout,608,600,1,105
0,A,9,3,288,13,7,512,20,81,26,0,5,76,21,0,loose_passive,overall,2,407,current,24,2,3,187,2026093002,readout,1104,1095,1,213
0,C,1,1,145,5,1,256,6,36,12,0,,36,12,0,loose_passive,big_blind,,148,average,12,0,,96,2026093002,readout,502,501,,112
0,C,1,,164,10,9,256,19,60,24,0,,56,24,0,loose_passive,button,,261,average,24,0,1,99,2026093002,readout,638,637,,113
0,C,2,1,309,15,10,512,25,96,36,0,,92,36,0,loose_passive,overall,,409,average,36,0,1,195,2026093002,readout,1140,1138,,225
0,C,0,,146,4,2,256,6,33,10,0,,33,10,0,loose_passive,big_blind,,147,current,10,0,,99,2026093002,readout,503,503,,111
0,C,2,,162,12,3,256,15,59,27,0,1,58,26,0,loose_passive,button,,261,current,27,0,2,90,2026093002,readout,623,621,,108
0,C,2,,308,16,5,512,21,92,37,0,1,91,36,0,loose_passive,overall,,408,current,37,0,2,189,2026093002,readout,1126,1124,,219
0,A,2,1,144,4,3,256,7,41,13,0,,41,13,0,loose_passive,big_blind,,148,average,13,0,,93,2026093003,readout,489,487,1,102
0,A,3,,144,4,6,256,10,55,15,0,,54,15,0,loose_passive,button,,260,average,15,0,2,87,2026093003,readout,595,592,1,101
0,A,5,1,288,8,9,512,17,96,28,0,,95,28,0,loose_passive,overall,,408,average,28,0,2,180,2026093003,readout,1084,1079,2,203
0,A,3,1,144,2,5,256,7,36,13,0,1,34,12,0,loose_passive,big_blind,,148,current,13,0,1,90,2026093003,readout,494,491,1,109
0,A,5,1,145,9,4,256,13,55,23,0,2,54,21,0,loose_passive,button,,259,current,22,1,4,91,2026093003,readout,604,599,,104
0,A,8,2,289,11,9,512,20,91,36,0,3,88,33,0,loose_passive,overall,,407,current,35,1,5,181,2026093003,readout,1098,1090,1,213
0,C,0,,147,5,4,256,9,36,15,0,,34,15,0,loose_passive,big_blind,,148,average,15,0,,89,2026093003,readout,493,493,,109
0,C,2,,147,6,8,256,14,53,24,1,,52,24,0,loose_passive,button,,259,average,24,0,2,90,2026093003,readout,599,597,,101
0,C,2,,294,11,12,512,23,89,39,1,,86,39,0,loose_passive,overall,,407,average,39,0,2,179,2026093003,readout,1092,1090,,210
0,C,2,2,145,5,4,256,9,47,17,0,1,45,16,0,loose_passive,big_blind,,148,current,17,0,,93,2026093003,readout,491,489,,103
0,C,4,1,149,11,5,256,16,56,30,0,3,56,27,0,loose_passive,button,1,258,current,29,1,2,92,2026093003,readout,601,597,,98
0,C,6,3,294,16,9,512,25,103,47,0,4,101,43,0,loose_passive,overall,1,406,current,46,1,2,185,2026093003,readout,1092,1086,,201
25,A,8,,334,22,36,256,74,401,86,9,,362,86,0,native-pressure,big_blind,,317,average,56,30,5,71,2026093001,readout,904,896,3,174
17,A,1,,165,25,25,256,85,303,74,4,,255,74,0,native-pressure,button,,504,average,42,32,,43,2026093001,readout,795,794,1,82
42,A,9,,499,47,61,512,159,704,160,13,,617,160,0,native-pressure,overall,,821,average,98,62,5,114,2026093001,readout,1699,1690,4,256
10,A,11,3,382,29,38,256,102,458,98,4,2,436,96,0,native-pressure,big_blind,,324,current,60,38,5,78,2026093001,readout,976,965,3,181
25,A,3,1,185,26,26,256,74,355,87,7,2,327,85,0,native-pressure,button,1,514,current,59,28,,51,2026093001,readout,857,854,1,104
35,A,14,4,567,55,64,512,176,813,185,11,4,763,181,0,native-pressure,overall,1,838,current,119,66,5,129,2026093001,readout,1833,1819,4,285
19,C,0,,317,20,29,256,72,371,73,10,,335,73,0,native-pressure,big_blind,,331,average,47,26,,56,2026093001,readout,850,850,,146
26,C,1,,173,21,31,256,79,346,82,9,,297,82,0,native-pressure,button,,514,average,50,32,1,46,2026093001,readout,840,839,,106
45,C,1,,490,41,60,512,151,717,155,19,,632,155,0,native-pressure,overall,,845,average,97,58,1,102,2026093001,readout,1690,1689,,252
10,C,0,,332,16,33,256,72,417,63,5,,380,63,0,native-pressure,big_blind,,328,current,43,20,,83,2026093001,readout,921,921,,178
34,C,1,,169,34,35,256,78,352,90,9,,304,90,0,native-pressure,button,,520,current,68,22,,48,2026093001,readout,854,853,1,116
44,C,1,,501,50,68,512,150,769,153,14,,684,153,0,native-pressure,overall,,848,current,111,42,,131,2026093001,readout,1775,1774,1,294
24,A,1,,296,27,39,256,80,370,91,9,,348,91,0,native-pressure,big_blind,,330,average,64,27,,66,2026093002,readout,842,841,1,149
19,A,4,,165,22,33,256,84,380,81,6,1,322,80,0,native-pressure,button,1,528,average,52,29,1,51,2026093002,readout,848,844,2,100
43,A,5,,461,49,72,512,164,750,172,15,1,670,171,0,native-pressure,overall,1,858,average,116,56,1,117,2026093002,readout,1690,1685,3,249
19,A,3,2,288,27,38,256,90,374,86,7,2,330,84,0,native-pressure,big_blind,,335,current,53,33,1,71,2026093002,readout,846,843,,149
22,A,10,,153,33,32,256,93,365,88,9,1,312,87,0,native-pressure,button,,524,current,52,36,4,52,2026093002,readout,847,837,6,108
41,A,13,2,441,60,70,512,183,739,174,16,3,642,171,0,native-pressure,overall,,859,current,105,69,5,123,2026093002,readout,1693,1680,6,257
16,C,0,,312,25,32,256,83,413,83,8,,378,83,0,native-pressure,big_blind,,329,average,52,31,,83,2026093002,readout,878,878,,154
24,C,2,,191,22,38,256,91,374,90,9,1,324,89,0,native-pressure,button,,519,average,59,31,1,53,2026093002,readout,873,871,1,108
40,C,2,,503,47,70,512,174,787,173,17,1,702,172,0,native-pressure,overall,,848,average,111,62,1,136,2026093002,readout,1751,1749,1,262
18,C,0,,307,19,31,256,75,394,66,7,,359,66,0,native-pressure,big_blind,,331,current,40,26,,86,2026093002,readout,873,873,,149
29,C,2,,206,24,28,256,74,371,77,15,,314,77,0,native-pressure,button,,509,current,55,22,,44,2026093002,readout,878,876,2,117
47,C,2,,513,43,59,512,149,765,143,22,,673,143,0,native-pressure,overall,,840,current,95,48,,130,2026093002,readout,1751,1749,2,266
18,A,6,1,281,25,27,256,77,350,82,9,1,316,81,0,native-pressure,big_blind,1,335,average,52,30,3,65,2026093003,readout,806,800,1,119
20,A,7,,145,23,26,256,88,355,87,3,1,319,86,0,native-pressure,button,,531,average,53,34,2,43,2026093003,readout,820,813,5,94
38,A,13,1,426,48,53,512,165,705,169,12,2,635,167,0,native-pressure,overall,1,866,average,105,64,5,108,2026093003,readout,1626,1613,6,213
20,A,0,,331,26,32,256,80,335,81,10,,301,81,0,native-pressure,big_blind,,320,current,49,32,,57,2026093003,readout,828,828,,120
28,A,2,,170,31,34,256,86,411,92,5,,360,92,0,native-pressure,button,,518,current,59,33,,72,2026093003,readout,890,888,2,128
48,A,2,,501,57,66,512,166,746,173,15,,661,173,0,native-pressure,overall,,838,current,108,65,,129,2026093003,readout,1718,1716,2,248
21,C,0,,285,21,28,256,67,348,76,12,,326,76,0,native-pressure,big_blind,,335,average,48,28,,63,2026093003,readout,821,821,,138
24,C,1,,165,28,33,256,83,341,82,4,,285,82,0,native-pressure,button,,535,average,52,30,1,33,2026093003,readout,817,816,,83
45,C,1,,450,49,61,512,150,689,158,16,,611,158,0,native-pressure,overall,,870,average,100,58,1,96,2026093003,readout,1638,1637,,221
16,C,2,,322,16,29,256,74,367,73,9,,336,73,0,native-pressure,big_blind,,324,current,41,32,2,72,2026093003,readout,856,854,,136
39,C,1,,188,30,41,256,68,365,90,9,1,324,89,0,native-pressure,button,,504,current,65,25,,55,2026093003,readout,866,865,1,118
55,C,3,,510,46,70,512,142,732,163,18,1,660,162,0,native-pressure,overall,,828,current,106,57,2,127,2026093003,readout,1722,1719,1,254
0,A,0,,256,8,19,256,27,113,39,0,,113,39,0,passive,big_blind,,256,average,39,0,,250,2026093001,readout,1018,1018,,256
0,A,0,,201,11,25,256,37,122,48,0,,121,48,0,passive,button,,256,average,48,0,,198,2026093001,readout,856,856,,201
0,A,0,,457,19,44,512,64,235,87,0,,234,87,0,passive,overall,,512,average,87,0,,448,2026093001,readout,1874,1874,,457
0,A,0,,256,6,12,256,19,113,34,0,,113,34,0,passive,big_blind,,256,current,34,0,,250,2026093001,readout,1018,1018,,256
0,A,2,,204,10,31,256,42,142,52,0,,137,52,0,passive,button,,256,current,52,0,2,199,2026093001,readout,865,863,,204
0,A,2,,460,16,43,512,61,255,86,0,,250,86,0,passive,overall,,512,current,86,0,2,449,2026093001,readout,1883,1881,,460
0,C,0,,256,11,13,256,24,123,34,0,,123,34,0,passive,big_blind,,256,average,34,0,,253,2026093001,readout,1021,1021,,256
0,C,0,,202,8,24,256,34,131,49,0,,131,49,0,passive,button,,256,average,49,0,,199,2026093001,readout,859,859,,202
0,C,0,,458,19,37,512,58,254,83,0,,254,83,0,passive,overall,,512,average,83,0,,452,2026093001,readout,1880,1880,,458
0,C,0,,256,5,13,256,18,116,34,0,,116,34,0,passive,big_blind,,256,current,34,0,,255,2026093001,readout,1023,1023,,256
0,C,0,,206,18,28,256,47,118,66,0,,118,66,0,passive,button,,256,current,66,0,,204,2026093001,readout,872,872,,206
0,C,0,,462,23,41,512,65,234,100,0,,234,100,0,passive,overall,,512,current,100,0,,459,2026093001,readout,1895,1895,,462
0,A,0,,256,13,14,256,27,120,40,0,,120,40,0,passive,big_blind,,256,average,40,0,,252,2026093002,readout,1020,1020,,256
0,A,0,,206,4,24,256,28,114,50,0,,114,50,0,passive,button,,256,average,50,0,,202,2026093002,readout,870,870,,206
0,A,0,,462,17,38,512,55,234,90,0,,234,90,0,passive,overall,,512,average,90,0,,454,2026093002,readout,1890,1890,,462
0,A,0,,256,7,16,256,24,114,33,0,,114,33,0,passive,big_blind,,256,current,33,0,,255,2026093002,readout,1023,1023,,256
0,A,1,,206,8,27,256,37,105,52,0,1,105,51,0,passive,button,,256,current,52,0,1,203,2026093002,readout,872,871,,206
0,A,1,,462,15,43,512,61,219,85,0,1,219,84,0,passive,overall,,512,current,85,0,1,458,2026093002,readout,1895,1894,,462
0,C,0,,256,12,19,256,31,109,37,0,,108,37,0,passive,big_blind,,256,average,37,0,,250,2026093002,readout,1018,1018,,256
0,C,0,,205,9,23,256,33,115,49,0,,113,49,0,passive,button,,256,average,49,0,,203,2026093002,readout,869,869,,205
0,C,0,,461,21,42,512,64,224,86,0,,221,86,0,passive,overall,,512,average,86,0,,453,2026093002,readout,1887,1887,,461
0,C,0,,256,14,18,256,33,124,41,0,,123,41,0,passive,big_blind,,256,current,41,0,,251,2026093002,readout,1019,1019,,256
0,C,1,,204,13,25,256,39,130,60,0,,130,60,0,passive,button,,256,current,60,0,,198,2026093002,readout,862,861,1,203
0,C,1,,460,27,43,512,72,254,101,0,,253,101,0,passive,overall,,512,current,101,0,,449,2026093002,readout,1881,1880,1,459
0,A,0,,256,8,21,256,29,123,42,0,,123,42,0,passive,big_blind,,256,average,42,0,,248,2026093003,readout,1016,1016,,256
0,A,1,,205,10,27,256,38,133,59,0,,132,59,0,passive,button,,256,average,59,0,1,200,2026093003,readout,867,866,,205
0,A,1,,461,18,48,512,67,256,101,0,,255,101,0,passive,overall,,512,average,101,0,1,448,2026093003,readout,1883,1882,,461
0,A,0,,256,7,11,256,20,94,32,0,,94,32,0,passive,big_blind,,256,current,32,0,,251,2026093003,readout,1019,1019,,256
0,A,1,,201,18,32,256,51,142,72,0,,142,72,0,passive,button,,256,current,72,0,1,197,2026093003,readout,856,855,,201
0,A,1,,457,25,43,512,71,236,104,0,,236,104,0,passive,overall,,512,current,104,0,1,448,2026093003,readout,1875,1874,,457
0,C,0,,256,7,16,256,23,96,33,0,,96,33,0,passive,big_blind,,256,average,33,0,,251,2026093003,readout,1019,1019,,256
0,C,0,,203,15,27,256,42,122,56,0,,122,56,0,passive,button,,256,average,56,0,,199,2026093003,readout,861,861,,203
0,C,0,,459,22,43,512,65,218,89,0,,218,89,0,passive,overall,,512,average,89,0,,450,2026093003,readout,1880,1880,,459
0,C,0,,256,10,13,256,23,123,34,0,,123,34,0,passive,big_blind,,256,current,34,0,,250,2026093003,readout,1018,1018,,256
0,C,0,,208,13,30,256,44,111,61,0,,111,61,0,passive,button,,256,current,61,0,,206,2026093003,readout,878,878,,208
0,C,0,,464,23,43,512,67,234,95,0,,234,95,0,passive,overall,,512,current,95,0,,456,2026093003,readout,1896,1896,,464
10,A,53,11,30,5,6,256,3,46,14,10,14,46,,0,pot_pressure,big_blind,32,36,average,9,5,5,9,2026093001,readout,145,92,5,17
5,A,85,27,79,14,3,256,20,73,33,6,33,68,,0,pot_pressure,button,29,256,average,17,16,13,5,2026093001,readout,453,368,16,28
15,A,138,38,109,19,9,512,23,119,47,16,47,114,,0,pot_pressure,overall,61,292,average,26,21,18,14,2026093001,readout,598,460,21,45
8,A,55,11,30,5,6,256,4,50,14,9,14,50,,0,pot_pressure,big_blind,31,37,current,10,4,6,9,2026093001,readout,147,92,7,16
6,A,81,26,68,17,2,256,21,70,33,8,33,65,,0,pot_pressure,button,30,256,current,19,14,8,2,2026093001,readout,435,354,17,28
14,A,136,37,98,22,8,512,25,120,47,17,47,115,,0,pot_pressure,overall,61,293,current,29,18,14,11,2026093001,readout,582,446,24,44
10,C,57,12,29,5,7,256,4,49,15,10,15,48,,0,pot_pressure,big_blind,32,36,average,10,5,6,7,2026093001,readout,148,91,7,19
3,C,64,28,56,12,3,256,17,63,26,5,23,58,3,0,pot_pressure,button,24,256,average,15,11,4,4,2026093001,readout,399,335,8,19
13,C,121,40,85,17,10,512,21,112,41,15,38,106,3,0,pot_pressure,overall,56,292,average,25,16,10,11,2026093001,readout,547,426,15,38
11,C,57,13,29,6,7,256,4,51,15,11,15,51,,0,pot_pressure,big_blind,31,38,current,9,6,5,9,2026093001,readout,152,95,8,19
1,C,68,28,51,12,2,256,20,75,24,4,22,67,2,0,pot_pressure,button,26,256,current,14,10,3,7,2026093001,readout,403,335,11,21
12,C,125,41,80,18,9,512,24,126,39,15,37,118,2,0,pot_pressure,overall,57,294,current,23,16,8,16,2026093001,readout,555,430,19,40
10,A,55,11,30,6,7,256,5,50,16,12,15,50,1,0,pot_pressure,big_blind,31,38,average,11,5,8,10,2026093002,readout,149,94,5,16
5,A,79,31,63,12,3,256,18,69,27,7,27,67,,0,pot_pressure,button,28,258,average,14,13,9,5,2026093002,readout,426,347,11,21
15,A,134,42,93,18,10,512,23,119,43,19,42,117,1,0,pot_pressure,overall,59,296,average,25,18,17,15,2026093002,readout,575,441,16,37
11,A,61,13,30,6,8,256,5,56,17,12,17,55,,0,pot_pressure,big_blind,32,36,current,11,6,8,13,2026093002,readout,160,99,8,20
6,A,90,29,69,17,3,256,23,79,32,9,32,75,,0,pot_pressure,button,31,258,current,18,14,13,13,2026093002,readout,459,369,17,29
17,A,151,42,99,23,11,512,28,135,49,21,49,130,,0,pot_pressure,overall,63,294,current,29,20,21,26,2026093002,readout,619,468,25,49
11,C,53,13,28,5,7,256,3,46,14,12,14,46,,0,pot_pressure,big_blind,32,36,average,8,6,4,9,2026093002,readout,144,91,4,18
3,C,74,30,57,13,2,256,18,68,26,6,26,63,,0,pot_pressure,button,30,256,average,14,12,7,4,2026093002,readout,413,339,7,22
14,C,127,43,85,18,9,512,21,114,40,18,40,109,,0,pot_pressure,overall,62,292,average,22,18,11,13,2026093002,readout,557,430,11,40
11,C,58,14,31,5,7,256,3,55,14,13,14,53,,0,pot_pressure,big_blind,31,36,current,8,6,7,14,2026093002,readout,158,100,6,19
4,C,69,24,62,12,3,256,14,68,24,5,22,64,2,0,pot_pressure,button,29,258,current,15,9,8,4,2026093002,readout,413,344,8,20
15,C,127,38,93,17,10,512,17,123,38,18,36,117,2,0,pot_pressure,overall,60,294,current,23,15,15,18,2026093002,readout,571,444,14,39
10,A,53,11,31,5,6,256,2,47,13,10,13,46,,0,pot_pressure,big_blind,32,36,average,8,5,4,8,2026093003,readout,144,91,6,16
3,A,72,25,51,12,2,256,23,65,29,6,29,59,,0,pot_pressure,button,29,256,average,15,14,9,4,2026093003,readout,401,329,9,18
13,A,125,36,82,17,8,512,25,112,42,16,42,105,,0,pot_pressure,overall,61,292,average,23,19,13,12,2026093003,readout,545,420,15,34
11,A,51,10,29,7,7,256,5,47,16,11,15,47,1,0,pot_pressure,big_blind,32,37,current,10,6,4,4,2026093003,readout,132,81,5,11
2,A,75,27,53,14,1,256,23,69,30,4,30,65,,0,pot_pressure,button,32,256,current,17,13,9,4,2026093003,readout,408,333,7,20
13,A,126,37,82,21,8,512,28,116,46,15,45,112,1,0,pot_pressure,overall,64,293,current,27,19,13,8,2026093003,readout,540,414,12,31
11,C,58,14,31,5,8,256,4,52,16,11,16,51,,0,pot_pressure,big_blind,31,37,average,9,7,6,10,2026093003,readout,154,96,7,18
3,C,57,21,64,12,2,256,19,56,24,3,23,53,1,0,pot_pressure,button,27,257,average,14,10,3,5,2026093003,readout,406,349,6,23
14,C,115,35,95,17,10,512,23,108,40,14,39,104,1,0,pot_pressure,overall,58,294,average,23,17,9,15,2026093003,readout,560,445,13,41
11,C,53,12,28,5,8,256,3,51,13,11,13,49,,0,pot_pressure,big_blind,32,38,current,8,5,5,9,2026093003,readout,142,89,4,14
6,C,58,21,62,15,2,256,18,64,21,5,19,55,2,0,pot_pressure,button,30,258,current,11,10,1,9,2026093003,readout,410,352,6,23
17,C,111,33,90,20,10,512,21,115,34,16,32,104,2,0,pot_pressure,overall,62,296,current,19,15,6,18,2026093003,readout,552,441,10,37
0,A,0,,72,0,0,256,2,7,2,0,,7,2,0,selective-stackoff,big_blind,,86,average,1,1,,34,2026093001,readout,238,238,,46
0,A,0,,124,2,2,256,4,24,6,0,,24,6,0,selective-stackoff,button,,256,average,6,0,,62,2026093001,readout,520,520,,78
0,A,0,,196,2,2,512,6,31,8,0,,31,8,0,selective-stackoff,overall,,342,average,7,1,,96,2026093001,readout,758,758,,124
0,A,0,,69,1,1,256,3,9,4,0,,9,4,0,selective-stackoff,big_blind,,87,current,3,1,,34,2026093001,readout,235,235,,45
0,A,0,,120,3,2,256,5,15,6,0,,15,6,0,selective-stackoff,button,,256,current,6,0,,48,2026093001,readout,496,496,,72
0,A,0,,189,4,3,512,8,24,10,0,,24,10,0,selective-stackoff,overall,,343,current,9,1,,82,2026093001,readout,731,731,,117
0,C,0,,64,0,0,256,2,8,3,0,,8,3,0,selective-stackoff,big_blind,,87,average,1,2,,33,2026093001,readout,229,229,,45
0,C,0,,110,2,1,256,3,15,5,0,,15,5,0,selective-stackoff,button,,256,average,5,0,,43,2026093001,readout,477,477,,68
0,C,0,,174,2,1,512,5,23,8,0,,23,8,0,selective-stackoff,overall,,343,average,6,2,,76,2026093001,readout,706,706,,113
0,C,1,,67,0,1,256,1,9,3,0,1,9,2,0,selective-stackoff,big_blind,,87,current,3,0,1,41,2026093001,readout,244,243,,48
0,C,0,,121,3,5,256,8,21,12,0,,21,12,0,selective-stackoff,button,,256,current,11,1,,52,2026093001,readout,516,516,,87
0,C,1,,188,3,6,512,9,30,15,0,1,30,14,0,selective-stackoff,overall,,343,current,14,1,1,93,2026093001,readout,760,759,,135
0,A,0,,66,0,1,256,1,7,1,0,,7,1,0,selective-stackoff,big_blind,,87,average,1,0,,40,2026093002,readout,238,238,,45
0,A,1,,122,2,0,256,3,14,5,0,,14,5,0,selective-stackoff,button,,256,average,5,0,1,50,2026093002,readout,501,500,,72
0,A,1,,188,2,1,512,4,21,6,0,,21,6,0,selective-stackoff,overall,,343,average,6,0,1,90,2026093002,readout,739,738,,117
0,A,0,,69,0,1,256,1,8,1,0,,8,1,0,selective-stackoff,big_blind,,86,current,1,0,,40,2026093002,readout,243,243,,48
0,A,0,,115,4,2,256,6,17,7,0,,16,7,0,selective-stackoff,button,,256,current,7,0,,60,2026093002,readout,506,506,,75
0,A,0,,184,4,3,512,7,25,8,0,,24,8,0,selective-stackoff,overall,,342,current,8,0,,100,2026093002,readout,749,749,,123
0,C,0,,67,0,0,256,0,5,0,0,,5,,0,selective-stackoff,big_blind,,86,average,0,0,,38,2026093002,readout,241,241,,50
0,C,0,,119,0,0,256,0,10,3,0,,10,3,0,selective-stackoff,button,,256,average,3,0,,38,2026093002,readout,478,478,,65
0,C,0,,186,0,0,512,0,15,3,0,,15,3,0,selective-stackoff,overall,,342,average,3,0,,76,2026093002,readout,719,719,,115
0,C,0,,68,0,0,256,0,11,3,0,,9,3,0,selective-stackoff,big_blind,,86,current,2,1,,39,2026093002,readout,244,244,,51
0,C,0,,119,5,3,256,8,24,11,0,,23,11,0,selective-stackoff,button,,256,current,11,0,,48,2026093002,readout,488,488,,65
0,C,0,,187,5,3,512,8,35,14,0,,32,14,0,selective-stackoff,overall,,342,current,13,1,,87,2026093002,readout,732,732,,116
0,A,0,,69,0,0,256,3,12,3,0,,10,3,0,selective-stackoff,big_blind,,88,average,2,1,,41,2026093003,readout,245,245,,47
0,A,0,,102,4,1,256,6,15,8,0,,15,8,0,selective-stackoff,button,,256,average,8,0,,41,2026093003,readout,458,458,,59
0,A,0,,171,4,1,512,9,27,11,0,,25,11,0,selective-stackoff,overall,,344,average,10,1,,82,2026093003,readout,703,703,,106
0,A,0,,71,0,0,256,1,8,2,0,,8,2,0,selective-stackoff,big_blind,,87,current,1,1,,44,2026093003,readout,251,251,,49
0,A,0,,104,0,4,256,4,15,7,0,,15,7,0,selective-stackoff,button,,256,current,7,0,,39,2026093003,readout,464,464,,65
0,A,0,,175,0,4,512,5,23,9,0,,23,9,0,selective-stackoff,overall,,343,current,8,1,,83,2026093003,readout,715,715,,114
0,C,0,,74,0,0,256,2,7,2,0,,7,2,0,selective-stackoff,big_blind,,87,average,1,1,,36,2026093003,readout,244,244,,47
0,C,0,,123,3,3,256,6,23,10,0,,22,10,0,selective-stackoff,button,,256,average,10,0,,46,2026093003,readout,500,500,,75
0,C,0,,197,3,3,512,8,30,12,0,,29,12,0,selective-stackoff,overall,,343,average,11,1,,82,2026093003,readout,744,744,,122
0,C,0,,68,0,2,256,3,6,3,0,,6,3,0,selective-stackoff,big_blind,,87,current,2,1,,48,2026093003,readout,254,254,,51
0,C,0,,120,7,2,256,9,20,12,0,,19,12,0,selective-stackoff,button,,256,current,12,0,,49,2026093003,readout,491,491,,66
0,C,0,,188,7,4,512,12,26,15,0,,25,15,0,selective-stackoff,overall,,343,current,14,1,,97,2026093003,readout,745,745,,117
4,A,0,,19,5,3,256,5,11,3,3,,9,3,0,tight_aggressive,big_blind,,37,average,2,1,,13,2026093001,readout,81,81,,12
3,A,0,,108,3,2,256,3,18,2,2,,14,2,0,tight_aggressive,button,,267,average,1,1,,10,2026093001,readout,432,432,,47
7,A,0,,127,8,5,512,8,29,5,5,,23,5,0,tight_aggressive,overall,,304,average,3,2,,23,2026093001,readout,513,513,,59
4,A,0,,24,3,3,256,2,12,1,3,,11,1,0,tight_aggressive,big_blind,,36,current,1,0,,12,2026093001,readout,84,84,,12
2,A,0,,102,2,2,256,3,18,3,2,,17,3,0,tight_aggressive,button,,267,current,2,1,,25,2026093001,readout,447,447,,53
6,A,0,,126,5,5,512,5,30,4,5,,28,4,0,tight_aggressive,overall,,303,current,3,1,,37,2026093001,readout,531,531,,65
5,C,0,,26,3,3,256,2,12,3,3,,11,3,0,tight_aggressive,big_blind,,36,average,2,1,,10,2026093001,readout,87,87,,15
1,C,0,,83,2,3,256,4,16,1,1,,11,1,0,tight_aggressive,button,,266,average,1,0,,15,2026093001,readout,400,400,,36
6,C,0,,109,5,6,512,6,28,4,4,,22,4,0,tight_aggressive,overall,,302,average,3,1,,25,2026093001,readout,487,487,,51
4,C,0,,25,4,5,256,5,13,6,3,,12,6,0,tight_aggressive,big_blind,,36,current,6,0,,11,2026093001,readout,86,86,,14
2,C,0,,83,2,3,256,3,17,0,2,,12,,0,tight_aggressive,button,,264,current,0,0,,11,2026093001,readout,400,400,,42
6,C,0,,108,6,8,512,8,30,6,5,,24,6,0,tight_aggressive,overall,,300,current,6,0,,22,2026093001,readout,486,486,,56
3,A,0,,20,2,2,256,1,5,3,2,,5,3,0,tight_aggressive,big_blind,,35,average,3,0,,8,2026093002,readout,74,74,,11
0,A,0,,100,2,4,256,8,19,1,0,,12,1,0,tight_aggressive,button,,269,average,0,1,,20,2026093002,readout,439,439,,50
3,A,0,,120,4,6,512,9,24,4,2,,17,4,0,tight_aggressive,overall,,304,average,3,1,,28,2026093002,readout,513,513,,61
3,A,0,,22,2,3,256,2,7,2,3,,6,2,0,tight_aggressive,big_blind,,34,current,2,0,,14,2026093002,readout,85,85,,15
1,A,0,,99,3,2,256,5,18,3,3,,12,3,0,tight_aggressive,button,,269,current,2,1,,33,2026093002,readout,456,456,,55
4,A,0,,121,5,5,512,7,25,5,6,,18,5,0,tight_aggressive,overall,,303,current,4,1,,47,2026093002,readout,541,541,,70
3,C,0,,24,3,2,256,2,9,2,1,,8,2,0,tight_aggressive,big_blind,,36,average,2,0,,6,2026093002,readout,81,81,,15
4,C,0,,91,2,4,256,2,15,2,3,,14,2,0,tight_aggressive,button,,267,average,2,0,,19,2026093002,readout,416,416,,39
7,C,0,,115,5,6,512,4,24,4,4,,22,4,0,tight_aggressive,overall,,303,average,4,0,,25,2026093002,readout,497,497,,54
2,C,0,,23,4,3,256,5,10,4,3,,9,4,0,tight_aggressive,big_blind,,35,current,4,0,,11,2026093002,readout,85,85,,16
0,C,0,,90,2,1,256,3,14,2,0,,13,2,0,tight_aggressive,button,,267,current,2,0,,16,2026093002,readout,412,412,,39
2,C,0,,113,6,4,512,8,24,6,3,,22,6,0,tight_aggressive,overall,,302,current,6,0,,27,2026093002,readout,497,497,,55
3,A,0,,21,2,2,256,1,6,2,3,,4,2,0,tight_aggressive,big_blind,,35,average,2,0,,6,2026093003,readout,70,70,,8
2,A,0,,71,3,3,256,4,13,2,2,,8,2,0,tight_aggressive,button,,266,average,2,0,,13,2026093003,readout,382,382,,32
5,A,0,,92,5,5,512,5,19,4,5,,12,4,0,tight_aggressive,overall,,301,average,4,0,,19,2026093003,readout,452,452,,40
2,A,0,,22,2,2,256,2,7,2,3,,5,2,0,tight_aggressive,big_blind,,35,current,2,0,,8,2026093003,readout,74,74,,9
4,A,0,,87,3,3,256,2,11,2,4,,10,2,0,tight_aggressive,button,,265,current,2,0,,24,2026093003,readout,421,421,,45
6,A,0,,109,5,5,512,4,18,4,7,,15,4,0,tight_aggressive,overall,,300,current,4,0,,32,2026093003,readout,495,495,,54
4,C,0,,20,3,2,256,1,6,2,3,,6,2,0,tight_aggressive,big_blind,,36,average,2,0,,5,2026093003,readout,69,69,,8
1,C,0,,89,0,3,256,2,16,2,0,,14,2,0,tight_aggressive,button,,265,average,1,1,,9,2026093003,readout,386,386,,23
5,C,0,,109,3,5,512,3,22,4,3,,20,4,0,tight_aggressive,overall,,301,average,3,1,,14,2026093003,readout,455,455,,31
3,C,0,,21,3,3,256,3,8,4,3,,6,4,0,tight_aggressive,big_blind,,36,current,4,0,,7,2026093003,readout,71,71,,7
2,C,0,,90,0,2,256,0,7,1,2,,6,1,0,tight_aggressive,button,,264,current,0,1,,9,2026093003,readout,394,394,,31
5,C,0,,111,3,5,512,3,15,5,5,,12,5,0,tight_aggressive,overall,,300,current,4,1,,16,2026093003,readout,465,465,,38
0,A,0,,16,2,1,256,3,4,3,0,,4,3,0,tight_passive,big_blind,,16,average,3,0,,6,2026093001,readout,48,48,,10
0,A,0,,103,4,0,256,5,9,5,0,,9,5,0,tight_passive,button,,256,average,5,0,,32,2026093001,readout,444,444,,53
0,A,0,,119,6,1,512,8,13,8,0,,13,8,0,tight_passive,overall,,272,average,8,0,,38,2026093001,readout,492,492,,63
0,A,0,,15,1,1,256,2,5,2,0,,5,2,0,tight_passive,big_blind,,16,current,2,0,,6,2026093001,readout,45,45,,8
0,A,0,,84,1,1,256,3,5,3,0,,5,3,0,tight_passive,button,,256,current,3,0,,23,2026093001,readout,406,406,,43
0,A,0,,99,2,2,512,5,10,5,0,,10,5,0,tight_passive,overall,,272,current,5,0,,29,2026093001,readout,451,451,,51
1,C,0,,16,2,1,256,2,5,2,1,,5,2,0,tight_passive,big_blind,,16,average,2,0,,7,2026093001,readout,50,50,,11
0,C,2,,89,0,1,256,2,7,4,0,1,7,3,0,tight_passive,button,,256,average,4,0,,21,2026093001,readout,407,405,2,39
1,C,2,,105,2,2,512,4,12,6,1,1,12,5,0,tight_passive,overall,,272,average,6,0,,28,2026093001,readout,457,455,2,50
0,C,1,,16,0,1,256,1,8,2,0,,8,2,0,tight_passive,big_blind,,16,current,2,0,,7,2026093001,readout,49,48,1,9
0,C,1,,81,0,0,256,1,6,3,0,1,6,2,0,tight_passive,button,,256,current,3,0,,19,2026093001,readout,402,401,1,45
0,C,2,,97,0,1,512,2,14,5,0,1,14,4,0,tight_passive,overall,,272,current,5,0,,26,2026093001,readout,451,449,2,54
0,A,1,,16,0,1,256,1,5,2,0,,5,2,0,tight_passive,big_blind,,16,average,2,0,,7,2026093002,readout,49,48,1,9
0,A,0,,106,0,0,256,0,4,2,0,,4,2,0,tight_passive,button,,256,average,2,0,,34,2026093002,readout,452,452,,56
0,A,1,,122,0,1,512,1,9,4,0,,9,4,0,tight_passive,overall,,272,average,4,0,,41,2026093002,readout,501,500,1,65
0,A,1,,15,0,1,256,1,3,1,0,,3,1,0,tight_passive,big_blind,,16,current,1,0,,6,2026093002,readout,46,45,1,8
0,A,0,,114,0,0,256,0,5,1,0,,5,1,0,tight_passive,button,,256,current,1,0,,36,2026093002,readout,475,475,,69
0,A,1,,129,0,1,512,1,8,2,0,,8,2,0,tight_passive,overall,,272,current,2,0,,42,2026093002,readout,521,520,1,77
0,C,1,,15,0,0,256,1,6,1,0,,6,1,0,tight_passive,big_blind,,17,average,0,1,,6,2026093002,readout,50,49,1,11
0,C,2,,98,0,2,256,3,8,3,0,1,7,2,0,tight_passive,button,,256,average,3,0,,25,2026093002,readout,422,420,2,41
0,C,3,,113,0,2,512,4,14,4,0,1,13,3,0,tight_passive,overall,,273,average,3,1,,31,2026093002,readout,472,469,3,52
0,C,1,,15,0,0,256,1,6,1,0,,6,1,0,tight_passive,big_blind,,17,current,0,1,,7,2026093002,readout,49,48,1,9
0,C,0,,100,1,1,256,2,7,1,0,,6,1,0,tight_passive,button,,256,current,1,0,,29,2026093002,readout,429,429,,44
0,C,1,,115,1,1,512,3,13,2,0,,12,2,0,tight_passive,overall,,273,current,1,1,,36,2026093002,readout,478,477,1,53
0,A,1,,16,0,1,256,1,6,2,0,,6,2,0,tight_passive,big_blind,,16,average,2,0,,7,2026093003,readout,49,48,1,9
0,A,2,,98,2,2,256,5,9,6,0,1,8,5,0,tight_passive,button,,256,average,6,0,1,29,2026093003,readout,428,426,1,43
0,A,3,,114,2,3,512,6,15,8,0,1,14,7,0,tight_passive,overall,,272,average,8,0,1,36,2026093003,readout,477,474,2,52
1,A,0,,16,1,1,256,1,5,2,1,,3,2,0,tight_passive,big_blind,,16,current,2,0,,8,2026093003,readout,49,49,,9
0,A,0,,90,1,1,256,3,7,4,0,,7,4,0,tight_passive,button,,256,current,4,0,,25,2026093003,readout,416,416,,45
1,A,0,,106,2,2,512,4,12,6,1,,10,6,0,tight_passive,overall,,272,current,6,0,,33,2026093003,readout,465,465,,54
0,C,1,,16,0,0,256,0,3,1,0,,3,1,0,tight_passive,big_blind,,16,average,1,0,,6,2026093003,readout,49,48,1,10
0,C,1,,91,1,0,256,1,7,1,0,,7,1,0,tight_passive,button,,256,average,1,0,,17,2026093003,readout,397,396,1,32
0,C,2,,107,1,0,512,1,10,2,0,,10,2,0,tight_passive,overall,,272,average,2,0,,23,2026093003,readout,446,444,2,42
1,C,0,,15,1,1,256,1,2,2,1,,2,2,0,tight_passive,big_blind,,16,current,2,0,,8,2026093003,readout,49,49,,10
0,C,0,,101,1,0,256,1,4,1,0,,4,1,0,tight_passive,button,,256,current,1,0,,22,2026093003,readout,414,414,,35
1,C,0,,116,2,1,512,2,6,3,1,,6,3,0,tight_passive,overall,,272,current,3,0,,30,2026093003,readout,463,463,,45
12,A,0,,165,6,16,256,19,104,24,11,,100,24,0,uniform,big_blind,,205,average,11,13,,31,2026093001,readout,479,479,,78
22,A,1,,131,10,25,256,26,160,29,21,,147,29,0,uniform,button,,373,average,17,12,,34,2026093001,readout,601,600,1,62
34,A,1,,296,16,41,512,45,264,53,32,,247,53,0,uniform,overall,,578,average,28,25,,65,2026093001,readout,1080,1079,1,140
10,A,0,,177,6,8,256,14,110,16,10,,105,16,0,uniform,big_blind,,208,current,4,12,,39,2026093001,readout,499,499,,75
22,A,1,,133,8,27,256,32,160,38,21,,149,38,0,uniform,button,,364,current,18,20,,33,2026093001,readout,591,590,1,60
32,A,1,,310,14,35,512,46,270,54,31,,254,54,0,uniform,overall,,572,current,22,32,,72,2026093001,readout,1090,1089,1,135
8,C,0,,177,6,11,256,23,125,25,9,,116,25,0,uniform,big_blind,,207,average,9,16,,30,2026093001,readout,499,499,,85
17,C,0,,130,12,24,256,34,158,35,18,,147,35,0,uniform,button,,366,average,21,14,,27,2026093001,readout,580,580,,57
25,C,0,,307,18,35,512,57,283,60,27,,263,60,0,uniform,overall,,573,average,30,30,,57,2026093001,readout,1079,1079,,142
10,C,0,,171,6,15,256,22,97,25,10,,91,25,0,uniform,big_blind,,206,current,11,14,,21,2026093001,readout,478,478,,80
17,C,0,,139,9,24,256,33,182,37,20,,169,37,0,uniform,button,,372,current,18,19,,33,2026093001,readout,608,608,,64
27,C,0,,310,15,39,512,55,279,62,30,,260,62,0,uniform,overall,,578,current,29,33,,54,2026093001,readout,1086,1086,,144
11,A,0,,168,8,13,256,23,120,26,10,,109,26,0,uniform,big_blind,,208,average,13,13,,25,2026093002,readout,471,471,,70
21,A,0,,138,13,25,256,39,165,40,19,,146,40,0,uniform,button,,377,average,22,18,,35,2026093002,readout,618,618,,68
32,A,0,,306,21,38,512,62,285,66,29,,255,66,0,uniform,overall,,585,average,35,31,,60,2026093002,readout,1089,1089,,138
8,A,0,,158,5,12,256,16,99,20,8,,91,20,0,uniform,big_blind,,206,current,11,9,,28,2026093002,readout,469,469,,77
18,A,0,,145,11,18,256,30,165,32,16,,142,32,0,uniform,button,,372,current,16,16,,42,2026093002,readout,633,633,,74
26,A,0,,303,16,30,512,46,264,52,24,,233,52,0,uniform,overall,,578,current,27,25,,70,2026093002,readout,1102,1102,,151
9,C,0,,161,6,11,256,17,109,22,8,,100,22,0,uniform,big_blind,,208,average,13,9,,36,2026093002,readout,489,489,,84
20,C,2,,144,9,25,256,34,174,35,22,,154,35,0,uniform,button,,381,average,18,17,,35,2026093002,readout,634,632,2,72
29,C,2,,305,15,36,512,51,283,57,30,,254,57,0,uniform,overall,,589,average,31,26,,71,2026093002,readout,1123,1121,2,156
7,C,0,,158,3,9,256,16,103,24,4,,98,24,0,uniform,big_blind,,207,current,9,15,,35,2026093002,readout,481,481,,81
17,C,0,,145,12,23,256,45,194,47,20,,176,47,0,uniform,button,,371,current,22,25,,48,2026093002,readout,640,640,,76
24,C,0,,303,15,32,512,61,297,71,24,,274,71,0,uniform,overall,,578,current,31,40,,83,2026093002,readout,1121,1121,,157
16,A,0,,178,8,19,256,25,119,29,13,,112,29,0,uniform,big_blind,,204,average,17,12,,41,2026093003,readout,525,525,,102
15,A,1,1,138,10,21,256,33,165,35,14,,151,35,0,uniform,button,,372,average,19,16,,30,2026093003,readout,598,597,,57
31,A,1,1,316,18,40,512,58,284,64,27,,263,64,0,uniform,overall,,576,average,36,28,,71,2026093003,readout,1123,1122,,159
10,A,0,,164,6,11,256,17,110,21,10,,98,21,0,uniform,big_blind,,204,current,7,14,,39,2026093003,readout,484,484,,77
20,A,1,,138,8,21,256,29,180,34,18,,159,34,0,uniform,button,,372,current,18,16,1,31,2026093003,readout,611,610,,69
30,A,1,,302,14,32,512,46,290,55,28,,257,55,0,uniform,overall,,576,current,25,30,1,70,2026093003,readout,1095,1094,,146
9,C,0,,169,6,14,256,23,113,24,8,,106,24,0,uniform,big_blind,,208,average,10,14,,35,2026093003,readout,482,482,,70
16,C,0,,136,12,18,256,31,168,32,15,,148,32,0,uniform,button,,377,average,16,16,,29,2026093003,readout,595,595,,53
25,C,0,,305,18,32,512,54,281,56,23,,254,56,0,uniform,overall,,585,average,26,30,,64,2026093003,readout,1077,1077,,123
8,C,0,,166,7,10,256,19,114,23,6,,110,23,0,uniform,big_blind,,208,current,11,12,,44,2026093003,readout,493,493,,75
16,C,1,1,140,7,22,256,34,184,40,14,,171,40,0,uniform,button,,378,current,18,22,,44,2026093003,readout,640,639,,77
24,C,1,1,306,14,32,512,53,298,63,20,,281,63,0,uniform,overall,,586,current,29,34,,88,2026093003,readout,1133,1132,,152
