seed,cell,total_target,actual_nodes,population,street,count,median,fraction_zero,fraction_lt10,fraction_lt100
2026093001,full,5000000,5000124,common_encounters,flop,4248,96,0.013418079096045197,0.1259416195856874,0.5025894538606404
2026093001,full,5000000,5000124,common_encounters,preflop,10230,35,0.005474095796676442,0.1372434017595308,0.7177908113391984
2026093001,full,5000000,5000124,common_encounters,river,545,3,0.1871559633027523,0.6972477064220184,0.9889908256880734
2026093001,full,5000000,5000124,common_encounters,turn,1658,11,0.10193003618817853,0.46562123039806996,0.9149577804583836
2026093001,full,5000000,5000124,common_unique_keys,flop,1650,22,0.034545454545454546,0.3012121212121212,0.8606060606060606
2026093001,full,5000000,5000124,common_unique_keys,preflop,2495,11,0.02004008016032064,0.418436873747495,0.9687374749498998
2026093001,full,5000000,5000124,common_unique_keys,river,533,3,0.19136960600375236,0.7091932457786116,0.9887429643527205
2026093001,full,5000000,5000124,common_unique_keys,turn,1381,8,0.1223750905141202,0.5474293989862419,0.9645184648805214
2026093001,full,5000000,5000124,stored_classified_only,flop,17788,3,0.0,0.7816505509332135,0.9845963570946705
2026093001,full,5000000,5000124,stored_classified_only,preflop,10857,4,0.0,0.769825918762089,0.9928156949433545
2026093001,full,5000000,5000124,stored_classified_only,river,146760,1,0.0,0.9603093485963478,0.9998637230853094
2026093001,full,5000000,5000124,stored_classified_only,turn,78659,2,0.0,0.9251833865164826,0.9991863613826771
2026093001,full,5000000,5000124,stored_unclassified,unclassified,86736,1,0.0,0.9999308245711124,1.0
2026093001,full,7000000,7000758,common_encounters,flop,4248,133,0.010828625235404897,0.1007532956685499,0.4336158192090395
2026093001,full,7000000,7000758,common_encounters,preflop,10230,48,0.0033235581622678397,0.08211143695014662,0.6958944281524927
2026093001,full,7000000,7000758,common_encounters,river,545,5,0.14678899082568808,0.618348623853211,0.9834862385321101
2026093001,full,7000000,7000758,common_encounters,turn,1658,16,0.08685162846803378,0.3926417370325694,0.8685162846803377
2026093001,full,7000000,7000758,common_unique_keys,flop,1650,30,0.027878787878787878,0.24303030303030304,0.8036363636363636
2026093001,full,7000000,7000758,common_unique_keys,preflop,2495,15,0.012424849699398798,0.2849699398797595,0.9567134268537074
2026093001,full,7000000,7000758,common_unique_keys,river,533,5,0.150093808630394,0.6303939962476548,0.9831144465290806
2026093001,full,7000000,7000758,common_unique_keys,turn,1381,11,0.10427226647356988,0.46488052136133234,0.9355539464156408
2026093001,full,7000000,7000758,stored_classified_only,flop,21465,3,0.0,0.7688329839273236,0.980246913580247
2026093001,full,7000000,7000758,stored_classified_only,preflop,12371,5,0.0,0.7170802683695741,0.9912699054239754
2026093001,full,7000000,7000758,stored_classified_only,river,204654,1,0.0,0.9521387317130376,0.9997605715011678
2026093001,full,7000000,7000758,stored_classified_only,turn,104492,2,0.0,0.9146346131761283,0.9987176051755158
2026093001,full,7000000,7000758,stored_unclassified,unclassified,71539,1,0.0,0.99998602161059,1.0
2026093001,full,10000000,10000220,common_encounters,flop,4248,195,0.007297551789077213,0.08074387947269303,0.381120527306968
2026093001,full,10000000,10000220,common_encounters,preflop,10230,67,0.0018572825024437928,0.05327468230694037,0.6421309872922776
2026093001,full,10000000,10000220,common_encounters,river,545,7,0.12293577981651377,0.5486238532110091,0.9431192660550459
2026093001,full,10000000,10000220,common_encounters,turn,1658,22,0.07056694813027745,0.3208685162846803,0.8148371531966224
2026093001,full,10000000,10000220,common_unique_keys,flop,1650,42,0.018787878787878787,0.19696969696969696,0.7357575757575757
2026093001,full,10000000,10000220,common_unique_keys,preflop,2495,21,0.006813627254509018,0.20080160320641283,0.9302605210420841
2026093001,full,10000000,10000220,common_unique_keys,river,533,7,0.12570356472795496,0.5590994371482176,0.9474671669793621
2026093001,full,10000000,10000220,common_unique_keys,turn,1381,16,0.08472121650977553,0.38233164373642287,0.8942795076031861
2026093001,full,10000000,10000220,stored_classified_only,flop,25645,3,0.0,0.7602651589003705,0.9744979528173133
2026093001,full,10000000,10000220,stored_classified_only,preflop,13540,6,0.0,0.6637370753323486,0.9871491875923191
2026093001,full,10000000,10000220,stored_classified_only,river,274846,1,0.0,0.9403520516944034,0.9994542398288496
2026093001,full,10000000,10000220,stored_classified_only,turn,135213,2,0.0,0.9003572141731934,0.9978774230288507
2026093001,full,10000000,10000220,stored_unclassified,unclassified,58369,1,0.0,1.0,1.0
2026093001,compressed,5000000,5000028,common_encounters,flop,4248,102,0.015301318267419962,0.12641242937853106,0.4912900188323917
2026093001,compressed,5000000,5000028,common_encounters,preflop,10230,35,0.003812316715542522,0.14086021505376345,0.7177908113391984
2026093001,compressed,5000000,5000028,common_encounters,river,545,10,0.07706422018348624,0.48256880733944957,0.9834862385321101
2026093001,compressed,5000000,5000028,common_encounters,turn,1658,18,0.06574185765983112,0.36369119420989143,0.9004825090470446
2026093001,compressed,5000000,5000028,common_unique_keys,flop,1620,23,0.03888888888888889,0.2993827160493827,0.841358024691358
2026093001,compressed,5000000,5000028,common_unique_keys,preflop,2495,11,0.0156312625250501,0.42565130260521045,0.9687374749498998
2026093001,compressed,5000000,5000028,common_unique_keys,river,532,10,0.07894736842105263,0.48872180451127817,0.9849624060150376
2026093001,compressed,5000000,5000028,common_unique_keys,turn,1361,13,0.08008817046289493,0.4357090374724467,0.9470977222630419
2026093001,compressed,5000000,5000028,stored_classified_only,flop,15308,3,0.0,0.7574470864907238,0.9795531748105566
2026093001,compressed,5000000,5000028,stored_classified_only,preflop,10888,4,0.0,0.769746509919177,0.992836149889787
2026093001,compressed,5000000,5000028,stored_classified_only,river,85370,2,0.0,0.8791847253133419,0.9986060677052829
2026093001,compressed,5000000,5000028,stored_classified_only,turn,58469,2,0.0,0.8719492380577742,0.9979818365287588
2026093001,compressed,5000000,5000028,stored_unclassified,unclassified,34877,1,0.0,0.9999139834274737,1.0
2026093001,compressed,7000000,7000070,common_encounters,flop,4248,144,0.012711864406779662,0.09839924670433145,0.4282015065913371
2026093001,compressed,7000000,7000070,common_encounters,preflop,10230,47,0.0013685239491691105,0.08328445747800586,0.6893450635386119
2026093001,compressed,7000000,7000070,common_encounters,river,545,15,0.05321100917431193,0.3889908256880734,0.9522935779816514
2026093001,compressed,7000000,7000070,common_encounters,turn,1658,25,0.05126658624849216,0.29493365500603136,0.8401688781664656
2026093001,compressed,7000000,7000070,common_unique_keys,flop,1620,32,0.03271604938271605,0.23703703703703705,0.7765432098765432
2026093001,compressed,7000000,7000070,common_unique_keys,preflop,2495,16,0.0056112224448897794,0.28857715430861725,0.9519038076152304
2026093001,compressed,7000000,7000070,common_unique_keys,river,532,14,0.05451127819548872,0.39473684210526316,0.9530075187969925
2026093001,compressed,7000000,7000070,common_unique_keys,turn,1361,18,0.06245407788390889,0.35635562086700956,0.9052167523879501
2026093001,compressed,7000000,7000070,stored_classified_only,flop,18071,3,0.0,0.7441757512035858,0.9724420341984394
2026093001,compressed,7000000,7000070,stored_classified_only,preflop,12383,5,0.0,0.7149317612856335,0.9903092950012113
2026093001,compressed,7000000,7000070,stored_classified_only,river,108382,2,0.0,0.860530346367478,0.9975641711723349
2026093001,compressed,7000000,7000070,stored_classified_only,turn,73867,2,0.0,0.8564717668241569,0.9965207738232228
2026093001,compressed,7000000,7000070,stored_unclassified,unclassified,25781,1,0.0,1.0,1.0
2026093001,compressed,10000000,10000220,common_encounters,flop,4248,192,0.00800376647834275,0.07203389830508475,0.3608757062146893
2026093001,compressed,10000000,10000220,common_encounters,preflop,10230,67,0.0008797653958944282,0.05053763440860215,0.641544477028348
2026093001,compressed,10000000,10000220,common_encounters,river,545,21,0.04036697247706422,0.30642201834862387,0.8899082568807339
2026093001,compressed,10000000,10000220,common_encounters,turn,1658,35,0.038600723763570564,0.2310012062726176,0.7756332931242461
2026093001,compressed,10000000,10000220,common_unique_keys,flop,1620,44,0.020370370370370372,0.17592592592592593,0.7092592592592593
2026093001,compressed,10000000,10000220,common_unique_keys,preflop,2495,21,0.0036072144288577155,0.1907815631262525,0.9298597194388778
2026093001,compressed,10000000,10000220,common_unique_keys,river,532,21,0.041353383458646614,0.31203007518796994,0.8966165413533834
2026093001,compressed,10000000,10000220,common_unique_keys,turn,1361,26,0.0470242468772961,0.27920646583394565,0.8501102130786187
2026093001,compressed,10000000,10000220,stored_classified_only,flop,21025,3,0.0,0.7308442330558859,0.9653745541022593
2026093001,compressed,10000000,10000220,stored_classified_only,preflop,13424,6,0.0,0.651743146603099,0.9869636471990465
2026093001,compressed,10000000,10000220,stored_classified_only,river,134391,2,0.0,0.8332403211524582,0.9956023840882202
2026093001,compressed,10000000,10000220,stored_classified_only,turn,90176,2,0.0,0.8350448012775018,0.994056068133428
2026093001,compressed,10000000,10000220,stored_unclassified,unclassified,18974,1,0.0,1.0,1.0
2026093002,full,5000000,5000057,common_encounters,flop,4248,102,0.0160075329566855,0.1266478342749529,0.4983521657250471
2026093002,full,5000000,5000057,common_encounters,preflop,10230,36,0.004203323558162268,0.130791788856305,0.7177908113391984
2026093002,full,5000000,5000057,common_encounters,river,545,4,0.1798165137614679,0.708256880733945,0.9926605504587156
2026093002,full,5000000,5000057,common_encounters,turn,1658,11,0.0971049457177322,0.45657418576598313,0.913751507840772
2026093002,full,5000000,5000057,common_unique_keys,flop,1650,23,0.03939393939393939,0.296969696969697,0.8624242424242424
2026093002,full,5000000,5000057,common_unique_keys,preflop,2495,12,0.016833667334669337,0.40160320641282565,0.9687374749498998
2026093002,full,5000000,5000057,common_unique_keys,river,533,4,0.18386491557223264,0.7223264540337712,0.9924953095684803
2026093002,full,5000000,5000057,common_unique_keys,turn,1381,8,0.11585807385952208,0.5380159304851557,0.9666908037653874
2026093002,full,5000000,5000057,stored_classified_only,flop,17910,3,0.0,0.7835287548855389,0.984533780011167
2026093002,full,5000000,5000057,stored_classified_only,preflop,10875,4,0.0,0.7633103448275862,0.9928275862068966
2026093002,full,5000000,5000057,stored_classified_only,river,147860,1,0.0,0.9622548356553496,0.999925605302313
2026093002,full,5000000,5000057,stored_classified_only,turn,79203,2,0.0,0.9260507809047637,0.9992298271530119
2026093002,full,5000000,5000057,stored_unclassified,unclassified,85131,1,0.0,0.9999530135908189,1.0
2026093002,full,7000000,7000011,common_encounters,flop,4248,143,0.012476459510357816,0.09722222222222222,0.4366760828625235
2026093002,full,7000000,7000011,common_encounters,preflop,10230,51,0.0026392961876832845,0.0801564027370479,0.6890518084066471
2026093002,full,7000000,7000011,common_encounters,river,545,5,0.14128440366972478,0.6201834862385321,0.9761467889908257
2026093002,full,7000000,7000011,common_encounters,turn,1658,17,0.07418576598311219,0.38118214716525933,0.8703256936067552
2026093002,full,7000000,7000011,common_unique_keys,flop,1650,32,0.030303030303030304,0.23454545454545456,0.8018181818181818
2026093002,full,7000000,7000011,common_unique_keys,preflop,2495,16,0.010821643286573146,0.27735470941883766,0.9543086172344689
2026093002,full,7000000,7000011,common_unique_keys,river,533,5,0.14446529080675422,0.6322701688555347,0.9774859287054409
2026093002,full,7000000,7000011,common_unique_keys,turn,1381,12,0.08834178131788559,0.4532947139753802,0.9362780593772628
2026093002,full,7000000,7000011,stored_classified_only,flop,21646,3,0.0,0.7751085650928577,0.9800425020789061
2026093002,full,7000000,7000011,stored_classified_only,preflop,12144,5,0.0,0.7019927536231884,0.9906126482213439
2026093002,full,7000000,7000011,stored_classified_only,river,206196,1,0.0,0.9531804690682651,0.9996896157054453
2026093002,full,7000000,7000011,stored_classified_only,turn,104757,2,0.0,0.9148887425183997,0.9986253901887224
2026093002,full,7000000,7000011,stored_unclassified,unclassified,70016,1,0.0,1.0,1.0
2026093002,full,10000000,10000441,common_encounters,flop,4248,200,0.00800376647834275,0.0774482109227872,0.3653483992467043
2026093002,full,10000000,10000441,common_encounters,preflop,10230,69,0.001270772238514174,0.04985337243401759,0.6441837732160313
2026093002,full,10000000,10000441,common_encounters,river,545,8,0.10458715596330276,0.5321100917431193,0.9486238532110092
2026093002,full,10000000,10000441,common_encounters,turn,1658,23,0.061519903498190594,0.3166465621230398,0.8075995174909529
2026093002,full,10000000,10000441,common_unique_keys,flop,1650,44,0.02,0.18727272727272729,0.7224242424242424
2026093002,full,10000000,10000441,common_unique_keys,preflop,2495,21,0.0052104208416833666,0.18677354709418836,0.9306613226452906
2026093002,full,10000000,10000441,common_unique_keys,river,533,8,0.10694183864915573,0.5422138836772983,0.9512195121951219
2026093002,full,10000000,10000441,common_unique_keys,turn,1381,16,0.07385952208544533,0.3787110789283128,0.8870383779869659
2026093002,full,10000000,10000441,stored_classified_only,flop,25535,3,0.0,0.763187781476405,0.973722341883689
2026093002,full,10000000,10000441,stored_classified_only,preflop,13183,6,0.0,0.637715239323371,0.9868770386103315
2026093002,full,10000000,10000441,stored_classified_only,river,275925,1,0.0,0.9411687958684425,0.9994273806287941
2026093002,full,10000000,10000441,stored_classified_only,turn,134705,2,0.0,0.900530789502988,0.9976912512527375
2026093002,full,10000000,10000441,stored_unclassified,unclassified,57053,1,0.0,1.0,1.0
2026093002,compressed,5000000,5000104,common_encounters,flop,4248,106,0.013653483992467044,0.12358757062146893,0.4929378531073446
2026093002,compressed,5000000,5000104,common_encounters,preflop,10230,35,0.005669599217986315,0.14037145650048877,0.7177908113391984
2026093002,compressed,5000000,5000104,common_encounters,river,545,11,0.06972477064220184,0.48256880733944957,0.9779816513761468
2026093002,compressed,5000000,5000104,common_encounters,turn,1658,18,0.0548854041013269,0.34499396863691195,0.8956574185765983
2026093002,compressed,5000000,5000104,common_unique_keys,flop,1620,24,0.03518518518518519,0.29814814814814816,0.8444444444444444
2026093002,compressed,5000000,5000104,common_unique_keys,preflop,2495,11,0.022044088176352707,0.432064128256513,0.9687374749498998
2026093002,compressed,5000000,5000104,common_unique_keys,river,532,11,0.07142857142857142,0.4868421052631579,0.9793233082706767
2026093002,compressed,5000000,5000104,common_unique_keys,turn,1361,13,0.0668626010286554,0.41587068332108745,0.9485672299779574
2026093002,compressed,5000000,5000104,stored_classified_only,flop,15052,3,0.0,0.755647090087696,0.97933829391443
2026093002,compressed,5000000,5000104,stored_classified_only,preflop,10625,4,0.0,0.7752470588235294,0.9926588235294118
2026093002,compressed,5000000,5000104,stored_classified_only,river,85781,2,0.0,0.879157389165433,0.9985894312260291
2026093002,compressed,5000000,5000104,stored_classified_only,turn,57773,2,0.0,0.8695930625032454,0.997801741297838
2026093002,compressed,5000000,5000104,stored_unclassified,unclassified,34606,1,0.0,0.9995376524302144,1.0
2026093002,compressed,7000000,7000030,common_encounters,flop,4248,142,0.01012241054613936,0.09722222222222222,0.4239642184557439
2026093002,compressed,7000000,7000030,common_encounters,preflop,10230,48,0.0033235581622678397,0.0863147605083089,0.7032258064516129
2026093002,compressed,7000000,7000030,common_encounters,river,545,15,0.05321100917431193,0.4036697247706422,0.9504587155963303
2026093002,compressed,7000000,7000030,common_encounters,turn,1658,25,0.0428226779252111,0.2913148371531966,0.8311218335343787
2026093002,compressed,7000000,7000030,common_unique_keys,flop,1620,31,0.025925925925925925,0.23950617283950618,0.7876543209876543
2026093002,compressed,7000000,7000030,common_unique_keys,preflop,2495,15,0.013226452905811623,0.29899799599198396,0.9627254509018036
2026093002,compressed,7000000,7000030,common_unique_keys,river,532,15,0.05451127819548872,0.40601503759398494,0.9511278195488722
2026093002,compressed,7000000,7000030,common_unique_keys,turn,1361,18,0.05216752387950037,0.35341660543717857,0.9015429831006613
2026093002,compressed,7000000,7000030,stored_classified_only,flop,17846,3,0.0,0.7436400313795809,0.9732152863386754
2026093002,compressed,7000000,7000030,stored_classified_only,preflop,12046,5,0.0,0.7192429022082019,0.9922795948862693
2026093002,compressed,7000000,7000030,stored_classified_only,river,109396,2,0.0,0.8589619364510586,0.9973490804051336
2026093002,compressed,7000000,7000030,stored_classified_only,turn,72657,2,0.0,0.8545494584141927,0.9960774598455758
2026093002,compressed,7000000,7000030,stored_unclassified,unclassified,25624,1,0.0,0.9997658445207618,1.0
2026093002,compressed,10000000,10000093,common_encounters,flop,4248,196,0.007062146892655367,0.0743879472693032,0.3589924670433145
2026093002,compressed,10000000,10000093,common_encounters,preflop,10230,66,0.0020527859237536657,0.054349951124144674,0.6447702834799609
2026093002,compressed,10000000,10000093,common_encounters,river,545,21,0.03669724770642202,0.29357798165137616,0.8935779816513761
2026093002,compressed,10000000,10000093,common_encounters,turn,1658,36,0.030156815440289506,0.2388419782870929,0.7653799758745476
2026093002,compressed,10000000,10000093,common_unique_keys,flop,1620,44,0.018518518518518517,0.1845679012345679,0.717283950617284
2026093002,compressed,10000000,10000093,common_unique_keys,preflop,2495,21,0.008416833667334669,0.20801603206412825,0.931062124248497
2026093002,compressed,10000000,10000093,common_unique_keys,river,532,20,0.03759398496240601,0.29887218045112784,0.900375939849624
2026093002,compressed,10000000,10000093,common_unique_keys,turn,1361,24,0.036737692872887584,0.29022777369581193,0.8420279206465834
2026093002,compressed,10000000,10000093,stored_classified_only,flop,20696,3,0.0,0.7271453420950909,0.966273676072671
2026093002,compressed,10000000,10000093,stored_classified_only,preflop,13068,6,0.0,0.6606978879706152,0.9868380777471687
2026093002,compressed,10000000,10000093,stored_classified_only,river,134497,2,0.0,0.8312527416968408,0.9951894837803074
2026093002,compressed,10000000,10000093,stored_classified_only,turn,89182,2,0.0,0.8354712834428472,0.9936534278217578
2026093002,compressed,10000000,10000093,stored_unclassified,unclassified,18775,1,0.0,0.9998934753661785,1.0
2026093003,full,5000000,5000190,common_encounters,flop,4248,96,0.014595103578154425,0.12994350282485875,0.51530131826742
2026093003,full,5000000,5000190,common_encounters,preflop,10230,35,0.004105571847507331,0.14193548387096774,0.7177908113391984
2026093003,full,5000000,5000190,common_encounters,river,545,4,0.1944954128440367,0.6935779816513762,0.9834862385321101
2026093003,full,5000000,5000190,common_encounters,turn,1658,11,0.09891435464414958,0.4620024125452352,0.9071170084439083
2026093003,full,5000000,5000190,common_unique_keys,flop,1650,22,0.037575757575757575,0.3103030303030303,0.8690909090909091
2026093003,full,5000000,5000190,common_unique_keys,preflop,2495,11,0.01603206412825651,0.4316633266533066,0.9687374749498998
2026093003,full,5000000,5000190,common_unique_keys,river,533,4,0.19887429643527205,0.7054409005628518,0.9849906191369606
2026093003,full,5000000,5000190,common_unique_keys,turn,1381,8,0.11803041274438812,0.5423606082548877,0.9637943519188994
2026093003,full,5000000,5000190,stored_classified_only,flop,18526,3,0.0,0.7929936305732485,0.9858577134837526
2026093003,full,5000000,5000190,stored_classified_only,preflop,10897,4,0.0,0.7703037533266036,0.9928420666238414
2026093003,full,5000000,5000190,stored_classified_only,river,148559,1,0.0,0.962217031617068,0.99984517935635
2026093003,full,5000000,5000190,stored_classified_only,turn,79974,2,0.0,0.9260384625003126,0.9991997399154725
2026093003,full,5000000,5000190,stored_unclassified,unclassified,85078,1,0.0,0.9998942147206094,1.0
2026093003,full,7000000,7000090,common_encounters,flop,4248,135,0.01059322033898305,0.1038135593220339,0.4439736346516008
2026093003,full,7000000,7000090,common_encounters,preflop,10230,50,0.0022482893450635386,0.08543499511241447,0.6958944281524927
2026093003,full,7000000,7000090,common_encounters,river,545,6,0.1577981651376147,0.6018348623853211,0.9669724770642202
2026093003,full,7000000,7000090,common_encounters,turn,1658,16,0.08021712907117008,0.3866103739445115,0.8624849215922799
2026093003,full,7000000,7000090,common_unique_keys,flop,1650,30,0.02727272727272727,0.2509090909090909,0.8096969696969697
2026093003,full,7000000,7000090,common_unique_keys,preflop,2495,15,0.008817635270541082,0.29819639278557114,0.9547094188376753
2026093003,full,7000000,7000090,common_unique_keys,river,533,6,0.16135084427767354,0.6135084427767354,0.9681050656660413
2026093003,full,7000000,7000090,common_unique_keys,turn,1381,11,0.09558291093410572,0.45981173062997827,0.9312092686459088
2026093003,full,7000000,7000090,stored_classified_only,flop,22010,3,0.0,0.7808723307587461,0.9815084052703317
2026093003,full,7000000,7000090,stored_classified_only,preflop,12186,5,0.0,0.7154111275233875,0.9907270638437551
2026093003,full,7000000,7000090,stored_classified_only,river,206443,1,0.0,0.9521272215575244,0.9997045189228988
2026093003,full,7000000,7000090,stored_classified_only,turn,105595,2,0.0,0.9155831242009564,0.9987025900847578
2026093003,full,7000000,7000090,stored_unclassified,unclassified,70008,1,0.0,0.9999000114272655,1.0
2026093003,full,10000000,10000367,common_encounters,flop,4248,192,0.008709981167608287,0.08027306967984935,0.375
2026093003,full,10000000,10000367,common_encounters,preflop,10230,70,0.0007820136852394917,0.05180840664711633,0.6416422287390029
2026093003,full,10000000,10000367,common_encounters,river,545,9,0.11743119266055047,0.5119266055045871,0.9412844036697248
2026093003,full,10000000,10000367,common_encounters,turn,1658,22,0.05850422195416164,0.31544028950542824,0.8166465621230398
2026093003,full,10000000,10000367,common_unique_keys,flop,1650,41,0.022424242424242423,0.19575757575757577,0.7357575757575757
2026093003,full,10000000,10000367,common_unique_keys,preflop,2495,21,0.0032064128256513026,0.20040080160320642,0.9294589178356714
2026093003,full,10000000,10000367,common_unique_keys,river,533,8,0.1200750469043152,0.5215759849906192,0.9474671669793621
2026093003,full,10000000,10000367,common_unique_keys,turn,1381,16,0.07023895727733527,0.3772628530050688,0.8921071687183201
2026093003,full,10000000,10000367,stored_classified_only,flop,25544,3,0.0,0.7638192922016912,0.9751409332915754
2026093003,full,10000000,10000367,stored_classified_only,preflop,13286,6,0.0,0.6553514978172512,0.986752973054343
2026093003,full,10000000,10000367,stored_classified_only,river,274075,1,0.0,0.9401477697710481,0.999416218188452
2026093003,full,10000000,10000367,stored_classified_only,turn,134602,2,0.0,0.8998603289698519,0.9978752173073209
2026093003,full,10000000,10000367,stored_unclassified,unclassified,57763,1,0.0,0.9999826878797846,1.0
2026093003,compressed,5000000,5000034,common_encounters,flop,4248,98,0.013418079096045197,0.12382297551789077,0.5009416195856874
2026093003,compressed,5000000,5000034,common_encounters,preflop,10230,35,0.005376344086021506,0.13196480938416422,0.7177908113391984
2026093003,compressed,5000000,5000034,common_encounters,river,545,11,0.044036697247706424,0.46238532110091746,0.9743119266055046
2026093003,compressed,5000000,5000034,common_encounters,turn,1658,18,0.06272617611580217,0.353437876960193,0.8980699638118215
2026093003,compressed,5000000,5000034,common_unique_keys,flop,1620,24,0.03518518518518519,0.2932098765432099,0.8419753086419753
2026093003,compressed,5000000,5000034,common_unique_keys,preflop,2495,12,0.022044088176352707,0.4028056112224449,0.9687374749498998
2026093003,compressed,5000000,5000034,common_unique_keys,river,532,11,0.045112781954887216,0.4680451127819549,0.9755639097744361
2026093003,compressed,5000000,5000034,common_unique_keys,turn,1361,13,0.07641440117560618,0.4239529757531227,0.9507714915503307
2026093003,compressed,5000000,5000034,stored_classified_only,flop,15308,3,0.0,0.7561405800888424,0.9794878494904625
2026093003,compressed,5000000,5000034,stored_classified_only,preflop,10979,4,0.0,0.7648237544402952,0.9928955278258493
2026093003,compressed,5000000,5000034,stored_classified_only,river,86768,2,0.0,0.8803591185690577,0.9986515766181081
2026093003,compressed,5000000,5000034,stored_classified_only,turn,58383,2,0.0,0.8735076991590017,0.9980473768048919
2026093003,compressed,5000000,5000034,stored_unclassified,unclassified,34668,1,0.0,0.9996250144225222,1.0
2026093003,compressed,7000000,7000504,common_encounters,flop,4248,137,0.009651600753295669,0.09180790960451977,0.4322033898305085
2026093003,compressed,7000000,7000504,common_encounters,preflop,10230,49,0.0024437927663734115,0.0801564027370479,0.6759530791788856
2026093003,compressed,7000000,7000504,common_encounters,river,545,15,0.027522935779816515,0.3651376146788991,0.9486238532110092
2026093003,compressed,7000000,7000504,common_encounters,turn,1658,25,0.05006031363088058,0.2852834740651387,0.8395657418576599
2026093003,compressed,7000000,7000504,common_unique_keys,flop,1620,33,0.025308641975308643,0.2234567901234568,0.7777777777777778
2026093003,compressed,7000000,7000504,common_unique_keys,preflop,2495,16,0.01002004008016032,0.28256513026052105,0.9430861723446894
2026093003,compressed,7000000,7000504,common_unique_keys,river,532,15,0.02819548872180451,0.37030075187969924,0.9492481203007519
2026093003,compressed,7000000,7000504,common_unique_keys,turn,1361,18,0.06098457016899339,0.34459955914768553,0.9110947832476121
2026093003,compressed,7000000,7000504,stored_classified_only,flop,18302,3,0.0,0.743306742432521,0.9735548027537974
2026093003,compressed,7000000,7000504,stored_classified_only,preflop,12149,5,0.0,0.701621532636431,0.9883117952094823
2026093003,compressed,7000000,7000504,stored_classified_only,river,109613,2,0.0,0.8610931185169642,0.9976188955689562
2026093003,compressed,7000000,7000504,stored_classified_only,turn,73705,2,0.0,0.8566854351807883,0.996458856251272
2026093003,compressed,7000000,7000504,stored_unclassified,unclassified,25608,1,0.0,0.9998828491096532,1.0
2026093003,compressed,10000000,10000096,common_encounters,flop,4248,190,0.007062146892655367,0.06897363465160075,0.3606403013182674
2026093003,compressed,10000000,10000096,common_encounters,preflop,10230,67,0.001270772238514174,0.05043988269794721,0.6427174975562072
2026093003,compressed,10000000,10000096,common_encounters,river,545,21,0.01834862385321101,0.28073394495412846,0.8862385321100917
2026093003,compressed,10000000,10000096,common_encounters,turn,1658,36,0.03739445114595899,0.22617611580217128,0.7726176115802171
2026093003,compressed,10000000,10000096,common_unique_keys,flop,1620,44,0.018518518518518517,0.16913580246913582,0.7061728395061728
2026093003,compressed,10000000,10000096,common_unique_keys,preflop,2495,21,0.0052104208416833666,0.19238476953907815,0.9298597194388778
2026093003,compressed,10000000,10000096,common_unique_keys,river,532,21,0.018796992481203006,0.287593984962406,0.8928571428571429
2026093003,compressed,10000000,10000096,common_unique_keys,turn,1361,26,0.045554739162380606,0.2747979426891991,0.8471711976487877
2026093003,compressed,10000000,10000096,stored_classified_only,flop,20824,3,0.0,0.7262293507491356,0.9657606607760276
2026093003,compressed,10000000,10000096,stored_classified_only,preflop,13136,6,0.0,0.6415956151035322,0.9866778319123021
2026093003,compressed,10000000,10000096,stored_classified_only,river,134645,2,0.0,0.8335029150729697,0.9954324334360727
2026093003,compressed,10000000,10000096,stored_classified_only,turn,89154,2,0.0,0.8364403167552774,0.9940103640891043
2026093003,compressed,10000000,10000096,stored_unclassified,unclassified,19102,1,0.0,0.9999476494607894,1.0
