seed,cell,total_target,reference_2m_policy,street,count,median,fraction_zero,fraction_lt10,fraction_lt100
2026093001,full,5000000,compressed,flop,550,95,0.014545454545454545,0.11818181818181818,0.5018181818181818
2026093001,full,5000000,compressed,preflop,1249,35,0.0016012810248198558,0.11529223378702963,0.7029623698959168
2026093001,full,5000000,compressed,river,52,3,0.21153846153846154,0.5961538461538461,0.9038461538461539
2026093001,full,5000000,compressed,turn,201,10,0.07960199004975124,0.4975124378109453,0.8905472636815921
2026093001,full,5000000,full,flop,521,86,0.013435700575815739,0.1324376199616123,0.5220729366602687
2026093001,full,5000000,full,preflop,1263,35,0.004750593824228029,0.11163895486935867,0.7062549485352335
2026093001,full,5000000,full,river,68,6,0.10294117647058823,0.6470588235294118,0.9558823529411765
2026093001,full,5000000,full,turn,218,15,0.05963302752293578,0.4036697247706422,0.908256880733945
2026093001,full,7000000,compressed,flop,550,127,0.014545454545454545,0.10181818181818182,0.4490909090909091
2026093001,full,7000000,compressed,preflop,1249,49,0.0,0.0656525220176141,0.6821457165732586
2026093001,full,7000000,compressed,river,52,5,0.15384615384615385,0.5769230769230769,0.9038461538461539
2026093001,full,7000000,compressed,turn,201,13,0.06467661691542288,0.4079601990049751,0.8507462686567164
2026093001,full,7000000,full,flop,521,131,0.005758157389635317,0.1036468330134357,0.46065259117082535
2026093001,full,7000000,full,preflop,1263,48,0.003167062549485352,0.06413301662707839,0.6761678543151227
2026093001,full,7000000,full,river,68,7,0.07352941176470588,0.5294117647058824,0.9558823529411765
2026093001,full,7000000,full,turn,218,20,0.05045871559633028,0.3440366972477064,0.8715596330275229
2026093001,full,10000000,compressed,flop,550,182,0.007272727272727273,0.08181818181818182,0.39454545454545453
2026093001,full,10000000,compressed,preflop,1249,69,0.0,0.04243394715772618,0.6317053642914331
2026093001,full,10000000,compressed,river,52,6,0.09615384615384616,0.5192307692307693,0.8461538461538461
2026093001,full,10000000,compressed,turn,201,18,0.04975124378109453,0.3383084577114428,0.8059701492537313
2026093001,full,10000000,full,flop,521,182,0.005758157389635317,0.08829174664107485,0.4049904030710173
2026093001,full,10000000,full,preflop,1263,68,0.0023752969121140144,0.0395882818685669,0.6326207442596992
2026093001,full,10000000,full,river,68,11,0.04411764705882353,0.45588235294117646,0.9117647058823529
2026093001,full,10000000,full,turn,218,26,0.027522935779816515,0.2798165137614679,0.7981651376146789
2026093001,compressed,5000000,compressed,flop,550,102,0.016363636363636365,0.09818181818181818,0.49454545454545457
2026093001,compressed,5000000,compressed,preflop,1249,36,0.0032025620496397116,0.11689351481184948,0.7029623698959168
2026093001,compressed,5000000,compressed,river,52,7,0.09615384615384616,0.5192307692307693,0.9423076923076923
2026093001,compressed,5000000,compressed,turn,201,17,0.06467661691542288,0.38308457711442784,0.8557213930348259
2026093001,compressed,5000000,full,flop,521,102,0.009596928982725527,0.1362763915547025,0.4952015355086372
2026093001,compressed,5000000,full,preflop,1263,36,0.004750593824228029,0.110055423594616,0.7062549485352335
2026093001,compressed,5000000,full,river,68,9,0.04411764705882353,0.5147058823529411,0.9558823529411765
2026093001,compressed,5000000,full,turn,218,19,0.05963302752293578,0.3211009174311927,0.8623853211009175
2026093001,compressed,7000000,compressed,flop,550,139,0.014545454545454545,0.08545454545454545,0.4254545454545455
2026093001,compressed,7000000,compressed,preflop,1249,48,0.0,0.06965572457966374,0.6741393114491593
2026093001,compressed,7000000,compressed,river,52,9,0.09615384615384616,0.5,0.9230769230769231
2026093001,compressed,7000000,compressed,turn,201,22,0.05472636815920398,0.3034825870646766,0.8208955223880597
2026093001,compressed,7000000,full,flop,521,142,0.005758157389635317,0.09404990403071017,0.43761996161228406
2026093001,compressed,7000000,full,preflop,1263,48,0.0,0.0665083135391924,0.6690419635787807
2026093001,compressed,7000000,full,river,68,12,0.04411764705882353,0.38235294117647056,0.8970588235294118
2026093001,compressed,7000000,full,turn,218,26,0.04128440366972477,0.26605504587155965,0.7981651376146789
2026093001,compressed,10000000,compressed,flop,550,189,0.01090909090909091,0.06727272727272728,0.3509090909090909
2026093001,compressed,10000000,compressed,preflop,1249,69,0.0,0.03843074459567654,0.6317053642914331
2026093001,compressed,10000000,compressed,river,52,17,0.09615384615384616,0.36538461538461536,0.8461538461538461
2026093001,compressed,10000000,compressed,turn,201,32,0.05472636815920398,0.24875621890547264,0.7562189054726368
2026093001,compressed,10000000,full,flop,521,189,0.003838771593090211,0.07869481765834933,0.3685220729366603
2026093001,compressed,10000000,full,preflop,1263,69,0.0,0.03642121931908155,0.6326207442596992
2026093001,compressed,10000000,full,river,68,21,0.014705882352941176,0.3088235294117647,0.8088235294117647
2026093001,compressed,10000000,full,turn,218,37,0.03211009174311927,0.2018348623853211,0.7431192660550459
2026093002,full,5000000,compressed,flop,591,79,0.025380710659898477,0.15397631133671744,0.5634517766497462
2026093002,full,5000000,compressed,preflop,1290,36,0.005426356589147287,0.12790697674418605,0.734108527131783
2026093002,full,5000000,compressed,river,74,6,0.13513513513513514,0.581081081081081,0.972972972972973
2026093002,full,5000000,compressed,turn,208,12,0.09615384615384616,0.4519230769230769,0.8798076923076923
2026093002,full,5000000,full,flop,564,95,0.015957446808510637,0.13120567375886524,0.5106382978723404
2026093002,full,5000000,full,preflop,1294,37,0.00463678516228748,0.13446676970633695,0.7349304482225657
2026093002,full,5000000,full,river,64,7,0.171875,0.578125,0.984375
2026093002,full,5000000,full,turn,225,13,0.08,0.39111111111111113,0.8977777777777778
2026093002,full,7000000,compressed,flop,591,112,0.023688663282571912,0.11505922165820642,0.4703891708967851
2026093002,full,7000000,compressed,preflop,1290,51,0.003875968992248062,0.07984496124031008,0.703875968992248
2026093002,full,7000000,compressed,river,74,9,0.12162162162162163,0.5,0.9459459459459459
2026093002,full,7000000,compressed,turn,208,18,0.07211538461538461,0.38461538461538464,0.8413461538461539
2026093002,full,7000000,full,flop,564,135,0.010638297872340425,0.11170212765957446,0.43617021276595747
2026093002,full,7000000,full,preflop,1294,52,0.0030911901081916537,0.07650695517774343,0.6939721792890263
2026093002,full,7000000,full,river,64,9,0.109375,0.5,0.953125
2026093002,full,7000000,full,turn,225,17,0.057777777777777775,0.32,0.8488888888888889
2026093002,full,10000000,compressed,flop,591,156,0.015228426395939087,0.09137055837563451,0.3976311336717428
2026093002,full,10000000,compressed,preflop,1290,69,0.0015503875968992248,0.04806201550387597,0.6596899224806202
2026093002,full,10000000,compressed,river,74,15,0.06756756756756757,0.36486486486486486,0.9324324324324325
2026093002,full,10000000,compressed,turn,208,27,0.0625,0.34134615384615385,0.7788461538461539
2026093002,full,10000000,full,flop,564,185,0.0070921985815602835,0.09219858156028368,0.3882978723404255
2026093002,full,10000000,full,preflop,1294,70,0.0015455950540958269,0.04636785162287481,0.6491499227202473
2026093002,full,10000000,full,river,64,13,0.09375,0.390625,0.875
2026093002,full,10000000,full,turn,225,25,0.04888888888888889,0.28,0.7822222222222223
2026093002,compressed,5000000,compressed,flop,591,89,0.015228426395939087,0.1319796954314721,0.5363790186125211
2026093002,compressed,5000000,compressed,preflop,1290,35,0.003875968992248062,0.1387596899224806,0.734108527131783
2026093002,compressed,5000000,compressed,river,74,13,0.02702702702702703,0.40540540540540543,0.9324324324324325
2026093002,compressed,5000000,compressed,turn,208,20,0.04807692307692308,0.35096153846153844,0.875
2026093002,compressed,5000000,full,flop,564,106,0.02127659574468085,0.13120567375886524,0.48936170212765956
2026093002,compressed,5000000,full,preflop,1294,35,0.0015455950540958269,0.1375579598145286,0.7349304482225657
2026093002,compressed,5000000,full,river,64,12,0.03125,0.421875,0.9375
2026093002,compressed,5000000,full,turn,225,19,0.04888888888888889,0.3688888888888889,0.9022222222222223
2026093002,compressed,7000000,compressed,flop,591,123,0.01353637901861252,0.10998307952622674,0.4619289340101523
2026093002,compressed,7000000,compressed,preflop,1290,48,0.0015503875968992248,0.07751937984496124,0.7186046511627907
2026093002,compressed,7000000,compressed,river,74,19,0.013513513513513514,0.3108108108108108,0.9054054054054054
2026093002,compressed,7000000,compressed,turn,208,28,0.04326923076923077,0.2932692307692308,0.8221153846153846
2026093002,compressed,7000000,full,flop,564,145,0.015957446808510637,0.10460992907801418,0.41843971631205673
2026093002,compressed,7000000,full,preflop,1294,49,0.0015455950540958269,0.08191653786707882,0.7163833075734157
2026093002,compressed,7000000,full,river,64,16,0.015625,0.3125,0.921875
2026093002,compressed,7000000,full,turn,225,24,0.03111111111111111,0.30666666666666664,0.8355555555555556
2026093002,compressed,10000000,compressed,flop,591,158,0.01353637901861252,0.09644670050761421,0.3942470389170897
2026093002,compressed,10000000,compressed,preflop,1290,65,0.0007751937984496124,0.044186046511627906,0.6596899224806202
2026093002,compressed,10000000,compressed,river,74,29,0.013513513513513514,0.21621621621621623,0.8648648648648649
2026093002,compressed,10000000,compressed,turn,208,41,0.038461538461538464,0.23557692307692307,0.75
2026093002,compressed,10000000,full,flop,564,194,0.008865248226950355,0.09042553191489362,0.3546099290780142
2026093002,compressed,10000000,full,preflop,1294,67,0.0007727975270479134,0.04791344667697063,0.6491499227202473
2026093002,compressed,10000000,full,river,64,30,0.015625,0.171875,0.875
2026093002,compressed,10000000,full,turn,225,33,0.017777777777777778,0.23555555555555555,0.7555555555555555
2026093003,full,5000000,compressed,flop,469,99,0.021321961620469083,0.12366737739872068,0.5053304904051172
2026093003,full,5000000,compressed,preflop,1297,34,0.0038550501156515036,0.15111796453353893,0.733230531996916
2026093003,full,5000000,compressed,river,53,6,0.11320754716981132,0.5660377358490566,0.9811320754716981
2026093003,full,5000000,compressed,turn,174,15,0.10344827586206896,0.43103448275862066,0.8908045977011494
2026093003,full,5000000,full,flop,553,95,0.018083182640144666,0.12658227848101267,0.5207956600361664
2026093003,full,5000000,full,preflop,1293,34,0.006187161639597835,0.139984532095901,0.7324052590873936
2026093003,full,5000000,full,river,71,7,0.18309859154929578,0.5211267605633803,0.9859154929577465
2026093003,full,5000000,full,turn,186,13,0.10752688172043011,0.46774193548387094,0.9086021505376344
2026093003,full,7000000,compressed,flop,469,140,0.017057569296375266,0.1044776119402985,0.4157782515991471
2026093003,full,7000000,compressed,preflop,1297,48,0.002313030069390902,0.09560524286815729,0.7039321511179646
2026093003,full,7000000,compressed,river,53,9,0.07547169811320754,0.5094339622641509,0.9245283018867925
2026093003,full,7000000,compressed,turn,174,18,0.09770114942528736,0.3620689655172414,0.8505747126436781
2026093003,full,7000000,full,flop,553,136,0.0108499095840868,0.09945750452079566,0.4358047016274864
2026093003,full,7000000,full,preflop,1293,48,0.0038669760247486465,0.08816705336426914,0.7045630317092034
2026093003,full,7000000,full,river,71,8,0.14084507042253522,0.5070422535211268,0.9577464788732394
2026093003,full,7000000,full,turn,186,21,0.08064516129032258,0.3870967741935484,0.8655913978494624
2026093003,full,10000000,compressed,flop,469,204,0.01279317697228145,0.08742004264392324,0.35394456289978676
2026093003,full,10000000,compressed,preflop,1297,69,0.0015420200462606013,0.059367771781033155,0.6391673091750193
2026093003,full,10000000,compressed,river,53,12,0.07547169811320754,0.4528301886792453,0.8113207547169812
2026093003,full,10000000,compressed,turn,174,26,0.06896551724137931,0.27586206896551724,0.7988505747126436
2026093003,full,10000000,full,flop,553,189,0.007233273056057866,0.07233273056057866,0.36347197106690776
2026093003,full,10000000,full,preflop,1293,69,0.0007733952049497294,0.060324825986078884,0.6395978344934261
2026093003,full,10000000,full,river,71,12,0.14084507042253522,0.4507042253521127,0.9014084507042254
2026093003,full,10000000,full,turn,186,26,0.06451612903225806,0.3172043010752688,0.8225806451612904
2026093003,compressed,5000000,compressed,flop,469,100,0.02771855010660981,0.1257995735607676,0.4989339019189765
2026093003,compressed,5000000,compressed,preflop,1297,35,0.008481110254433308,0.13569776407093292,0.733230531996916
2026093003,compressed,5000000,compressed,river,53,10,0.05660377358490566,0.4716981132075472,0.9433962264150944
2026093003,compressed,5000000,compressed,turn,174,18,0.06896551724137931,0.3333333333333333,0.8563218390804598
2026093003,compressed,5000000,full,flop,553,103,0.02531645569620253,0.12115732368896925,0.4918625678119349
2026093003,compressed,5000000,full,preflop,1293,34,0.005413766434648105,0.12451662799690642,0.7324052590873936
2026093003,compressed,5000000,full,river,71,10,0.15492957746478872,0.4507042253521127,0.971830985915493
2026093003,compressed,5000000,full,turn,186,16,0.06989247311827956,0.3978494623655914,0.9086021505376344
2026093003,compressed,7000000,compressed,flop,469,141,0.014925373134328358,0.1044776119402985,0.4136460554371002
2026093003,compressed,7000000,compressed,preflop,1297,49,0.0015420200462606013,0.08172706245181187,0.6915959907478797
2026093003,compressed,7000000,compressed,river,53,15,0.03773584905660377,0.39622641509433965,0.9056603773584906
2026093003,compressed,7000000,compressed,turn,174,27,0.05747126436781609,0.28160919540229884,0.8045977011494253
2026093003,compressed,7000000,full,flop,553,140,0.014466546112115732,0.0922242314647378,0.4213381555153707
2026093003,compressed,7000000,full,preflop,1293,49,0.0015467904098994587,0.08120649651972157,0.6867749419953596
2026093003,compressed,7000000,full,river,71,15,0.14084507042253522,0.39436619718309857,0.9295774647887324
2026093003,compressed,7000000,full,turn,186,22,0.053763440860215055,0.3010752688172043,0.8440860215053764
2026093003,compressed,10000000,compressed,flop,469,189,0.014925373134328358,0.0767590618336887,0.3304904051172708
2026093003,compressed,10000000,compressed,preflop,1297,66,0.0007710100231303007,0.06090979182729375,0.6422513492675405
2026093003,compressed,10000000,compressed,river,53,18,0.03773584905660377,0.37735849056603776,0.8490566037735849
2026093003,compressed,10000000,compressed,turn,174,35,0.04597701149425287,0.22988505747126436,0.7586206896551724
2026093003,compressed,10000000,full,flop,553,193,0.012658227848101266,0.0759493670886076,0.352622061482821
2026093003,compressed,10000000,full,preflop,1293,66,0.0007733952049497294,0.05259087393658159,0.642691415313225
2026093003,compressed,10000000,full,river,71,22,0.11267605633802817,0.30985915492957744,0.8309859154929577
2026093003,compressed,10000000,full,turn,186,29,0.03763440860215054,0.25268817204301075,0.7956989247311828
