seed,requested_nodes,nodes,entries,step_nodes_per_second,peak_rss_bytes,checkpoint_bytes,save_seconds
2026093001,250000,250459,46355,15004.730364614803,113262592,2086779,0.526391124993097
2026093001,500000,500028,89639,15142.345841118058,153616384,4026523,0.954321124998387
2026093001,1000000,1000374,172441,15340.555603550316,233390080,7729925,1.7945848749950528
2026093001,2000000,2000127,326747,15097.884714139047,380092416,14522341,3.3923420420032926
2026093002,250000,250388,46075,15429.988417878956,113311744,2052780,0.49665166600607336
2026093002,500000,500420,89099,15326.045712936453,155860992,3971000,0.9317314590443857
2026093002,1000000,1000044,170954,15353.58551854781,234487808,7593455,1.7535282080061734
2026093002,2000000,2000130,324563,15359.45332462369,375767040,14370368,3.4133581669884734
2026093003,250000,250179,46078,15793.91068017171,113311744,2083323,0.4970179999945685
2026093003,500000,500164,89357,15681.151265885037,156041216,4011420,0.9355832080473192
2026093003,1000000,1000074,171593,15654.394654783777,235929600,7661569,1.7429815839859657
2026093003,2000000,2000250,324792,15602.010546167132,383614976,14397123,3.3515903330408037
