target,opponent,street,dimension,value,decisions,win_hand_decisions,loss_hand_decisions,tie_hand_decisions,mean_final_net_bb_per_decision
20000000,check_call,flop,lookup,missing-key,7,5,2,0,10.428571428571429
20000000,check_call,flop,lookup,positive-mass,3493,1713,1658,122,1.1385628399656456
20000000,check_call,flop,lookup,zero-mass,2,2,0,0,9.5
20000000,check_call,flop,state,positive-mass-visited,3478,1701,1655,122,1.0882691201840138
20000000,check_call,flop,state,stored-zero-mass-visited,2,2,0,0,9.5
20000000,check_call,flop,state,stored-zero-visits,15,12,3,0,12.8
20000000,check_call,flop,state,supported-absent,7,5,2,0,10.428571428571429
20000000,check_call,flop,support,stored-training-witness,3495,1715,1658,122,1.1433476394849786
20000000,check_call,flop,support,supported-observed-menu-path,7,5,2,0,10.428571428571429
20000000,check_call,flop,visits,0,15,12,3,0,12.8
20000000,check_call,flop,visits,1,12,9,3,0,2.25
20000000,check_call,flop,visits,10-99,1087,544,496,47,0.7792088316467342
20000000,check_call,flop,visits,100+,2143,973,1106,64,0.621091927204853
20000000,check_call,flop,visits,2-9,238,177,50,11,6.718487394957983
20000000,check_call,flop,visits,missing,7,5,2,0,10.428571428571429
20000000,check_call,preflop,lookup,positive-mass,4096,1720,2254,122,0.9208984375
20000000,check_call,preflop,state,positive-mass-visited,4096,1720,2254,122,0.9208984375
20000000,check_call,preflop,support,stored-training-witness,4096,1720,2254,122,0.9208984375
20000000,check_call,preflop,visits,10-99,3546,1470,1976,100,0.8340383530738861
20000000,check_call,preflop,visits,100+,90,19,68,3,-1.0611111111111111
20000000,check_call,preflop,visits,2-9,460,231,210,19,1.9782608695652173
20000000,check_call,river,lookup,missing-key,23,19,3,1,13.826086956521738
20000000,check_call,river,lookup,positive-mass,3477,1700,1656,121,1.0819672131147542
20000000,check_call,river,lookup,zero-mass,2,1,1,0,-5.5
20000000,check_call,river,state,positive-mass-visited,2975,1380,1491,104,0.5616806722689076
20000000,check_call,river,state,stored-zero-mass-visited,2,1,1,0,-5.5
20000000,check_call,river,state,stored-zero-visits,502,320,165,17,4.165338645418327
20000000,check_call,river,state,supported-absent,23,19,3,1,13.826086956521738
20000000,check_call,river,support,stored-training-witness,3479,1701,1657,121,1.0781833860304686
20000000,check_call,river,support,supported-observed-menu-path,23,19,3,1,13.826086956521738
20000000,check_call,river,visits,0,502,320,165,17,4.165338645418327
20000000,check_call,river,visits,1,296,182,107,7,4.1824324324324325
20000000,check_call,river,visits,10-99,1586,589,948,49,-1.199873896595208
20000000,check_call,river,visits,2-9,1095,610,437,48,2.1232876712328768
20000000,check_call,river,visits,missing,23,19,3,1,13.826086956521738
20000000,check_call,turn,lookup,missing-key,29,22,7,0,7.655172413793103
20000000,check_call,turn,lookup,positive-mass,3465,1692,1652,121,1.0992784992784992
20000000,check_call,turn,lookup,zero-mass,8,6,1,1,4.75
20000000,check_call,turn,state,positive-mass-visited,3293,1569,1608,116,0.8539325842696629
20000000,check_call,turn,state,stored-zero-mass-visited,8,6,1,1,4.75
20000000,check_call,turn,state,stored-zero-visits,172,123,44,5,5.796511627906977
20000000,check_call,turn,state,supported-absent,29,22,7,0,7.655172413793103
20000000,check_call,turn,support,stored-training-witness,3473,1698,1653,122,1.107687877915347
20000000,check_call,turn,support,supported-observed-menu-path,29,22,7,0,7.655172413793103
20000000,check_call,turn,visits,0,172,123,44,5,5.796511627906977
20000000,check_call,turn,visits,1,142,95,42,5,4.78169014084507
20000000,check_call,turn,visits,10-99,2044,923,1051,70,0.028864970645792562
20000000,check_call,turn,visits,100+,265,73,182,10,-1.7735849056603774
20000000,check_call,turn,visits,2-9,850,484,334,32,3.0376470588235294
20000000,check_call,turn,visits,missing,29,22,7,0,7.655172413793103
20000000,loose_aggressive,flop,lookup,missing-key,10,6,4,0,24.2
20000000,loose_aggressive,flop,lookup,positive-mass,1630,791,812,27,-14.762576687116564
20000000,loose_aggressive,flop,lookup,zero-mass,2,2,0,0,75.0
20000000,loose_aggressive,flop,state,positive-mass-visited,1614,780,807,27,-15.37360594795539
20000000,loose_aggressive,flop,state,stored-zero-mass-visited,2,2,0,0,75.0
20000000,loose_aggressive,flop,state,stored-zero-visits,16,11,5,0,46.875
20000000,loose_aggressive,flop,state,supported-absent,10,6,4,0,24.2
20000000,loose_aggressive,flop,support,stored-training-witness,1632,793,812,27,-14.652573529411764
20000000,loose_aggressive,flop,support,supported-observed-menu-path,10,6,4,0,24.2
20000000,loose_aggressive,flop,visits,0,16,11,5,0,46.875
20000000,loose_aggressive,flop,visits,1,26,14,12,0,3.8076923076923075
20000000,loose_aggressive,flop,visits,10-99,559,244,303,12,-22.112701252236135
20000000,loose_aggressive,flop,visits,100+,878,445,422,11,-10.158314350797266
20000000,loose_aggressive,flop,visits,2-9,153,79,70,4,-22.758169934640524
20000000,loose_aggressive,flop,visits,missing,10,6,4,0,24.2
20000000,loose_aggressive,preflop,lookup,missing-key,4,2,2,0,0.0
20000000,loose_aggressive,preflop,lookup,positive-mass,3680,1750,1888,42,-9.689402173913043
20000000,loose_aggressive,preflop,lookup,zero-mass,5,2,3,0,14.8
20000000,loose_aggressive,preflop,state,positive-mass-visited,3639,1739,1859,41,-9.330860126408353
20000000,loose_aggressive,preflop,state,stored-zero-mass-visited,5,2,3,0,14.8
20000000,loose_aggressive,preflop,state,stored-zero-visits,41,11,29,1,-41.51219512195122
20000000,loose_aggressive,preflop,state,supported-absent,4,2,2,0,0.0
20000000,loose_aggressive,preflop,support,stored-training-witness,3685,1752,1891,42,-9.6561736770692
20000000,loose_aggressive,preflop,support,supported-observed-menu-path,4,2,2,0,0.0
20000000,loose_aggressive,preflop,visits,0,41,11,29,1,-41.51219512195122
20000000,loose_aggressive,preflop,visits,1,51,17,34,0,-34.19607843137255
20000000,loose_aggressive,preflop,visits,10-99,2988,1459,1501,28,-8.017904953145917
20000000,loose_aggressive,preflop,visits,100+,96,44,52,0,-6.776041666666667
20000000,loose_aggressive,preflop,visits,2-9,509,221,275,13,-14.791748526522593
20000000,loose_aggressive,preflop,visits,missing,4,2,2,0,0.0
20000000,loose_aggressive,river,lookup,missing-key,40,19,21,0,6.025
20000000,loose_aggressive,river,lookup,positive-mass,842,297,517,28,-23.492874109263656
20000000,loose_aggressive,river,lookup,zero-mass,14,4,10,0,-68.85714285714286
20000000,loose_aggressive,river,state,positive-mass-visited,672,222,426,24,-25.077380952380953
20000000,loose_aggressive,river,state,stored-zero-mass-visited,14,4,10,0,-68.85714285714286
20000000,loose_aggressive,river,state,stored-zero-visits,170,75,91,4,-17.229411764705883
20000000,loose_aggressive,river,state,supported-absent,40,19,21,0,6.025
20000000,loose_aggressive,river,support,stored-training-witness,856,301,527,28,-24.23481308411215
20000000,loose_aggressive,river,support,supported-observed-menu-path,40,19,21,0,6.025
20000000,loose_aggressive,river,visits,0,170,75,91,4,-17.229411764705883
20000000,loose_aggressive,river,visits,1,83,33,48,2,-34.506024096385545
20000000,loose_aggressive,river,visits,10-99,294,81,201,12,-18.952380952380953
20000000,loose_aggressive,river,visits,2-9,309,112,187,10,-30.355987055016183
20000000,loose_aggressive,river,visits,missing,40,19,21,0,6.025
20000000,loose_aggressive,turn,lookup,missing-key,38,12,26,0,-33.026315789473685
20000000,loose_aggressive,turn,lookup,positive-mass,1109,416,662,31,-21.342651036970242
20000000,loose_aggressive,turn,lookup,zero-mass,10,1,9,0,-124.6
20000000,loose_aggressive,turn,state,positive-mass-visited,1002,370,604,28,-22.381237524950098
20000000,loose_aggressive,turn,state,stored-zero-mass-visited,10,1,9,0,-124.6
20000000,loose_aggressive,turn,state,stored-zero-visits,107,46,58,3,-11.616822429906541
20000000,loose_aggressive,turn,state,supported-absent,38,12,26,0,-33.026315789473685
20000000,loose_aggressive,turn,support,stored-training-witness,1119,417,671,31,-22.265415549597854
20000000,loose_aggressive,turn,support,supported-observed-menu-path,38,12,26,0,-33.026315789473685
20000000,loose_aggressive,turn,visits,0,107,46,58,3,-11.616822429906541
20000000,loose_aggressive,turn,visits,1,71,21,48,2,-38.76056338028169
20000000,loose_aggressive,turn,visits,10-99,563,211,335,17,-16.756660746003554
20000000,loose_aggressive,turn,visits,100+,68,27,41,0,-6.279411764705882
20000000,loose_aggressive,turn,visits,2-9,310,112,189,9,-35.674193548387095
20000000,loose_aggressive,turn,visits,missing,38,12,26,0,-33.026315789473685
20000000,pot_pressure,flop,lookup,missing-key,299,111,187,1,-50.67892976588629
20000000,pot_pressure,flop,lookup,positive-mass,615,473,140,2,-8.099186991869919
20000000,pot_pressure,flop,state,positive-mass-visited,612,471,139,2,-7.980392156862745
20000000,pot_pressure,flop,state,stored-zero-visits,3,2,1,0,-32.333333333333336
20000000,pot_pressure,flop,state,supported-absent,2,1,1,0,-99.5
20000000,pot_pressure,flop,state,unsupported,297,110,186,1,-50.35016835016835
20000000,pot_pressure,flop,support,stored-training-witness,615,473,140,2,-8.099186991869919
20000000,pot_pressure,flop,support,supported,1,0,1,0,-200.0
20000000,pot_pressure,flop,support,supported-observed-menu-path,1,1,0,0,1.0
20000000,pot_pressure,flop,support,unsupported-abstract-history-or-menu,297,110,186,1,-50.35016835016835
20000000,pot_pressure,flop,visits,0,3,2,1,0,-32.333333333333336
20000000,pot_pressure,flop,visits,1,2,1,1,0,-97.5
20000000,pot_pressure,flop,visits,10-99,176,136,39,1,-6.465909090909091
20000000,pot_pressure,flop,visits,100+,388,296,91,1,-7.93298969072165
20000000,pot_pressure,flop,visits,2-9,46,38,8,0,-10.282608695652174
20000000,pot_pressure,flop,visits,missing,299,111,187,1,-50.67892976588629
20000000,pot_pressure,preflop,lookup,missing-key,319,102,215,2,-37.9717868338558
20000000,pot_pressure,preflop,lookup,positive-mass,2585,1477,1105,3,-9.00909090909091
20000000,pot_pressure,preflop,lookup,zero-mass,4,1,3,0,-102.25
20000000,pot_pressure,preflop,state,positive-mass-visited,2582,1477,1102,3,-8.861928737412859
20000000,pot_pressure,preflop,state,stored-zero-mass-visited,4,1,3,0,-102.25
20000000,pot_pressure,preflop,state,stored-zero-visits,3,0,3,0,-135.66666666666666
20000000,pot_pressure,preflop,state,unsupported,319,102,215,2,-37.9717868338558
20000000,pot_pressure,preflop,support,stored-training-witness,2589,1478,1108,3,-9.153147933565084
20000000,pot_pressure,preflop,support,unsupported-abstract-history-or-menu,319,102,215,2,-37.9717868338558
20000000,pot_pressure,preflop,visits,0,3,0,3,0,-135.66666666666666
20000000,pot_pressure,preflop,visits,1,5,1,4,0,-58.2
20000000,pot_pressure,preflop,visits,10-99,2327,1356,968,3,-8.04340352385045
20000000,pot_pressure,preflop,visits,100+,90,51,39,0,-2.1055555555555556
20000000,pot_pressure,preflop,visits,2-9,164,70,94,0,-24.95731707317073
20000000,pot_pressure,preflop,visits,missing,319,102,215,2,-37.9717868338558
20000000,pot_pressure,river,lookup,missing-key,135,35,98,2,-59.785185185185185
20000000,pot_pressure,river,lookup,positive-mass,76,40,36,0,-1.368421052631579
20000000,pot_pressure,river,state,positive-mass-visited,70,37,33,0,-1.8571428571428572
20000000,pot_pressure,river,state,stored-zero-visits,6,3,3,0,4.333333333333333
20000000,pot_pressure,river,state,supported-absent,2,1,1,0,-83.5
20000000,pot_pressure,river,state,unsupported,133,34,97,2,-59.42857142857143
20000000,pot_pressure,river,support,stored-training-witness,76,40,36,0,-1.368421052631579
20000000,pot_pressure,river,support,supported,1,0,1,0,-168.0
20000000,pot_pressure,river,support,supported-observed-menu-path,1,1,0,0,1.0
20000000,pot_pressure,river,support,unsupported-abstract-history-or-menu,133,34,97,2,-59.42857142857143
20000000,pot_pressure,river,visits,0,6,3,3,0,4.333333333333333
20000000,pot_pressure,river,visits,1,3,3,0,0,133.66666666666666
20000000,pot_pressure,river,visits,10-99,44,24,20,0,-10.295454545454545
20000000,pot_pressure,river,visits,2-9,23,10,13,0,-3.391304347826087
20000000,pot_pressure,river,visits,missing,135,35,98,2,-59.785185185185185
20000000,pot_pressure,turn,lookup,missing-key,223,74,147,2,-59.24215246636771
20000000,pot_pressure,turn,lookup,positive-mass,230,155,74,1,-1.9130434782608696
20000000,pot_pressure,turn,state,positive-mass-visited,221,146,74,1,-4.823529411764706
20000000,pot_pressure,turn,state,stored-zero-visits,9,9,0,0,69.55555555555556
20000000,pot_pressure,turn,state,supported-absent,3,2,1,0,38.333333333333336
20000000,pot_pressure,turn,state,unsupported,220,72,146,2,-60.57272727272727
20000000,pot_pressure,turn,support,stored-training-witness,230,155,74,1,-1.9130434782608696
20000000,pot_pressure,turn,support,supported,2,1,1,0,51.5
20000000,pot_pressure,turn,support,supported-observed-menu-path,1,1,0,0,12.0
20000000,pot_pressure,turn,support,unsupported-abstract-history-or-menu,220,72,146,2,-60.57272727272727
20000000,pot_pressure,turn,visits,0,9,9,0,0,69.55555555555556
20000000,pot_pressure,turn,visits,1,3,0,3,0,-62.0
20000000,pot_pressure,turn,visits,10-99,164,109,54,1,-3.5853658536585367
20000000,pot_pressure,turn,visits,100+,20,16,4,0,-9.35
20000000,pot_pressure,turn,visits,2-9,34,21,13,0,-3.088235294117647
20000000,pot_pressure,turn,visits,missing,223,74,147,2,-59.24215246636771
20000000,random,flop,lookup,missing-key,229,66,159,4,12.43231441048035
20000000,random,flop,lookup,positive-mass,1060,646,407,7,3.710377358490566
20000000,random,flop,lookup,zero-mass,3,1,2,0,63.333333333333336
20000000,random,flop,state,positive-mass-visited,1052,641,404,7,3.464828897338403
20000000,random,flop,state,stored-zero-mass-visited,3,1,2,0,63.333333333333336
20000000,random,flop,state,stored-zero-visits,8,5,3,0,36.0
20000000,random,flop,state,supported-absent,4,3,1,0,-31.25
20000000,random,flop,state,unsupported,225,63,158,4,13.20888888888889
20000000,random,flop,support,stored-training-witness,1063,647,409,7,3.8786453433678267
20000000,random,flop,support,supported-observed-menu-path,4,3,1,0,-31.25
20000000,random,flop,support,unsupported-abstract-history-or-menu,225,63,158,4,13.20888888888889
20000000,random,flop,visits,0,8,5,3,0,36.0
20000000,random,flop,visits,1,8,5,3,0,-19.625
20000000,random,flop,visits,10-99,367,230,135,2,4.059945504087193
20000000,random,flop,visits,100+,594,349,240,5,2.888888888888889
20000000,random,flop,visits,2-9,86,58,28,0,9.13953488372093
20000000,random,flop,visits,missing,229,66,159,4,12.43231441048035
20000000,random,preflop,lookup,missing-key,714,158,540,16,-5.5700280112044815
20000000,random,preflop,lookup,positive-mass,3408,1807,1581,20,1.3050176056338028
20000000,random,preflop,lookup,zero-mass,2,0,2,0,-8.0
20000000,random,preflop,state,positive-mass-visited,3397,1801,1576,20,1.3280836031792758
20000000,random,preflop,state,stored-zero-mass-visited,2,0,2,0,-8.0
20000000,random,preflop,state,stored-zero-visits,11,6,5,0,-5.818181818181818
20000000,random,preflop,state,unsupported,714,158,540,16,-5.5700280112044815
20000000,random,preflop,support,stored-training-witness,3410,1807,1583,20,1.2995601173020528
20000000,random,preflop,support,unsupported-abstract-history-or-menu,714,158,540,16,-5.5700280112044815
20000000,random,preflop,visits,0,11,6,5,0,-5.818181818181818
20000000,random,preflop,visits,1,18,7,10,1,-19.444444444444443
20000000,random,preflop,visits,10-99,2917,1520,1380,17,1.1906067877956805
20000000,random,preflop,visits,100+,100,34,65,1,-6.155
20000000,random,preflop,visits,2-9,364,240,123,1,5.461538461538462
20000000,random,preflop,visits,missing,714,158,540,16,-5.5700280112044815
20000000,random,river,lookup,missing-key,24,7,17,0,6.833333333333333
20000000,random,river,lookup,positive-mass,147,90,52,5,11.306122448979592
20000000,random,river,lookup,zero-mass,2,1,1,0,-4.5
20000000,random,river,state,positive-mass-visited,128,78,48,2,8.9921875
20000000,random,river,state,stored-zero-mass-visited,2,1,1,0,-4.5
20000000,random,river,state,stored-zero-visits,19,12,4,3,26.894736842105264
20000000,random,river,state,supported-absent,4,3,1,0,61.75
20000000,random,river,state,unsupported,20,4,16,0,-4.15
20000000,random,river,support,stored-training-witness,149,91,53,5,11.093959731543624
20000000,random,river,support,supported-observed-menu-path,4,3,1,0,61.75
20000000,random,river,support,unsupported-abstract-history-or-menu,20,4,16,0,-4.15
20000000,random,river,visits,0,19,12,4,3,26.894736842105264
20000000,random,river,visits,1,10,7,1,2,25.0
20000000,random,river,visits,10-99,59,34,25,0,7.389830508474576
20000000,random,river,visits,2-9,61,38,23,0,7.475409836065574
20000000,random,river,visits,missing,24,7,17,0,6.833333333333333
20000000,random,turn,lookup,missing-key,86,21,63,2,1.0116279069767442
20000000,random,turn,lookup,positive-mass,377,238,135,4,0.27586206896551724
20000000,random,turn,lookup,zero-mass,1,1,0,0,1.0
20000000,random,turn,state,positive-mass-visited,359,227,128,4,1.626740947075209
20000000,random,turn,state,stored-zero-mass-visited,1,1,0,0,1.0
20000000,random,turn,state,stored-zero-visits,18,11,7,0,-26.666666666666668
20000000,random,turn,state,supported-absent,4,3,1,0,-27.5
20000000,random,turn,state,unsupported,82,18,62,2,2.402439024390244
20000000,random,turn,support,stored-training-witness,378,239,135,4,0.2777777777777778
20000000,random,turn,support,supported-observed-menu-path,4,3,1,0,-27.5
20000000,random,turn,support,unsupported-abstract-history-or-menu,82,18,62,2,2.402439024390244
20000000,random,turn,visits,0,18,11,7,0,-26.666666666666668
20000000,random,turn,visits,1,28,17,10,1,-10.607142857142858
20000000,random,turn,visits,10-99,208,139,67,2,8.110576923076923
20000000,random,turn,visits,100+,35,18,17,0,-16.771428571428572
20000000,random,turn,visits,2-9,89,54,34,1,-2.449438202247191
20000000,random,turn,visits,missing,86,21,63,2,1.0116279069767442
20000000,tight_aggressive,flop,lookup,missing-key,4,4,0,0,113.5
20000000,tight_aggressive,flop,lookup,positive-mass,712,528,175,9,-6.073033707865169
20000000,tight_aggressive,flop,lookup,zero-mass,4,3,1,0,65.75
20000000,tight_aggressive,flop,state,positive-mass-visited,707,526,173,8,-6.30975954738331
20000000,tight_aggressive,flop,state,stored-zero-mass-visited,4,3,1,0,65.75
20000000,tight_aggressive,flop,state,stored-zero-visits,5,2,2,1,27.4
20000000,tight_aggressive,flop,state,supported-absent,4,4,0,0,113.5
20000000,tight_aggressive,flop,support,stored-training-witness,716,531,176,9,-5.671787709497207
20000000,tight_aggressive,flop,support,supported-observed-menu-path,4,4,0,0,113.5
20000000,tight_aggressive,flop,visits,0,5,2,2,1,27.4
20000000,tight_aggressive,flop,visits,1,7,4,3,0,14.714285714285714
20000000,tight_aggressive,flop,visits,10-99,211,149,59,3,-9.393364928909953
20000000,tight_aggressive,flop,visits,100+,429,331,95,3,-3.769230769230769
20000000,tight_aggressive,flop,visits,2-9,64,45,17,2,-10.96875
20000000,tight_aggressive,flop,visits,missing,4,4,0,0,113.5
20000000,tight_aggressive,preflop,lookup,positive-mass,2417,1503,904,10,-0.3376086057095573
20000000,tight_aggressive,preflop,state,positive-mass-visited,2409,1499,900,10,-0.3574097135740971
20000000,tight_aggressive,preflop,state,stored-zero-visits,8,4,4,0,5.625
20000000,tight_aggressive,preflop,support,stored-training-witness,2417,1503,904,10,-0.3376086057095573
20000000,tight_aggressive,preflop,visits,0,8,4,4,0,5.625
20000000,tight_aggressive,preflop,visits,1,13,4,9,0,-50.23076923076923
20000000,tight_aggressive,preflop,visits,10-99,2190,1381,803,6,-0.47876712328767124
20000000,tight_aggressive,preflop,visits,100+,89,45,43,1,-1.9943820224719102
20000000,tight_aggressive,preflop,visits,2-9,117,69,45,3,8.7008547008547
20000000,tight_aggressive,river,lookup,missing-key,2,0,1,1,-100.0
20000000,tight_aggressive,river,lookup,positive-mass,154,73,75,6,-8.181818181818182
20000000,tight_aggressive,river,lookup,zero-mass,2,1,1,0,-44.5
20000000,tight_aggressive,river,state,positive-mass-visited,141,67,68,6,-7.418439716312057
20000000,tight_aggressive,river,state,stored-zero-mass-visited,2,1,1,0,-44.5
20000000,tight_aggressive,river,state,stored-zero-visits,13,6,7,0,-16.46153846153846
20000000,tight_aggressive,river,state,supported-absent,2,0,1,1,-100.0
20000000,tight_aggressive,river,support,stored-training-witness,156,74,76,6,-8.647435897435898
20000000,tight_aggressive,river,support,supported-observed-menu-path,2,0,1,1,-100.0
20000000,tight_aggressive,river,visits,0,13,6,7,0,-16.46153846153846
20000000,tight_aggressive,river,visits,1,10,5,5,0,-40.1
20000000,tight_aggressive,river,visits,10-99,97,46,47,4,-1.5670103092783505
20000000,tight_aggressive,river,visits,2-9,36,17,17,2,-16.166666666666668
20000000,tight_aggressive,river,visits,missing,2,0,1,1,-100.0
20000000,tight_aggressive,turn,lookup,missing-key,5,3,2,0,9.2
20000000,tight_aggressive,turn,lookup,positive-mass,355,234,116,5,-10.487323943661972
20000000,tight_aggressive,turn,lookup,zero-mass,3,1,1,1,-27.666666666666668
20000000,tight_aggressive,turn,state,positive-mass-visited,341,227,109,5,-9.63049853372434
20000000,tight_aggressive,turn,state,stored-zero-mass-visited,3,1,1,1,-27.666666666666668
20000000,tight_aggressive,turn,state,stored-zero-visits,14,7,7,0,-31.357142857142858
20000000,tight_aggressive,turn,state,supported-absent,5,3,2,0,9.2
20000000,tight_aggressive,turn,support,stored-training-witness,358,235,117,6,-10.631284916201118
20000000,tight_aggressive,turn,support,supported-observed-menu-path,5,3,2,0,9.2
20000000,tight_aggressive,turn,visits,0,14,7,7,0,-31.357142857142858
20000000,tight_aggressive,turn,visits,1,13,6,6,1,-21.923076923076923
20000000,tight_aggressive,turn,visits,10-99,242,169,69,4,-8.144628099173554
20000000,tight_aggressive,turn,visits,100+,23,14,9,0,-0.043478260869565216
20000000,tight_aggressive,turn,visits,2-9,66,39,26,1,-16.818181818181817
20000000,tight_aggressive,turn,visits,missing,5,3,2,0,9.2
100000000,check_call,flop,lookup,positive-mass,3355,1663,1572,120,0.9645305514157974
100000000,check_call,flop,state,positive-mass-visited,3352,1660,1572,120,0.9603221957040573
100000000,check_call,flop,state,stored-zero-visits,3,3,0,0,5.666666666666667
100000000,check_call,flop,support,stored-training-witness,3355,1663,1572,120,0.9645305514157974
100000000,check_call,flop,visits,0,3,3,0,0,5.666666666666667
100000000,check_call,flop,visits,1,3,3,0,0,6.666666666666667
100000000,check_call,flop,visits,10-99,294,217,63,14,5.982993197278912
100000000,check_call,flop,visits,100+,3031,1420,1505,106,0.36192675684592546
100000000,check_call,flop,visits,2-9,24,20,4,0,14.291666666666666
100000000,check_call,preflop,lookup,positive-mass,4096,1663,2313,120,0.6995849609375
100000000,check_call,preflop,state,positive-mass-visited,4096,1663,2313,120,0.6995849609375
100000000,check_call,preflop,support,stored-training-witness,4096,1663,2313,120,0.6995849609375
100000000,check_call,preflop,visits,10-99,587,311,254,22,1.6218057921635434
100000000,check_call,preflop,visits,100+,3509,1352,2059,98,0.5453120547164434
100000000,check_call,river,lookup,missing-key,3,3,0,0,5.333333333333333
100000000,check_call,river,lookup,positive-mass,3352,1660,1572,120,0.9606205250596659
100000000,check_call,river,state,positive-mass-visited,3273,1601,1555,117,0.7332722273143905
100000000,check_call,river,state,stored-zero-visits,79,59,17,3,10.379746835443038
100000000,check_call,river,state,supported-absent,3,3,0,0,5.333333333333333
100000000,check_call,river,support,stored-training-witness,3352,1660,1572,120,0.9606205250596659
100000000,check_call,river,support,supported-observed-menu-path,3,3,0,0,5.333333333333333
100000000,check_call,river,visits,0,79,59,17,3,10.379746835443038
100000000,check_call,river,visits,1,58,46,8,4,11.172413793103448
100000000,check_call,river,visits,10-99,1422,785,583,54,1.2651195499296766
100000000,check_call,river,visits,100+,1385,500,842,43,-1.2895306859205775
100000000,check_call,river,visits,2-9,408,270,122,16,4.262254901960785
100000000,check_call,river,visits,missing,3,3,0,0,5.333333333333333
100000000,check_call,turn,lookup,missing-key,4,4,0,0,5.25
100000000,check_call,turn,lookup,positive-mass,3349,1657,1572,120,0.9349059420722604
100000000,check_call,turn,lookup,zero-mass,2,2,0,0,42.0
100000000,check_call,turn,state,positive-mass-visited,3334,1645,1569,120,0.8962207558488302
100000000,check_call,turn,state,stored-zero-mass-visited,2,2,0,0,42.0
100000000,check_call,turn,state,stored-zero-visits,15,12,3,0,9.533333333333333
100000000,check_call,turn,state,supported-absent,4,4,0,0,5.25
100000000,check_call,turn,support,stored-training-witness,3351,1659,1572,120,0.9594150999701582
100000000,check_call,turn,support,supported-observed-menu-path,4,4,0,0,5.25
100000000,check_call,turn,visits,0,15,12,3,0,9.533333333333333
100000000,check_call,turn,visits,1,24,22,2,0,18.208333333333332
100000000,check_call,turn,visits,10-99,1165,678,440,47,2.4566523605150214
100000000,check_call,turn,visits,100+,1957,813,1076,68,-0.4987225344915687
100000000,check_call,turn,visits,2-9,190,134,51,5,3.942105263157895
100000000,check_call,turn,visits,missing,4,4,0,0,5.25
100000000,loose_aggressive,flop,lookup,positive-mass,1605,755,829,21,-7.055451713395638
100000000,loose_aggressive,flop,state,positive-mass-visited,1594,748,825,21,-7.830614805520702
100000000,loose_aggressive,flop,state,stored-zero-visits,11,7,4,0,105.27272727272727
100000000,loose_aggressive,flop,support,stored-training-witness,1605,755,829,21,-7.055451713395638
100000000,loose_aggressive,flop,visits,0,11,7,4,0,105.27272727272727
100000000,loose_aggressive,flop,visits,1,6,4,1,1,45.666666666666664
100000000,loose_aggressive,flop,visits,10-99,217,106,107,4,-8.972350230414747
100000000,loose_aggressive,flop,visits,100+,1336,621,700,15,-7.951347305389222
100000000,loose_aggressive,flop,visits,2-9,35,17,17,1,-5.314285714285714
100000000,loose_aggressive,preflop,lookup,positive-mass,3534,1526,1973,35,-4.86771363893605
100000000,loose_aggressive,preflop,state,positive-mass-visited,3531,1525,1971,35,-4.857689039932031
100000000,loose_aggressive,preflop,state,stored-zero-visits,3,1,2,0,-16.666666666666668
100000000,loose_aggressive,preflop,support,stored-training-witness,3534,1526,1973,35,-4.86771363893605
100000000,loose_aggressive,preflop,visits,0,3,1,2,0,-16.666666666666668
100000000,loose_aggressive,preflop,visits,1,8,2,6,0,-39.125
100000000,loose_aggressive,preflop,visits,10-99,796,304,477,15,-11.451005025125628
100000000,loose_aggressive,preflop,visits,100+,2662,1193,1451,18,-2.8149887302779866
100000000,loose_aggressive,preflop,visits,2-9,65,26,37,2,-3.5538461538461537
100000000,loose_aggressive,river,lookup,missing-key,7,7,0,0,99.42857142857143
100000000,loose_aggressive,river,lookup,positive-mass,848,305,523,20,-6.212264150943396
100000000,loose_aggressive,river,lookup,zero-mass,4,2,2,0,-15.5
100000000,loose_aggressive,river,state,positive-mass-visited,784,274,493,17,-8.670918367346939
100000000,loose_aggressive,river,state,stored-zero-mass-visited,4,2,2,0,-15.5
100000000,loose_aggressive,river,state,stored-zero-visits,64,31,30,3,23.90625
100000000,loose_aggressive,river,state,supported-absent,7,7,0,0,99.42857142857143
100000000,loose_aggressive,river,support,stored-training-witness,852,307,525,20,-6.255868544600939
100000000,loose_aggressive,river,support,supported-observed-menu-path,7,7,0,0,99.42857142857143
100000000,loose_aggressive,river,visits,0,64,31,30,3,23.90625
100000000,loose_aggressive,river,visits,1,19,10,9,0,29.157894736842106
100000000,loose_aggressive,river,visits,10-99,360,121,233,6,-9.6
100000000,loose_aggressive,river,visits,100+,244,75,163,6,-5.528688524590164
100000000,loose_aggressive,river,visits,2-9,165,70,90,5,-15.812121212121212
100000000,loose_aggressive,river,visits,missing,7,7,0,0,99.42857142857143
100000000,loose_aggressive,turn,lookup,missing-key,3,1,2,0,6.666666666666667
100000000,loose_aggressive,turn,lookup,positive-mass,1076,382,670,24,-10.362453531598513
100000000,loose_aggressive,turn,lookup,zero-mass,3,0,3,0,-141.66666666666666
100000000,loose_aggressive,turn,state,positive-mass-visited,1054,374,656,24,-10.335863377609108
100000000,loose_aggressive,turn,state,stored-zero-mass-visited,3,0,3,0,-141.66666666666666
100000000,loose_aggressive,turn,state,stored-zero-visits,22,8,14,0,-11.636363636363637
100000000,loose_aggressive,turn,state,supported-absent,3,1,2,0,6.666666666666667
100000000,loose_aggressive,turn,support,stored-training-witness,1079,382,673,24,-10.727525486561632
100000000,loose_aggressive,turn,support,supported-observed-menu-path,3,1,2,0,6.666666666666667
100000000,loose_aggressive,turn,visits,0,22,8,14,0,-11.636363636363637
100000000,loose_aggressive,turn,visits,1,25,11,14,0,-2.24
100000000,loose_aggressive,turn,visits,10-99,389,136,241,12,-16.5012853470437
100000000,loose_aggressive,turn,visits,100+,503,171,323,9,-4.713717693836978
100000000,loose_aggressive,turn,visits,2-9,140,56,81,3,-17.664285714285715
100000000,loose_aggressive,turn,visits,missing,3,1,2,0,6.666666666666667
100000000,pot_pressure,flop,lookup,missing-key,280,122,158,0,-37.925
100000000,pot_pressure,flop,lookup,positive-mass,613,461,149,3,-7.879282218597064
100000000,pot_pressure,flop,state,positive-mass-visited,613,461,149,3,-7.879282218597064
100000000,pot_pressure,flop,state,unsupported,280,122,158,0,-37.925
100000000,pot_pressure,flop,support,stored-training-witness,613,461,149,3,-7.879282218597064
100000000,pot_pressure,flop,support,unsupported-abstract-history-or-menu,280,122,158,0,-37.925
100000000,pot_pressure,flop,visits,1,1,1,0,0,1.0
100000000,pot_pressure,flop,visits,10-99,65,46,19,0,-4.676923076923077
100000000,pot_pressure,flop,visits,100+,543,412,128,3,-8.427255985267035
100000000,pot_pressure,flop,visits,2-9,4,2,2,0,12.25
100000000,pot_pressure,flop,visits,missing,280,122,158,0,-37.925
100000000,pot_pressure,preflop,lookup,missing-key,298,115,181,2,-21.322147651006713
100000000,pot_pressure,preflop,lookup,positive-mass,2561,1346,1211,4,-5.238578680203045
100000000,pot_pressure,preflop,lookup,zero-mass,1,0,1,0,-147.0
100000000,pot_pressure,preflop,state,positive-mass-visited,2561,1346,1211,4,-5.238578680203045
100000000,pot_pressure,preflop,state,stored-zero-mass-visited,1,0,1,0,-147.0
100000000,pot_pressure,preflop,state,unsupported,298,115,181,2,-21.322147651006713
100000000,pot_pressure,preflop,support,stored-training-witness,2562,1346,1212,4,-5.293911007025761
100000000,pot_pressure,preflop,support,unsupported-abstract-history-or-menu,298,115,181,2,-21.322147651006713
100000000,pot_pressure,preflop,visits,10-99,326,124,201,1,-16.512269938650306
100000000,pot_pressure,preflop,visits,100+,2228,1220,1005,3,-3.6261220825852782
100000000,pot_pressure,preflop,visits,2-9,8,2,6,0,-12.625
100000000,pot_pressure,preflop,visits,missing,298,115,181,2,-21.322147651006713
100000000,pot_pressure,river,lookup,missing-key,150,41,106,3,-51.333333333333336
100000000,pot_pressure,river,lookup,positive-mass,79,45,32,2,-8.91139240506329
100000000,pot_pressure,river,state,positive-mass-visited,79,45,32,2,-8.91139240506329
100000000,pot_pressure,river,state,unsupported,150,41,106,3,-51.333333333333336
100000000,pot_pressure,river,support,stored-training-witness,79,45,32,2,-8.91139240506329
100000000,pot_pressure,river,support,unsupported-abstract-history-or-menu,150,41,106,3,-51.333333333333336
100000000,pot_pressure,river,visits,1,3,3,0,0,10.333333333333334
100000000,pot_pressure,river,visits,10-99,24,15,8,1,0.375
100000000,pot_pressure,river,visits,100+,48,24,23,1,-16.166666666666668
100000000,pot_pressure,river,visits,2-9,4,3,1,0,8.0
100000000,pot_pressure,river,visits,missing,150,41,106,3,-51.333333333333336
100000000,pot_pressure,turn,lookup,missing-key,206,64,141,1,-51.14563106796116
100000000,pot_pressure,turn,lookup,positive-mass,232,150,80,2,-6.875
100000000,pot_pressure,turn,state,positive-mass-visited,231,149,80,2,-6.956709956709957
100000000,pot_pressure,turn,state,stored-zero-visits,1,1,0,0,12.0
100000000,pot_pressure,turn,state,unsupported,206,64,141,1,-51.14563106796116
100000000,pot_pressure,turn,support,stored-training-witness,232,150,80,2,-6.875
100000000,pot_pressure,turn,support,unsupported-abstract-history-or-menu,206,64,141,1,-51.14563106796116
100000000,pot_pressure,turn,visits,0,1,1,0,0,12.0
100000000,pot_pressure,turn,visits,1,1,1,0,0,11.0
100000000,pot_pressure,turn,visits,10-99,67,49,17,1,4.985074626865671
100000000,pot_pressure,turn,visits,100+,154,93,60,1,-13.227272727272727
100000000,pot_pressure,turn,visits,2-9,9,6,3,0,9.444444444444445
100000000,pot_pressure,turn,visits,missing,206,64,141,1,-51.14563106796116
100000000,random,flop,lookup,missing-key,222,65,153,4,14.445945945945946
100000000,random,flop,lookup,positive-mass,1056,645,403,8,8.274621212121213
100000000,random,flop,lookup,zero-mass,1,1,0,0,33.0
100000000,random,flop,state,positive-mass-visited,1055,645,402,8,8.359241706161137
100000000,random,flop,state,stored-zero-mass-visited,1,1,0,0,33.0
100000000,random,flop,state,stored-zero-visits,1,0,1,0,-81.0
100000000,random,flop,state,supported-absent,2,1,1,0,-24.0
100000000,random,flop,state,unsupported,220,64,152,4,14.795454545454545
100000000,random,flop,support,stored-training-witness,1057,646,403,8,8.298013245033113
100000000,random,flop,support,supported-observed-menu-path,2,1,1,0,-24.0
100000000,random,flop,support,unsupported-abstract-history-or-menu,220,64,152,4,14.795454545454545
100000000,random,flop,visits,0,1,0,1,0,-81.0
100000000,random,flop,visits,1,4,4,0,0,47.75
100000000,random,flop,visits,10-99,128,100,28,0,13.7578125
100000000,random,flop,visits,100+,908,532,368,8,7.294052863436123
100000000,random,flop,visits,2-9,16,10,6,0,17.3125
100000000,random,flop,visits,missing,222,65,153,4,14.445945945945946
100000000,random,preflop,lookup,missing-key,686,152,517,17,-6.271137026239067
100000000,random,preflop,lookup,positive-mass,3386,1728,1636,22,3.0140283520378026
100000000,random,preflop,state,positive-mass-visited,3385,1728,1635,22,3.0190546528803544
100000000,random,preflop,state,stored-zero-visits,1,0,1,0,-14.0
100000000,random,preflop,state,unsupported,686,152,517,17,-6.271137026239067
100000000,random,preflop,support,stored-training-witness,3386,1728,1636,22,3.0140283520378026
100000000,random,preflop,support,unsupported-abstract-history-or-menu,686,152,517,17,-6.271137026239067
100000000,random,preflop,visits,0,1,0,1,0,-14.0
100000000,random,preflop,visits,1,1,0,1,0,-30.0
100000000,random,preflop,visits,10-99,640,382,253,5,4.3078125
100000000,random,preflop,visits,100+,2730,1338,1375,17,2.6042124542124543
100000000,random,preflop,visits,2-9,14,8,6,0,27.357142857142858
100000000,random,preflop,visits,missing,686,152,517,17,-6.271137026239067
100000000,random,river,lookup,missing-key,21,8,13,0,46.57142857142857
100000000,random,river,lookup,positive-mass,143,81,58,4,11.13986013986014
100000000,random,river,state,positive-mass-visited,137,77,57,3,10.153284671532846
100000000,random,river,state,stored-zero-visits,6,4,1,1,33.666666666666664
100000000,random,river,state,supported-absent,1,1,0,0,33.0
100000000,random,river,state,unsupported,20,7,13,0,47.25
100000000,random,river,support,stored-training-witness,143,81,58,4,11.13986013986014
100000000,random,river,support,supported-observed-menu-path,1,1,0,0,33.0
100000000,random,river,support,unsupported-abstract-history-or-menu,20,7,13,0,47.25
100000000,random,river,visits,0,6,4,1,1,33.666666666666664
100000000,random,river,visits,1,3,1,2,0,-63.333333333333336
100000000,random,river,visits,10-99,59,34,24,1,7.830508474576271
100000000,random,river,visits,100+,55,25,29,1,7.218181818181818
100000000,random,river,visits,2-9,20,17,2,1,36.1
100000000,random,river,visits,missing,21,8,13,0,46.57142857142857
100000000,random,turn,lookup,missing-key,97,26,68,3,23.577319587628867
100000000,random,turn,lookup,positive-mass,399,244,150,5,7.25062656641604
100000000,random,turn,state,positive-mass-visited,396,242,149,5,7.244949494949495
100000000,random,turn,state,stored-zero-visits,3,2,1,0,8.0
100000000,random,turn,state,supported-absent,2,1,1,0,-24.0
100000000,random,turn,state,unsupported,95,25,67,3,24.57894736842105
100000000,random,turn,support,stored-training-witness,399,244,150,5,7.25062656641604
100000000,random,turn,support,supported-observed-menu-path,2,1,1,0,-24.0
100000000,random,turn,support,unsupported-abstract-history-or-menu,95,25,67,3,24.57894736842105
100000000,random,turn,visits,0,3,2,1,0,8.0
100000000,random,turn,visits,1,4,3,1,0,2.0
100000000,random,turn,visits,10-99,145,101,43,1,11.144827586206896
100000000,random,turn,visits,100+,217,118,96,3,5.345622119815668
100000000,random,turn,visits,2-9,30,20,9,1,2.8333333333333335
100000000,random,turn,visits,missing,97,26,68,3,23.577319587628867
100000000,tight_aggressive,flop,lookup,positive-mass,692,496,191,5,-7.455202312138728
100000000,tight_aggressive,flop,state,positive-mass-visited,691,495,191,5,-7.755426917510854
100000000,tight_aggressive,flop,state,stored-zero-visits,1,1,0,0,200.0
100000000,tight_aggressive,flop,support,stored-training-witness,692,496,191,5,-7.455202312138728
100000000,tight_aggressive,flop,visits,0,1,1,0,0,200.0
100000000,tight_aggressive,flop,visits,1,3,0,3,0,-96.66666666666667
100000000,tight_aggressive,flop,visits,10-99,77,47,30,0,-21.818181818181817
100000000,tight_aggressive,flop,visits,100+,604,445,154,5,-4.663907284768212
100000000,tight_aggressive,flop,visits,2-9,7,3,4,0,-81.71428571428571
100000000,tight_aggressive,preflop,lookup,positive-mass,2402,1320,1074,8,-1.7452123230641132
100000000,tight_aggressive,preflop,state,positive-mass-visited,2401,1320,1073,8,-1.6626405664306538
100000000,tight_aggressive,preflop,state,stored-zero-visits,1,0,1,0,-200.0
100000000,tight_aggressive,preflop,support,stored-training-witness,2402,1320,1074,8,-1.7452123230641132
100000000,tight_aggressive,preflop,visits,0,1,0,1,0,-200.0
100000000,tight_aggressive,preflop,visits,1,3,2,1,0,96.66666666666667
100000000,tight_aggressive,preflop,visits,10-99,215,91,121,3,-9.269767441860465
100000000,tight_aggressive,preflop,visits,100+,2160,1221,934,5,-0.5171296296296296
100000000,tight_aggressive,preflop,visits,2-9,23,6,17,0,-50.95652173913044
100000000,tight_aggressive,river,lookup,positive-mass,179,92,82,5,2.6759776536312847
100000000,tight_aggressive,river,state,positive-mass-visited,176,92,79,5,3.7443181818181817
100000000,tight_aggressive,river,state,stored-zero-visits,3,0,3,0,-60.0
100000000,tight_aggressive,river,support,stored-training-witness,179,92,82,5,2.6759776536312847
100000000,tight_aggressive,river,visits,0,3,0,3,0,-60.0
100000000,tight_aggressive,river,visits,1,6,5,1,0,133.83333333333334
100000000,tight_aggressive,river,visits,10-99,64,28,32,4,-1.015625
100000000,tight_aggressive,river,visits,100+,91,50,40,1,-0.43956043956043955
100000000,tight_aggressive,river,visits,2-9,15,9,6,0,-2.6
100000000,tight_aggressive,turn,lookup,positive-mass,353,215,130,8,-4.042492917847025
100000000,tight_aggressive,turn,lookup,zero-mass,1,1,0,0,1.0
100000000,tight_aggressive,turn,state,positive-mass-visited,348,215,126,7,-3.1867816091954024
100000000,tight_aggressive,turn,state,stored-zero-mass-visited,1,1,0,0,1.0
100000000,tight_aggressive,turn,state,stored-zero-visits,5,0,4,1,-63.6
100000000,tight_aggressive,turn,support,stored-training-witness,354,216,130,8,-4.028248587570621
100000000,tight_aggressive,turn,visits,0,5,0,4,1,-63.6
100000000,tight_aggressive,turn,visits,1,3,3,0,0,200.0
100000000,tight_aggressive,turn,visits,10-99,110,64,45,1,-2.1818181818181817
100000000,tight_aggressive,turn,visits,100+,205,137,64,4,-1.6097560975609757
100000000,tight_aggressive,turn,visits,2-9,31,12,17,2,-36.70967741935484
