source,policy,mode,control,position,bb_per_100,ci95_low,ci95_high,paired_blocks,all_positions_full_stack_losses,all_positions_full_stack_wins,all_positions_hands,all_positions_jam_actions,all_positions_jam_opportunities,all_positions_large_actions,all_positions_large_opportunities,all_positions_no_response,all_positions_rival_continuations,all_positions_rival_folds,all_positions_target_decisions,all_positions_fallback,all_positions_flop_fallback,all_positions_flop_trained,all_positions_large_fallback,all_positions_large_trained,all_positions_preflop_fallback,all_positions_preflop_trained,all_positions_river_fallback,all_positions_river_trained,all_positions_trained,all_positions_turn_fallback,all_positions_turn_trained
calibration,heuristic,native,call,overall,210.609375,90.34458647345916,330.8741635265408,64,3,18,128,22,46,22,46,0,22,0,392,,,,,,,,,,,,
calibration,heuristic,native,call,big_blind,363.515625,163.86830859421548,563.1629414057845,64,,,,,,,,,,,,,,,,,,,,,,,
calibration,heuristic,native,call,button,57.703125,-170.49414270984283,285.90039270984283,64,,,,,,,,,,,,,,,,,,,,,,,
calibration,heuristic,native,jam,overall,8.203125,-85.11523859165068,101.52148859165068,64,1,8,128,0,0,0,0,0,0,0,156,,,,,,,,,,,,
calibration,heuristic,native,jam,big_blind,1.5625,-141.23998442656216,144.36498442656216,64,,,,,,,,,,,,,,,,,,,,,,,
calibration,heuristic,native,jam,button,14.84375,-116.10471128259255,145.79221128259255,64,,,,,,,,,,,,,,,,,,,,,,,
calibration,heuristic,native,loose_aggressive,overall,-1.1640625,-70.26244723188806,67.93432223188806,64,0,3,128,1,18,1,17,0,1,0,164,,,,,,,,,,,,
calibration,heuristic,native,loose_aggressive,big_blind,38.546875,-60.89418389552196,137.98793389552196,64,,,,,,,,,,,,,,,,,,,,,,,
calibration,heuristic,native,loose_aggressive,button,-40.875,-125.16680490688857,43.41680490688857,64,,,,,,,,,,,,,,,,,,,,,,,
calibration,heuristic,native,loose_passive,overall,34.4609375,-26.90381090901203,95.82568590901204,64,0,3,128,3,12,3,12,0,3,0,225,,,,,,,,,,,,
calibration,heuristic,native,loose_passive,big_blind,53.484375,-21.1582039911964,128.1269539911964,64,,,,,,,,,,,,,,,,,,,,,,,
calibration,heuristic,native,loose_passive,button,15.4375,-100.80619167245234,131.68119167245234,64,,,,,,,,,,,,,,,,,,,,,,,
calibration,heuristic,native,minraise,overall,71.34375,-63.89733315160299,206.584833151603,64,3,16,128,18,108,18,95,0,18,0,273,,,,,,,,,,,,
calibration,heuristic,native,minraise,big_blind,133.3125,-106.94022943561453,373.5652294356145,64,,,,,,,,,,,,,,,,,,,,,,,
calibration,heuristic,native,minraise,button,9.375,-168.35726922074844,187.10726922074844,64,,,,,,,,,,,,,,,,,,,,,,,
calibration,heuristic,native,pot_pressure,overall,9.9921875,-30.79534733000426,50.77972233000426,64,0,1,128,1,20,2,18,0,2,0,102,,,,,,,,,,,,
calibration,heuristic,native,pot_pressure,big_blind,13.546875,-28.52942965800024,55.62317965800024,64,,,,,,,,,,,,,,,,,,,,,,,
calibration,heuristic,native,pot_pressure,button,6.4375,-63.67196273328905,76.54696273328905,64,,,,,,,,,,,,,,,,,,,,,,,
calibration,heuristic,native,raise,overall,-34.375,-178.74509883972976,109.99509883972976,64,6,14,128,5,41,4,37,0,4,0,218,,,,,,,,,,,,
calibration,heuristic,native,raise,big_blind,-43.75,-272.1635247487428,184.6635247487428,64,,,,,,,,,,,,,,,,,,,,,,,
calibration,heuristic,native,raise,button,-25,-214.16606008651692,164.16606008651692,64,,,,,,,,,,,,,,,,,,,,,,,
calibration,heuristic,native,random,overall,55.2578125,-52.035714599084955,162.55133959908494,64,2,7,128,10,56,8,46,0,3,5,250,,,,,,,,,,,,
calibration,heuristic,native,random,big_blind,78.140625,-112.60887022167455,268.8901202216746,64,,,,,,,,,,,,,,,,,,,,,,,
calibration,heuristic,native,random,button,32.375,-84.25741953510877,149.00741953510877,64,,,,,,,,,,,,,,,,,,,,,,,
calibration,heuristic,native,selective_stackoff,overall,39.1953125,7.973607765437784,70.41701723456222,64,0,1,128,1,1,1,1,0,1,0,126,,,,,,,,,,,,
calibration,heuristic,native,selective_stackoff,big_blind,33.078125,13.254886476438369,52.90136352356163,64,,,,,,,,,,,,,,,,,,,,,,,
calibration,heuristic,native,selective_stackoff,button,45.3125,-19.402837367003315,110.02783736700331,64,,,,,,,,,,,,,,,,,,,,,,,
calibration,heuristic,native,tight_aggressive,overall,29.6875,-1.8399039868826783,61.214903986882675,64,0,1,128,0,3,0,3,0,0,0,92,,,,,,,,,,,,
calibration,heuristic,native,tight_aggressive,big_blind,19.53125,-13.220966514273194,52.283466514273194,64,,,,,,,,,,,,,,,,,,,,,,,
calibration,heuristic,native,tight_aggressive,button,39.84375,-26.88569053816059,106.57319053816059,64,,,,,,,,,,,,,,,,,,,,,,,
calibration,heuristic,native,tight_passive,overall,38.203125,0.3153915070304123,76.09085849296959,64,0,1,128,1,3,1,3,0,1,0,94,,,,,,,,,,,,
calibration,heuristic,native,tight_passive,big_blind,49.21875,38.432860438832776,60.004639561167224,64,,,,,,,,,,,,,,,,,,,,,,,
calibration,heuristic,native,tight_passive,button,27.1875,-51.53565834392076,105.91065834392076,64,,,,,,,,,,,,,,,,,,,,,,,
calibration,heuristic,native,train_pressure,overall,37.0703125,-11.20808160239163,85.34870660239163,64,0,2,128,3,13,3,13,0,2,1,138,,,,,,,,,,,,
calibration,heuristic,native,train_pressure,big_blind,55.203125,-13.839884158348681,124.24613415834868,64,,,,,,,,,,,,,,,,,,,,,,,
calibration,heuristic,native,train_pressure,button,18.9375,-52.377055976034256,90.25205597603426,64,,,,,,,,,,,,,,,,,,,,,,,
calibration,heuristic,restricted,call,overall,210.9375,88.33279886535654,333.54220113464345,64,3,21,128,25,69,28,69,0,28,0,394,,,,,,,,,,,,
calibration,heuristic,restricted,call,big_blind,396.875,156.74688748405427,637.0031125159458,64,,,,,,,,,,,,,,,,,,,,,,,
calibration,heuristic,restricted,call,button,25,-209.43184211572478,259.43184211572475,64,,,,,,,,,,,,,,,,,,,,,,,
calibration,heuristic,restricted,jam,overall,-42.1875,-194.54892069586154,110.17392069586154,64,7,15,128,4,29,4,29,0,4,0,213,,,,,,,,,,,,
calibration,heuristic,restricted,jam,big_blind,-23.4375,-263.18475727232027,216.30975727232027,64,,,,,,,,,,,,,,,,,,,,,,,
calibration,heuristic,restricted,jam,button,-60.9375,-261.07450476745845,139.19950476745845,64,,,,,,,,,,,,,,,,,,,,,,,
calibration,heuristic,restricted,loose_aggressive,overall,-12.890625,-93.24928947899036,67.46803947899036,64,1,3,128,0,18,0,17,0,0,0,161,,,,,,,,,,,,
calibration,heuristic,restricted,loose_aggressive,big_blind,28.90625,-73.88865093666357,131.70115093666357,64,,,,,,,,,,,,,,,,,,,,,,,
calibration,heuristic,restricted,loose_aggressive,button,-54.6875,-157.2874482108913,47.91244821089131,64,,,,,,,,,,,,,,,,,,,,,,,
calibration,heuristic,restricted,loose_passive,overall,21.484375,-51.50223876939671,94.47098876939671,64,0,5,128,5,19,7,19,0,7,0,223,,,,,,,,,,,,
calibration,heuristic,restricted,loose_passive,big_blind,53.90625,-53.263728303513986,161.07622830351397,64,,,,,,,,,,,,,,,,,,,,,,,
calibration,heuristic,restricted,loose_passive,button,-10.9375,-148.80860125078271,126.93360125078271,64,,,,,,,,,,,,,,,,,,,,,,,
calibration,heuristic,restricted,minraise,overall,27.34375,-117.15585874403635,171.84335874403635,64,4,17,128,18,107,21,100,0,21,0,271,,,,,,,,,,,,
calibration,heuristic,restricted,minraise,big_blind,68.75,-188.69181674968598,326.191816749686,64,,,,,,,,,,,,,,,,,,,,,,,
calibration,heuristic,restricted,minraise,button,-14.0625,-197.42568195207497,169.30068195207497,64,,,,,,,,,,,,,,,,,,,,,,,
calibration,heuristic,restricted,pot_pressure,overall,20.703125,-18.009841444428382,59.41609144442838,64,0,1,128,0,6,0,6,0,0,0,102,,,,,,,,,,,,
calibration,heuristic,restricted,pot_pressure,big_blind,17.96875,-16.67549901279837,52.61299901279837,64,,,,,,,,,,,,,,,,,,,,,,,
calibration,heuristic,restricted,pot_pressure,button,23.4375,-46.685749072383715,93.56074907238371,64,,,,,,,,,,,,,,,,,,,,,,,
calibration,heuristic,restricted,raise,overall,-42.1875,-194.54892069586154,110.17392069586154,64,7,15,128,4,35,4,35,0,4,0,215,,,,,,,,,,,,
calibration,heuristic,restricted,raise,big_blind,-23.4375,-263.18475727232027,216.30975727232027,64,,,,,,,,,,,,,,,,,,,,,,,
calibration,heuristic,restricted,raise,button,-60.9375,-261.07450476745845,139.19950476745845,64,,,,,,,,,,,,,,,,,,,,,,,
calibration,heuristic,restricted,random,overall,42.96875,-65.04266152536361,150.9801615253636,64,2,7,128,11,65,13,56,0,6,7,242,,,,,,,,,,,,
calibration,heuristic,restricted,random,big_blind,71.875,-102.16899469458883,245.91899469458883,64,,,,,,,,,,,,,,,,,,,,,,,
calibration,heuristic,restricted,random,button,14.0625,-127.12702257607421,155.2520225760742,64,,,,,,,,,,,,,,,,,,,,,,,
calibration,heuristic,restricted,selective_stackoff,overall,41.796875,10.383955283171993,73.20979471682801,64,0,1,128,1,1,1,1,0,1,0,125,,,,,,,,,,,,
calibration,heuristic,restricted,selective_stackoff,big_blind,38.28125,18.16174147053713,58.40075852946287,64,,,,,,,,,,,,,,,,,,,,,,,
calibration,heuristic,restricted,selective_stackoff,button,45.3125,-19.402837367003315,110.02783736700331,64,,,,,,,,,,,,,,,,,,,,,,,
calibration,heuristic,restricted,tight_aggressive,overall,29.296875,-2.5563356424479196,61.15008564244792,64,0,1,128,0,3,0,3,0,0,0,92,,,,,,,,,,,,
calibration,heuristic,restricted,tight_aggressive,big_blind,19.53125,-13.220966514273194,52.283466514273194,64,,,,,,,,,,,,,,,,,,,,,,,
calibration,heuristic,restricted,tight_aggressive,button,39.0625,-28.305409410625273,106.43040941062527,64,,,,,,,,,,,,,,,,,,,,,,,
calibration,heuristic,restricted,tight_passive,overall,42.96875,8.467738264369622,77.46976173563039,64,0,1,128,1,3,1,3,0,1,0,94,,,,,,,,,,,,
calibration,heuristic,restricted,tight_passive,big_blind,50,38.2246654271965,61.7753345728035,64,,,,,,,,,,,,,,,,,,,,,,,
calibration,heuristic,restricted,tight_passive,button,35.9375,-36.08443370711092,107.95943370711092,64,,,,,,,,,,,,,,,,,,,,,,,
calibration,heuristic,restricted,train_pressure,overall,23.046875,-31.69242825403491,77.78617825403491,64,0,2,128,4,13,4,13,0,2,2,140,,,,,,,,,,,,
calibration,heuristic,restricted,train_pressure,big_blind,46.09375,-35.193371684974295,127.3808716849743,64,,,,,,,,,,,,,,,,,,,,,,,
calibration,heuristic,restricted,train_pressure,button,0,-82.60738010255281,82.60738010255281,64,,,,,,,,,,,,,,,,,,,,,,,
model,B-2026093001-100000000,native,native,overall,13.658203125,-10.80772366435685,38.12412991435685,512,18,15,1024,30,256,53,243,0,15,38,1533,52,27,418,8,45,2,745,11,116,1481,12,202
model,B-2026093001-100000000,native,native,big_blind,34.951171875,-2.8815339457738816,72.78387769577388,512,,,,,,,,,,,,,,,,,,,,,,,
model,B-2026093001-100000000,native,native,button,-7.634765625,-46.94589157074189,31.676360320741892,512,,,,,,,,,,,,,,,,,,,,,,,
model,B-2026093001-100000000,restricted,restricted,overall,14.111328125,-10.095433997610773,38.31809024761077,512,21,14,1024,41,254,57,243,0,17,40,1366,0,,383,,57,,745,,79,1366,,159
model,B-2026093001-100000000,restricted,restricted,big_blind,9.9609375,-22.84876605437912,42.77064105437912,512,,,,,,,,,,,,,,,,,,,,,,,
model,B-2026093001-100000000,restricted,restricted,button,18.26171875,-24.775471165960937,61.29890866596094,512,,,,,,,,,,,,,,,,,,,,,,,
model,B-2026093001-500000000,native,native,overall,0.7412109375,-25.127206187493567,26.609628062493567,512,24,14,1024,28,234,50,228,0,18,32,1511,48,23,413,8,42,2,746,12,110,1463,11,194
model,B-2026093001-500000000,native,native,big_blind,7.318359375,-28.542466061211947,43.17918481121195,512,,,,,,,,,,,,,,,,,,,,,,,
model,B-2026093001-500000000,native,native,button,-5.8359375,-50.425641529400885,38.753766529400885,512,,,,,,,,,,,,,,,,,,,,,,,
model,B-2026093001-500000000,restricted,restricted,overall,26.26953125,0.9945331432686579,51.544529356731346,512,22,14,1024,46,268,52,250,0,15,37,1402,0,,393,,52,,748,,84,1402,,177
model,B-2026093001-500000000,restricted,restricted,big_blind,43.1640625,11.959042303229065,74.36908269677093,512,,,,,,,,,,,,,,,,,,,,,,,
model,B-2026093001-500000000,restricted,restricted,button,9.375,-37.86177158871481,56.61177158871481,512,,,,,,,,,,,,,,,,,,,,,,,
model,B-2026093002-100000000,native,native,overall,13.7197265625,-10.271888917363572,37.71134204236357,512,22,11,1024,37,238,46,218,0,18,28,1523,47,29,406,14,32,1,741,5,119,1476,12,210
model,B-2026093002-100000000,native,native,big_blind,16.890625,-20.51650734751569,54.29775734751569,512,,,,,,,,,,,,,,,,,,,,,,,
model,B-2026093002-100000000,native,native,button,10.548828125,-29.822009305814788,50.91966555581479,512,,,,,,,,,,,,,,,,,,,,,,,
model,B-2026093002-100000000,restricted,restricted,overall,31.591796875,7.34021958123564,55.843374168764356,512,19,16,1024,50,279,56,253,0,15,41,1429,1,1,413,,56,,743,,91,1428,,181
model,B-2026093002-100000000,restricted,restricted,big_blind,26.171875,-9.401392434433149,61.74514243443315,512,,,,,,,,,,,,,,,,,,,,,,,
model,B-2026093002-100000000,restricted,restricted,button,37.01171875,-6.905044610065431,80.92848211006543,512,,,,,,,,,,,,,,,,,,,,,,,
model,B-2026093002-500000000,native,native,overall,0.2744140625,-25.57978604641243,26.12861417141243,512,27,14,1024,36,252,34,231,0,13,21,1537,47,22,442,6,28,1,744,10,111,1490,14,193
model,B-2026093002-500000000,native,native,big_blind,30.65625,-3.564471074120654,64.87697107412066,512,,,,,,,,,,,,,,,,,,,,,,,
model,B-2026093002-500000000,native,native,button,-30.107421875,-75.71738741823575,15.502543668235745,512,,,,,,,,,,,,,,,,,,,,,,,
model,B-2026093002-500000000,restricted,restricted,overall,12.79296875,-11.421801686708708,37.007739186708704,512,21,11,1024,41,331,48,297,0,12,36,1490,0,,454,,48,,744,,100,1490,,192
model,B-2026093002-500000000,restricted,restricted,big_blind,22.8515625,-12.399540788277555,58.102665788277555,512,,,,,,,,,,,,,,,,,,,,,,,
model,B-2026093002-500000000,restricted,restricted,button,2.734375,-40.363516760986315,45.832266760986315,512,,,,,,,,,,,,,,,,,,,,,,,
model,B-2026093003-100000000,native,native,overall,7.9033203125,-15.537310517406457,31.343951142406457,512,21,10,1024,46,233,56,222,0,18,38,1452,39,23,395,14,42,1,744,5,107,1413,10,167
model,B-2026093003-100000000,native,native,big_blind,13.734375,-18.915674083764145,46.384424083764145,512,,,,,,,,,,,,,,,,,,,,,,,
model,B-2026093003-100000000,native,native,button,2.072265625,-40.07326938691913,44.21780063691913,512,,,,,,,,,,,,,,,,,,,,,,,
model,B-2026093003-100000000,restricted,restricted,overall,23.046875,-0.4836813111442737,46.577431311144274,512,20,13,1024,53,269,58,252,0,20,38,1355,3,,371,,58,,745,2,84,1352,1,152
model,B-2026093003-100000000,restricted,restricted,big_blind,9.5703125,-20.82695105572346,39.967576055723455,512,,,,,,,,,,,,,,,,,,,,,,,
model,B-2026093003-100000000,restricted,restricted,button,36.5234375,-8.735128035983017,81.78200303598302,512,,,,,,,,,,,,,,,,,,,,,,,
model,B-2026093003-500000000,native,native,overall,14.7421875,-9.215177789196371,38.699552789196375,512,21,14,1024,34,253,42,241,0,11,31,1519,48,25,415,9,33,3,751,9,113,1471,11,192
model,B-2026093003-500000000,native,native,big_blind,22.171875,-15.139800843334108,59.48355084333411,512,,,,,,,,,,,,,,,,,,,,,,,
model,B-2026093003-500000000,native,native,button,7.3125,-32.98045238951497,47.60545238951497,512,,,,,,,,,,,,,,,,,,,,,,,
model,B-2026093003-500000000,restricted,restricted,overall,17.1875,-8.550442242302388,42.92544224230239,512,22,14,1024,48,281,50,260,0,23,27,1421,0,,411,,50,,749,,87,1421,,174
model,B-2026093003-500000000,restricted,restricted,big_blind,8.7890625,-27.139319336334452,44.71744433633445,512,,,,,,,,,,,,,,,,,,,,,,,
model,B-2026093003-500000000,restricted,restricted,button,25.5859375,-16.784178030230926,67.95605303023092,512,,,,,,,,,,,,,,,,,,,,,,,
