model,mode,first_large_response,hands,sum_whole_hand_chips,whole_hand_bb_per_100,full_stack_wins,full_stack_losses
B-2026093001-100000000,native,continued,15,-13800,-920.0,3,7
B-2026093001-100000000,native,folded,38,22268,586.0,0,0
B-2026093001-100000000,native,no_large_raise,971,5518,5.6828012358393405,12,11
B-2026093001-100000000,restricted,continued,17,-2800,-164.7058823529412,5,7
B-2026093001-100000000,restricted,folded,38,26100,686.8421052631579,0,0
B-2026093001-100000000,restricted,no_large_raise,969,-8850,-9.13312693498452,9,14
B-2026093001-500000000,native,continued,18,-19451,-1080.611111111111,1,11
B-2026093001-500000000,native,folded,31,17716,571.483870967742,0,0
B-2026093001-500000000,native,no_large_raise,975,2494,2.557948717948718,13,13
B-2026093001-500000000,restricted,continued,15,2000,133.33333333333334,7,6
B-2026093001-500000000,restricted,folded,37,27600,745.9459459459459,0,0
B-2026093001-500000000,restricted,no_large_raise,972,-2700,-2.7777777777777777,7,16
B-2026093002-100000000,native,continued,18,-13950,-775.0,2,10
B-2026093002-100000000,native,folded,28,17055,609.1071428571429,0,0
B-2026093002-100000000,native,no_large_raise,978,10944,11.190184049079754,9,12
B-2026093002-100000000,restricted,continued,14,600,42.857142857142854,5,5
B-2026093002-100000000,restricted,folded,41,29200,712.1951219512196,0,0
B-2026093002-100000000,restricted,no_large_raise,969,2550,2.6315789473684212,11,14
B-2026093002-500000000,native,continued,13,-16000,-1230.7692307692307,2,10
B-2026093002-500000000,native,folded,21,11716,557.9047619047619,0,0
B-2026093002-500000000,native,no_large_raise,990,4565,4.611111111111111,12,17
B-2026093002-500000000,restricted,continued,12,-7500,-625.0,2,6
B-2026093002-500000000,restricted,folded,36,23600,655.5555555555555,0,0
B-2026093002-500000000,restricted,no_large_raise,976,-3000,-3.0737704918032787,9,15
B-2026093003-100000000,native,continued,18,-14302,-794.5555555555555,3,11
B-2026093003-100000000,native,folded,37,22317,603.1621621621622,0,0
B-2026093003-100000000,native,no_large_raise,969,78,0.0804953560371517,7,10
B-2026093003-100000000,restricted,continued,19,-6000,-315.7894736842105,7,10
B-2026093003-100000000,restricted,folded,38,25900,681.578947368421,0,0
B-2026093003-100000000,restricted,no_large_raise,967,3700,3.8262668045501553,6,10
B-2026093003-500000000,native,continued,11,-5250,-477.27272727272725,4,5
B-2026093003-500000000,native,folded,31,20643,665.9032258064516,0,0
B-2026093003-500000000,native,no_large_raise,982,-297,-0.3024439918533605,10,16
B-2026093003-500000000,restricted,continued,23,-2800,-121.73913043478261,8,11
B-2026093003-500000000,restricted,folded,27,20500,759.2592592592592,0,0
B-2026093003-500000000,restricted,no_large_raise,974,-100,-0.1026694045174538,6,11
