cell,seed,requested_nodes,actual_nodes,population,street,count,median,fraction_zero,fraction_lt10,fraction_lt100
full,2026093001,250000,250131,common_encounters,flop,4248,4,0.1873822975517891,0.6664312617702448,1.0
full,2026093001,250000,250131,common_encounters,preflop,10230,2,0.26304985337243403,0.9977517106549365,1.0
full,2026093001,250000,250131,common_encounters,river,545,0,0.7394495412844037,1.0,1.0
full,2026093001,250000,250131,common_encounters,turn,1658,0,0.5470446320868516,0.9897466827503015,1.0
full,2026093001,250000,250131,common_unique_keys,flop,1650,1,0.4127272727272727,0.9381818181818182,1.0
full,2026093001,250000,250131,common_unique_keys,preflop,2495,0,0.533066132264529,0.9995991983967936,1.0
full,2026093001,250000,250131,common_unique_keys,river,533,0,0.7504690431519699,1.0,1.0
full,2026093001,250000,250131,common_unique_keys,turn,1381,0,0.6154960173787111,0.997103548153512,1.0
full,2026093001,250000,250131,stored,flop,4562,1,0.0,0.9756685664182376,1.0
full,2026093001,250000,250131,stored,preflop,2746,1,0.0,0.9996358339402768,1.0
full,2026093001,250000,250131,stored,river,19806,1,0.0,0.9999495102494194,1.0
full,2026093001,250000,250131,stored,turn,11921,1,0.0,0.9993289153594497,1.0
full,2026093001,500000,500383,common_encounters,flop,4248,9,0.11958568738229755,0.5028248587570622,0.9797551789077212
full,2026093001,500000,500383,common_encounters,preflop,10230,4,0.1356793743890518,0.7812316715542522,1.0
full,2026093001,500000,500383,common_encounters,river,545,0,0.5944954128440367,0.9963302752293578,1.0
full,2026093001,500000,500383,common_encounters,turn,1658,1,0.41133896260554886,0.9300361881785284,1.0
full,2026093001,500000,500383,common_unique_keys,flop,1650,2,0.27515151515151515,0.8424242424242424,0.9993939393939394
full,2026093001,500000,500383,common_unique_keys,preflop,2495,1,0.35070140280561124,0.9687374749498998,1.0
full,2026093001,500000,500383,common_unique_keys,river,533,0,0.6041275797373359,0.9962476547842402,1.0
full,2026093001,500000,500383,common_unique_keys,turn,1381,1,0.4786386676321506,0.9688631426502534,1.0
full,2026093001,500000,500383,stored,flop,7257,1,0.0,0.9528730880529144,0.9998622020118506
full,2026093001,500000,500383,stored,preflop,4553,1,0.0,0.9828684383922688,1.0
full,2026093001,500000,500383,stored,river,36233,1,0.0,0.9996688102006458,1.0
full,2026093001,500000,500383,stored,turn,21407,1,0.0,0.9965899004998365,1.0
full,2026093001,1000000,1000440,common_encounters,flop,4248,20,0.0692090395480226,0.3545197740112994,0.879708097928437
full,2026093001,1000000,1000440,common_encounters,preflop,10230,7,0.05474095796676442,0.5914956011730206,1.0
full,2026093001,1000000,1000440,common_encounters,river,545,1,0.47155963302752296,0.9467889908256881,1.0
full,2026093001,1000000,1000440,common_encounters,turn,1658,2,0.2858866103739445,0.8214716525934861,1.0
full,2026093001,1000000,1000440,common_unique_keys,flop,1650,4,0.16787878787878788,0.6921212121212121,0.9933333333333333
full,2026093001,1000000,1000440,common_unique_keys,preflop,2495,2,0.17915831663326653,0.9050100200400801,1.0
full,2026093001,1000000,1000440,common_unique_keys,river,533,1,0.47842401500938087,0.9474671669793621,1.0
full,2026093001,1000000,1000440,common_unique_keys,turn,1381,1,0.33671252715423605,0.8913830557566981,1.0
full,2026093001,1000000,1000440,stored,flop,10732,1,0.0,0.9193067461796497,0.9989750279537831
full,2026093001,1000000,1000440,stored,preflop,6848,2,0.0,0.9646612149532711,1.0
full,2026093001,1000000,1000440,stored,river,64267,1,0.0,0.9975881867832636,1.0
full,2026093001,1000000,1000440,stored,turn,36599,1,0.0,0.9894532637503757,1.0
full,2026093001,2000000,2000143,common_encounters,flop,4248,38,0.036016949152542374,0.2365819209039548,0.7120998116760828
full,2026093001,2000000,2000143,common_encounters,preflop,10230,14,0.02355816226783969,0.3259042033235582,1.0
full,2026093001,2000000,2000143,common_encounters,river,545,1,0.3596330275229358,0.8844036697247707,1.0
full,2026093001,2000000,2000143,common_encounters,turn,1658,5,0.18998793727382388,0.6688781664656213,0.9939686369119421
full,2026093001,2000000,2000143,common_unique_keys,flop,1650,9,0.0903030303030303,0.5230303030303031,0.9624242424242424
full,2026093001,2000000,2000143,common_unique_keys,preflop,2495,5,0.08537074148296593,0.717434869739479,1.0
full,2026093001,2000000,2000143,common_unique_keys,river,533,1,0.36585365853658536,0.8930581613508443,1.0
full,2026093001,2000000,2000143,common_unique_keys,turn,1381,3,0.22592324402606806,0.7617668356263577,0.998551774076756
full,2026093001,2000000,2000143,stored,flop,15152,2,0.0,0.8804778247096093,0.9957761351636748
full,2026093001,2000000,2000143,stored,preflop,9317,2,0.0,0.9160674036707095,1.0
full,2026093001,2000000,2000143,stored,river,109360,1,0.0,0.9917154352596927,1.0
full,2026093001,2000000,2000143,stored,turn,59466,1,0.0,0.9754649715803989,0.9999663673359567
compressed,2026093001,250000,250408,common_encounters,flop,4248,5,0.16925612052730696,0.6513653483992468,1.0
compressed,2026093001,250000,250408,common_encounters,preflop,10230,2,0.2565004887585533,0.986217008797654,1.0
compressed,2026093001,250000,250408,common_encounters,river,545,0,0.5614678899082569,0.9908256880733946,1.0
compressed,2026093001,250000,250408,common_encounters,turn,1658,1,0.47104945717732205,0.9662243667068757,1.0
compressed,2026093001,250000,250408,common_unique_keys,flop,1620,1,0.3697530864197531,0.924074074074074,1.0
compressed,2026093001,250000,250408,common_unique_keys,preflop,2495,0,0.5314629258517034,0.9983967935871744,1.0
compressed,2026093001,250000,250408,common_unique_keys,river,532,0,0.5695488721804511,0.9924812030075187,1.0
compressed,2026093001,250000,250408,common_unique_keys,turn,1361,0,0.5371050698016164,0.9845701689933872,1.0
compressed,2026093001,250000,250408,stored,flop,4196,1,0.0,0.9640133460438512,1.0
compressed,2026093001,250000,250408,stored,preflop,2905,1,0.0,0.9986230636833047,1.0
compressed,2026093001,250000,250408,stored,river,14798,1,0.0,0.9968914718205163,1.0
compressed,2026093001,250000,250408,stored,turn,10489,1,0.0,0.9974258747259033,1.0
compressed,2026093001,500000,500172,common_encounters,flop,4248,10,0.10546139359698682,0.4762241054613936,0.9611581920903954
compressed,2026093001,500000,500172,common_encounters,preflop,10230,4,0.12570869990224828,0.7676441837732161,1.0
compressed,2026093001,500000,500172,common_encounters,river,545,1,0.42752293577981654,0.9559633027522936,1.0
compressed,2026093001,500000,500172,common_encounters,turn,1658,1,0.33715319662243665,0.8896260554885405,1.0
compressed,2026093001,500000,500172,common_unique_keys,flop,1620,2,0.24938271604938272,0.8135802469135802,0.9987654320987654
compressed,2026093001,500000,500172,common_unique_keys,preflop,2495,1,0.3330661322645291,0.9663326653306613,1.0
compressed,2026093001,500000,500172,common_unique_keys,river,532,1,0.4323308270676692,0.9586466165413534,1.0
compressed,2026093001,500000,500172,common_unique_keys,turn,1361,1,0.39162380602498165,0.9397501836884644,1.0
compressed,2026093001,500000,500172,stored,flop,6343,1,0.0,0.9350465079615324,0.999684691786221
compressed,2026093001,500000,500172,stored,preflop,4686,1,0.0,0.9820742637644047,1.0
compressed,2026093001,500000,500172,stored,river,24918,1,0.0,0.989646039007946,1.0
compressed,2026093001,500000,500172,stored,turn,17813,1,0.0,0.9888845225397181,1.0
compressed,2026093001,1000000,1000148,common_encounters,flop,4248,21,0.060969868173258,0.3258003766478343,0.873587570621469
compressed,2026093001,1000000,1000148,common_encounters,preflop,10230,7,0.05298142717497556,0.5868035190615836,1.0
compressed,2026093001,1000000,1000148,common_encounters,river,545,2,0.28990825688073396,0.8788990825688073,1.0
compressed,2026093001,1000000,1000148,common_encounters,turn,1658,3,0.218335343787696,0.7756332931242461,1.0
compressed,2026093001,1000000,1000148,common_unique_keys,flop,1620,5,0.15123456790123457,0.6549382716049382,0.9907407407407407
compressed,2026093001,1000000,1000148,common_unique_keys,preflop,2495,2,0.17635270541082165,0.901002004008016,1.0
compressed,2026093001,1000000,1000148,common_unique_keys,river,532,2,0.2951127819548872,0.881578947368421,1.0
compressed,2026093001,1000000,1000148,common_unique_keys,turn,1361,2,0.2637766348273328,0.8412931667891257,1.0
compressed,2026093001,1000000,1000148,stored,flop,9197,2,0.0,0.8947482874850494,0.9983690333804501
compressed,2026093001,1000000,1000148,stored,preflop,6924,2,0.0,0.963893703061814,1.0
compressed,2026093001,1000000,1000148,stored,river,40843,1,0.0,0.9767646842788238,0.9999755160002938
compressed,2026093001,1000000,1000148,stored,turn,29126,1,0.0,0.9740781432397171,1.0
compressed,2026093001,2000000,2000099,common_encounters,flop,4248,40,0.03154425612052731,0.21516007532956685,0.7151600753295668
compressed,2026093001,2000000,2000099,common_encounters,preflop,10230,14,0.01906158357771261,0.3173998044965787,1.0
compressed,2026093001,2000000,2000099,common_encounters,river,545,4,0.163302752293578,0.7357798165137615,1.0
compressed,2026093001,2000000,2000099,common_encounters,turn,1658,7,0.12967430639324487,0.5711700844390832,0.9867310012062727
compressed,2026093001,2000000,2000099,common_unique_keys,flop,1620,10,0.07962962962962963,0.4858024691358025,0.9604938271604938
compressed,2026093001,2000000,2000099,common_unique_keys,preflop,2495,5,0.07374749498997996,0.7166332665330661,1.0
compressed,2026093001,2000000,2000099,common_unique_keys,river,532,4,0.16541353383458646,0.7406015037593985,1.0
compressed,2026093001,2000000,2000099,common_unique_keys,turn,1361,5,0.15723732549595884,0.6539309331373989,0.9948567229977957
compressed,2026093001,2000000,2000099,stored,flop,12843,2,0.0,0.8561083858911469,0.9947052869267305
compressed,2026093001,2000000,2000099,stored,preflop,9250,2,0.0,0.915027027027027,1.0
compressed,2026093001,2000000,2000099,stored,river,63262,1,0.0,0.9542695456988397,0.9998419272232936
compressed,2026093001,2000000,2000099,stored,turn,44584,1,0.0,0.9478961062264489,0.9998205634308271
full,2026093002,250000,250322,common_encounters,flop,4248,5,0.1786723163841808,0.6527777777777778,1.0
full,2026093002,250000,250322,common_encounters,preflop,10230,2,0.250733137829912,0.9810361681329424,1.0
full,2026093002,250000,250322,common_encounters,river,545,0,0.7394495412844037,1.0,1.0
full,2026093002,250000,250322,common_encounters,turn,1658,0,0.5657418576598311,0.9873341375150784,1.0
full,2026093002,250000,250322,common_unique_keys,flop,1650,1,0.38545454545454544,0.933939393939394,1.0
full,2026093002,250000,250322,common_unique_keys,preflop,2495,0,0.5190380761523046,0.9975951903807615,1.0
full,2026093002,250000,250322,common_unique_keys,river,533,0,0.7448405253283302,1.0,1.0
full,2026093002,250000,250322,common_unique_keys,turn,1381,0,0.6350470673425054,0.9934829833454019,1.0
full,2026093002,250000,250322,stored,flop,4725,1,0.0,0.9758730158730159,1.0
full,2026093002,250000,250322,stored,preflop,2757,1,0.0,0.9978237214363439,1.0
full,2026093002,250000,250322,stored,river,19501,1,0.0,1.0,1.0
full,2026093002,250000,250322,stored,turn,12027,1,0.0,0.9989190986946038,1.0
full,2026093002,500000,500330,common_encounters,flop,4248,10,0.11558380414312618,0.4936440677966102,0.9750470809792844
full,2026093002,500000,500330,common_encounters,preflop,10230,4,0.12668621700879765,0.7242424242424242,1.0
full,2026093002,500000,500330,common_encounters,river,545,0,0.6293577981651376,0.998165137614679,1.0
full,2026093002,500000,500330,common_encounters,turn,1658,1,0.4191797346200241,0.9173703256936068,1.0
full,2026093002,500000,500330,common_unique_keys,flop,1650,2,0.2672727272727273,0.8375757575757575,0.9987878787878788
full,2026093002,500000,500330,common_unique_keys,preflop,2495,1,0.3410821643286573,0.9587174348697395,1.0
full,2026093002,500000,500330,common_unique_keys,river,533,0,0.6378986866791745,0.99812382739212,1.0
full,2026093002,500000,500330,common_unique_keys,turn,1381,1,0.4837074583635047,0.9616220130340333,1.0
full,2026093002,500000,500330,stored,flop,7230,1,0.0,0.9499308437067773,0.9997233748271093
full,2026093002,500000,500330,stored,preflop,4495,1,0.0,0.9770856507230256,1.0
full,2026093002,500000,500330,stored,river,35623,1,0.0,0.9996069954804481,1.0
full,2026093002,500000,500330,stored,turn,21318,1,0.0,0.9960596678862933,1.0
full,2026093002,1000000,1000362,common_encounters,flop,4248,19,0.06497175141242938,0.3443973634651601,0.8653483992467044
full,2026093002,1000000,1000362,common_encounters,preflop,10230,7,0.06412512218963833,0.5934506353861193,1.0
full,2026093002,1000000,1000362,common_encounters,river,545,1,0.46788990825688076,0.9596330275229358,1.0
full,2026093002,1000000,1000362,common_encounters,turn,1658,2,0.2750301568154403,0.8057901085645356,1.0
full,2026093002,1000000,1000362,common_unique_keys,flop,1650,5,0.15818181818181817,0.6818181818181818,0.9921212121212121
full,2026093002,1000000,1000362,common_unique_keys,preflop,2495,2,0.19799599198396794,0.9006012024048096,1.0
full,2026093002,1000000,1000362,common_unique_keys,river,533,1,0.47654784240150094,0.9624765478424016,1.0
full,2026093002,1000000,1000362,common_unique_keys,turn,1381,2,0.3265749456915279,0.8848660391020999,1.0
full,2026093002,1000000,1000362,stored,flop,10455,1,0.0,0.9143950263032042,0.9987565758010521
full,2026093002,1000000,1000362,stored,preflop,6649,2,0.0,0.9616483681756656,1.0
full,2026093002,1000000,1000362,stored,river,63728,1,0.0,0.9977403966859152,1.0
full,2026093002,1000000,1000362,stored,turn,36265,1,0.0,0.9897146008548187,1.0
full,2026093002,2000000,2000104,common_encounters,flop,4248,40,0.03483992467043315,0.23728813559322035,0.7351694915254238
full,2026093002,2000000,2000104,common_encounters,preflop,10230,14,0.024242424242424242,0.30635386119257085,1.0
full,2026093002,2000000,2000104,common_encounters,river,545,1,0.3339449541284404,0.8844036697247707,1.0
full,2026093002,2000000,2000104,common_encounters,turn,1658,4,0.18697225572979492,0.6646562123039808,0.9903498190591074
full,2026093002,2000000,2000104,common_unique_keys,flop,1650,9,0.08666666666666667,0.5133333333333333,0.9648484848484848
full,2026093002,2000000,2000104,common_unique_keys,preflop,2495,5,0.08496993987975952,0.7090180360721443,1.0
full,2026093002,2000000,2000104,common_unique_keys,river,533,1,0.3395872420262664,0.8930581613508443,1.0
full,2026093002,2000000,2000104,common_unique_keys,turn,1381,3,0.22302679217958002,0.7624909485879797,0.998551774076756
full,2026093002,2000000,2000104,stored,flop,14714,2,0.0,0.8770558651624304,0.9959222509174935
full,2026093002,2000000,2000104,stored,preflop,9309,2,0.0,0.9143839295305618,1.0
full,2026093002,2000000,2000104,stored,river,108155,1,0.0,0.9911608339882576,1.0
full,2026093002,2000000,2000104,stored,turn,58648,1,0.0,0.9746794434592825,0.9999488473605238
compressed,2026093002,250000,250378,common_encounters,flop,4248,5,0.17749529190207156,0.6520715630885122,1.0
compressed,2026093002,250000,250378,common_encounters,preflop,10230,2,0.24858260019550343,0.981524926686217,1.0
compressed,2026093002,250000,250378,common_encounters,river,545,0,0.5834862385321101,0.9908256880733946,1.0
compressed,2026093002,250000,250378,common_encounters,turn,1658,1,0.48009650180940894,0.9722557297949337,1.0
compressed,2026093002,250000,250378,common_unique_keys,flop,1620,1,0.3814814814814815,0.9228395061728395,1.0
compressed,2026093002,250000,250378,common_unique_keys,preflop,2495,0,0.5162324649298597,0.9975951903807615,1.0
compressed,2026093002,250000,250378,common_unique_keys,river,532,0,0.5883458646616542,0.9906015037593985,1.0
compressed,2026093002,250000,250378,common_unique_keys,turn,1361,0,0.5429831006612784,0.9845701689933872,1.0
compressed,2026093002,250000,250378,stored,flop,4281,1,0.0,0.9665965895818734,1.0
compressed,2026093002,250000,250378,stored,preflop,2910,1,0.0,0.9979381443298969,1.0
compressed,2026093002,250000,250378,stored,river,14740,1,0.0,0.9962008141112618,1.0
compressed,2026093002,250000,250378,stored,turn,10451,1,0.0,0.9960769304372787,1.0
compressed,2026093002,500000,500256,common_encounters,flop,4248,11,0.10475517890772128,0.471045197740113,0.9611581920903954
compressed,2026093002,500000,500256,common_encounters,preflop,10230,4,0.12805474095796676,0.7203323558162268,1.0
compressed,2026093002,500000,500256,common_encounters,river,545,1,0.41834862385321103,0.9743119266055046,1.0
compressed,2026093002,500000,500256,common_encounters,turn,1658,1,0.3250904704463209,0.8986731001206273,1.0
compressed,2026093002,500000,500256,common_unique_keys,flop,1620,2,0.24320987654320989,0.8049382716049382,0.9987654320987654
compressed,2026093002,500000,500256,common_unique_keys,preflop,2495,1,0.331062124248497,0.9599198396793587,1.0
compressed,2026093002,500000,500256,common_unique_keys,river,532,1,0.42105263157894735,0.9736842105263158,1.0
compressed,2026093002,500000,500256,common_unique_keys,turn,1361,1,0.3828067597354886,0.9390154298310066,1.0
compressed,2026093002,500000,500256,stored,flop,6341,1,0.0,0.9334489828102823,0.9996845923355937
compressed,2026093002,500000,500256,stored,preflop,4719,1,0.0,0.9788090697181606,1.0
compressed,2026093002,500000,500256,stored,river,24755,1,0.0,0.9910725106039184,1.0
compressed,2026093002,500000,500256,stored,turn,17673,1,0.0,0.9894754710575454,1.0
compressed,2026093002,1000000,1000283,common_encounters,flop,4248,22,0.060263653483992465,0.3281544256120527,0.8554613935969868
compressed,2026093002,1000000,1000283,common_encounters,preflop,10230,7,0.0563049853372434,0.5894428152492669,1.0
compressed,2026093002,1000000,1000283,common_encounters,river,545,2,0.26788990825688075,0.8917431192660551,1.0
compressed,2026093002,1000000,1000283,common_encounters,turn,1658,3,0.20325693606755127,0.7563329312424608,0.9993968636911942
compressed,2026093002,1000000,1000283,common_unique_keys,flop,1620,5,0.1469135802469136,0.6561728395061729,0.9876543209876543
compressed,2026093002,1000000,1000283,common_unique_keys,preflop,2495,2,0.18316633266533067,0.9014028056112224,1.0
compressed,2026093002,1000000,1000283,common_unique_keys,river,532,2,0.2725563909774436,0.8966165413533834,1.0
compressed,2026093002,1000000,1000283,common_unique_keys,turn,1361,2,0.2446730345334313,0.8324761204996326,0.9992652461425422
compressed,2026093002,1000000,1000283,stored,flop,9045,2,0.0,0.8967385295743505,0.9977888336097291
compressed,2026093002,1000000,1000283,stored,preflop,6817,2,0.0,0.963180284582661,1.0
compressed,2026093002,1000000,1000283,stored,river,40373,1,0.0,0.9774849528150001,1.0
compressed,2026093002,1000000,1000283,stored,turn,28650,1,0.0,0.9723211169284468,0.9999650959860384
compressed,2026093002,2000000,2000539,common_encounters,flop,4248,43,0.036016949152542374,0.21822033898305085,0.7125706214689266
compressed,2026093002,2000000,2000539,common_encounters,preflop,10230,15,0.021407624633431085,0.31915933528836754,1.0
compressed,2026093002,2000000,2000539,common_encounters,river,545,4,0.1963302752293578,0.7339449541284404,1.0
compressed,2026093002,2000000,2000539,common_encounters,turn,1658,7,0.13872135102533173,0.5796139927623642,0.9879372738238842
compressed,2026093002,2000000,2000539,common_unique_keys,flop,1620,10,0.08888888888888889,0.4925925925925926,0.9537037037037037
compressed,2026093002,2000000,2000539,common_unique_keys,preflop,2495,5,0.07775551102204409,0.7158316633266533,1.0
compressed,2026093002,2000000,2000539,common_unique_keys,river,532,4,0.20112781954887218,0.7387218045112782,1.0
compressed,2026093002,2000000,2000539,common_unique_keys,turn,1361,5,0.16825863335782512,0.6678912564290963,0.9948567229977957
compressed,2026093002,2000000,2000539,stored,flop,12614,2,0.0,0.8537339464087522,0.9938163944823213
compressed,2026093002,2000000,2000539,stored,preflop,9315,2,0.0,0.9156199677938809,1.0
compressed,2026093002,2000000,2000539,stored,river,62743,1,0.0,0.9544650399247725,0.9998565577036482
compressed,2026093002,2000000,2000539,stored,turn,43962,1,0.0,0.9459078294891042,0.9997952777398662
full,2026093003,250000,250474,common_encounters,flop,4248,4,0.1756120527306968,0.6610169491525424,1.0
full,2026093003,250000,250474,common_encounters,preflop,10230,2,0.255425219941349,0.9777126099706744,1.0
full,2026093003,250000,250474,common_encounters,river,545,0,0.7669724770642202,1.0,1.0
full,2026093003,250000,250474,common_encounters,turn,1658,0,0.5705669481302774,0.985524728588661,1.0
full,2026093003,250000,250474,common_unique_keys,flop,1650,1,0.3781818181818182,0.9387878787878788,1.0
full,2026093003,250000,250474,common_unique_keys,preflop,2495,0,0.5274549098196393,0.9971943887775551,1.0
full,2026093003,250000,250474,common_unique_keys,river,533,0,0.7711069418386491,1.0,1.0
full,2026093003,250000,250474,common_unique_keys,turn,1381,0,0.6335988414192614,0.9942070963070239,1.0
full,2026093003,250000,250474,stored,flop,4804,1,0.0,0.97751873438801,1.0
full,2026093003,250000,250474,stored,preflop,2728,1,0.0,0.9974340175953079,1.0
full,2026093003,250000,250474,stored,river,19776,1,0.0,1.0,1.0
full,2026093003,250000,250474,stored,turn,12035,1,0.0,0.9992521811383465,1.0
full,2026093003,500000,500189,common_encounters,flop,4248,10,0.11393596986817325,0.4861111111111111,0.9611581920903954
full,2026093003,500000,500189,common_encounters,preflop,10230,4,0.13870967741935483,0.7747800586510264,1.0
full,2026093003,500000,500189,common_encounters,river,545,0,0.6495412844036698,0.9963302752293578,1.0
full,2026093003,500000,500189,common_encounters,turn,1658,1,0.43003618817852834,0.913751507840772,1.0
full,2026093003,500000,500189,common_unique_keys,flop,1650,2,0.26121212121212123,0.8351515151515152,0.9987878787878788
full,2026093003,500000,500189,common_unique_keys,preflop,2495,1,0.3531062124248497,0.9663326653306613,1.0
full,2026093003,500000,500189,common_unique_keys,river,533,0,0.6547842401500938,0.9962476547842402,1.0
full,2026093003,500000,500189,common_unique_keys,turn,1381,1,0.49384503982621286,0.9616220130340333,1.0
full,2026093003,500000,500189,stored,flop,7203,1,0.0,0.9502984867416354,0.9997223379147577
full,2026093003,500000,500189,stored,preflop,4438,1,0.0,0.9810725552050473,1.0
full,2026093003,500000,500189,stored,river,35750,1,0.0,0.9996643356643357,1.0
full,2026093003,500000,500189,stored,turn,21203,1,0.0,0.9959911333301891,1.0
full,2026093003,1000000,1000152,common_encounters,flop,4248,20,0.07015065913370998,0.336864406779661,0.85969868173258
full,2026093003,1000000,1000152,common_encounters,preflop,10230,8,0.06168132942326491,0.5934506353861193,1.0
full,2026093003,1000000,1000152,common_encounters,river,545,1,0.47706422018348627,0.9688073394495413,1.0
full,2026093003,1000000,1000152,common_encounters,turn,1658,2,0.29071170084439085,0.8250904704463209,1.0
full,2026093003,1000000,1000152,common_unique_keys,flop,1650,5,0.16484848484848486,0.6751515151515152,0.9921212121212121
full,2026093003,1000000,1000152,common_unique_keys,preflop,2495,2,0.19438877755511022,0.9002004008016032,1.0
full,2026093003,1000000,1000152,common_unique_keys,river,533,1,0.4821763602251407,0.9699812382739212,1.0
full,2026093003,1000000,1000152,common_unique_keys,turn,1381,1,0.3425054308472122,0.8957277335264301,1.0
full,2026093003,1000000,1000152,stored,flop,10472,1,0.0,0.9145339954163484,0.9987585943468297
full,2026093003,1000000,1000152,stored,preflop,6662,2,0.0,0.962023416391474,1.0
full,2026093003,1000000,1000152,stored,river,63709,1,0.0,0.9974100990440911,1.0
full,2026093003,1000000,1000152,stored,turn,36296,1,0.0,0.9884560282124752,1.0
full,2026093003,2000000,2000207,common_encounters,flop,4248,40,0.0397834274952919,0.2266949152542373,0.7321092278719398
full,2026093003,2000000,2000207,common_encounters,preflop,10230,14,0.02258064516129032,0.30840664711632454,1.0
full,2026093003,2000000,2000207,common_encounters,river,545,1,0.326605504587156,0.8862385321100917,1.0
full,2026093003,2000000,2000207,common_encounters,turn,1658,4,0.19782870928829915,0.6785283474065139,0.9987937273823885
full,2026093003,2000000,2000207,common_unique_keys,flop,1650,9,0.09878787878787879,0.5006060606060606,0.9612121212121212
full,2026093003,2000000,2000207,common_unique_keys,preflop,2495,5,0.08657314629258517,0.7042084168336673,1.0
full,2026093003,2000000,2000207,common_unique_keys,river,533,1,0.3320825515947467,0.8911819887429644,1.0
full,2026093003,2000000,2000207,common_unique_keys,turn,1381,3,0.2338884866039102,0.7697320782041999,0.999275887038378
full,2026093003,2000000,2000207,stored,flop,14690,2,0.0,0.8747447243022465,0.9954390742001361
full,2026093003,2000000,2000207,stored,preflop,9110,2,0.0,0.9092206366630077,1.0
full,2026093003,2000000,2000207,stored,river,108594,1,0.0,0.9910952722986537,1.0
full,2026093003,2000000,2000207,stored,turn,58677,1,0.0,0.9740273020093052,0.9999829575472502
compressed,2026093003,250000,250095,common_encounters,flop,4248,5,0.15889830508474576,0.664783427495292,1.0
compressed,2026093003,250000,250095,common_encounters,preflop,10230,2,0.24271749755620722,0.9777126099706744,1.0
compressed,2026093003,250000,250095,common_encounters,river,545,0,0.5981651376146789,0.9963302752293578,1.0
compressed,2026093003,250000,250095,common_encounters,turn,1658,1,0.46562123039806996,0.9764776839565742,1.0
compressed,2026093003,250000,250095,common_unique_keys,flop,1620,1,0.34629629629629627,0.9222222222222223,1.0
compressed,2026093003,250000,250095,common_unique_keys,preflop,2495,0,0.5114228456913827,0.9971943887775551,1.0
compressed,2026093003,250000,250095,common_unique_keys,river,532,0,0.599624060150376,0.9962406015037594,1.0
compressed,2026093003,250000,250095,common_unique_keys,turn,1361,0,0.529757531227039,0.9875091844232182,1.0
compressed,2026093003,250000,250095,stored,flop,4423,1,0.0,0.9687994573818675,1.0
compressed,2026093003,250000,250095,stored,preflop,2865,1,0.0,0.9975567190226876,1.0
compressed,2026093003,250000,250095,stored,river,14911,1,0.0,0.9964455770907383,1.0
compressed,2026093003,250000,250095,stored,turn,10537,1,0.0,0.9968681787985195,1.0
compressed,2026093003,500000,500071,common_encounters,flop,4248,10,0.1042843691148776,0.4894067796610169,0.9611581920903954
compressed,2026093003,500000,500071,common_encounters,preflop,10230,4,0.11906158357771261,0.7729227761485826,1.0
compressed,2026093003,500000,500071,common_encounters,river,545,1,0.42752293577981654,0.9596330275229358,1.0
compressed,2026093003,500000,500071,common_encounters,turn,1658,1,0.32629674306393247,0.8781664656212304,1.0
compressed,2026093003,500000,500071,common_unique_keys,flop,1620,3,0.24135802469135803,0.8179012345679012,0.9987654320987654
compressed,2026093003,500000,500071,common_unique_keys,preflop,2495,1,0.324248496993988,0.9691382765531062,1.0
compressed,2026093003,500000,500071,common_unique_keys,river,532,1,0.4323308270676692,0.9624060150375939,1.0
compressed,2026093003,500000,500071,common_unique_keys,turn,1361,1,0.3828067597354886,0.9331373989713446,1.0
compressed,2026093003,500000,500071,stored,flop,6415,1,0.0,0.9348402182385035,0.9996882307092751
compressed,2026093003,500000,500071,stored,preflop,4783,1,0.0,0.9839013171649592,1.0
compressed,2026093003,500000,500071,stored,river,25228,1,0.0,0.9911209766925638,1.0
compressed,2026093003,500000,500071,stored,turn,17573,1,0.0,0.9893586752404256,1.0
compressed,2026093003,1000000,1000614,common_encounters,flop,4248,20,0.057674199623352164,0.324623352165725,0.8914783427495292
compressed,2026093003,1000000,1000614,common_encounters,preflop,10230,8,0.051515151515151514,0.5825024437927664,1.0
compressed,2026093003,1000000,1000614,common_encounters,river,545,2,0.26055045871559634,0.8733944954128441,1.0
compressed,2026093003,1000000,1000614,common_encounters,turn,1658,3,0.22135102533172496,0.7593486127864898,1.0
compressed,2026093003,1000000,1000614,common_unique_keys,flop,1620,5,0.14320987654320988,0.6469135802469136,0.991358024691358
compressed,2026093003,1000000,1000614,common_unique_keys,preflop,2495,3,0.17234468937875752,0.8973947895791583,1.0
compressed,2026093003,1000000,1000614,common_unique_keys,river,532,2,0.2631578947368421,0.8796992481203008,1.0
compressed,2026093003,1000000,1000614,common_unique_keys,turn,1361,2,0.2630418809698751,0.8302718589272594,1.0
compressed,2026093003,1000000,1000614,stored,flop,9136,2,0.0,0.8937171628721541,0.9984676007005254
compressed,2026093003,1000000,1000614,stored,preflop,6989,2,0.0,0.9623694376877951,1.0
compressed,2026093003,1000000,1000614,stored,river,41427,1,0.0,0.9793371472711034,1.0
compressed,2026093003,1000000,1000614,stored,turn,28577,1,0.0,0.9727753088147811,1.0
compressed,2026093003,2000000,2000319,common_encounters,flop,4248,40,0.03531073446327684,0.22598870056497175,0.7266949152542372
compressed,2026093003,2000000,2000319,common_encounters,preflop,10230,15,0.01964809384164223,0.3040078201368524,1.0
compressed,2026093003,2000000,2000319,common_encounters,river,545,4,0.14495412844036698,0.7394495412844037,1.0
compressed,2026093003,2000000,2000319,common_encounters,turn,1658,7,0.12967430639324487,0.5705669481302774,0.9933655006031363
compressed,2026093003,2000000,2000319,common_unique_keys,flop,1620,10,0.09135802469135802,0.4925925925925926,0.9604938271604938
compressed,2026093003,2000000,2000319,common_unique_keys,preflop,2495,5,0.07535070140280561,0.6981963927855711,1.0
compressed,2026093003,2000000,2000319,common_unique_keys,river,532,4,0.14661654135338345,0.7443609022556391,1.0
compressed,2026093003,2000000,2000319,common_unique_keys,turn,1361,5,0.15797207935341662,0.659808963997061,0.9963262307127112
compressed,2026093003,2000000,2000319,stored,flop,12458,2,0.0,0.8482099855514529,0.9944613902713116
compressed,2026093003,2000000,2000319,stored,preflop,9509,2,0.0,0.9118729624566201,1.0
compressed,2026093003,2000000,2000319,stored,river,63753,1,0.0,0.9552491647451885,0.9999215723181655
compressed,2026093003,2000000,2000319,stored,turn,43555,1,0.0,0.9465273791757548,0.9998622431408564
