timestamp,serviceRssKiB,serviceCpuPercent,serviceTopMem,hostCpuIdlePercent,hostCompressor,hostSwapUsedMiB
2026-09-30T16:05:29.160570+00:00,22064,0.0,19M,34.13,5977M,3107.88
2026-09-30T16:05:59.850087+00:00,16320,0.0,19M,44.15,6366M,3083.88
2026-09-30T16:06:30.527438+00:00,16320,0.0,19M,60.89,6375M,3083.88
2026-09-30T16:07:01.165276+00:00,16320,0.0,19M,62.55,6302M,3083.88
2026-09-30T16:07:31.809677+00:00,16256,0.0,19M,60.71,6264M,3075.88
2026-09-30T16:08:02.461973+00:00,16256,0.0,19M,42.23,6006M,3075.88
2026-09-30T16:08:33.267233+00:00,11968,0.0,19M,54.69,6429M,3019.88
2026-09-30T16:09:03.952128+00:00,11136,0.0,19M,34.41,6575M,3019.88
2026-09-30T16:09:34.625853+00:00,10992,0.0,19M,33.6,6696M,3019.88
2026-09-30T16:10:05.318575+00:00,16368,0.0,19M,21.87,6263M,3011.88
2026-09-30T16:10:36.346285+00:00,11056,0.0,19M,39.39,6698M,3011.88
2026-09-30T16:11:07.157704+00:00,17600,0.0,19M,40.42,6874M,3003.88
2026-09-30T16:11:37.983360+00:00,11776,0.0,19M,47.59,6449M,2995.88
2026-09-30T16:12:08.690484+00:00,11744,0.0,19M,60.15,6772M,2987.88
2026-09-30T16:12:39.419125+00:00,11728,0.0,19M,59.1,7234M,2987.88
2026-09-30T16:13:10.137963+00:00,22016,0.0,19M,46.57,6816M,2987.88
2026-09-30T16:13:40.964993+00:00,21696,0.0,20M,71.36,6761M,2987.88
2026-09-30T16:14:11.619297+00:00,22080,0.0,20M,70.61,6921M,2987.88
2026-09-30T16:14:42.292692+00:00,22048,0.0,20M,64.18,6728M,2987.88
2026-09-30T16:15:12.998305+00:00,21664,0.0,20M,65.65,6902M,2987.88
2026-09-30T16:15:43.683813+00:00,17856,0.0,20M,70.14,7175M,2971.88
2026-09-30T16:16:14.326315+00:00,21776,0.0,20M,65.52,7343M,2971.88
2026-09-30T16:16:45.044842+00:00,11968,0.0,20M,12.17,7651M,2966.19
2026-09-30T16:17:15.881801+00:00,11616,0.0,20M,63.69,7231M,2942.19
2026-09-30T16:17:46.716984+00:00,11616,0.0,20M,73.1,7246M,2942.19
2026-09-30T16:18:17.379343+00:00,11616,0.0,20M,72.34,7327M,2942.19
2026-09-30T16:18:48.077595+00:00,11616,0.0,20M,73.82,7211M,2942.19
2026-09-30T16:19:18.791385+00:00,11616,0.0,20M,71.25,7060M,2942.19
2026-09-30T16:19:49.483815+00:00,11616,0.0,20M,68.82,7007M,2942.19
2026-09-30T16:20:20.182090+00:00,11616,0.0,20M,73.25,7341M,2942.19
2026-09-30T16:20:50.871757+00:00,11616,0.0,20M,68.14,7335M,2942.19
2026-09-30T16:21:21.549797+00:00,11616,0.0,20M,61.33,7433M,2942.19
2026-09-30T16:21:52.227766+00:00,9296,0.0,20M,70.91,7573M,2942.19
2026-09-30T16:22:22.949366+00:00,20224,0.0,21M,72.6,7350M,2942.19
2026-09-30T16:22:53.643991+00:00,20432,0.0,21M,62.31,7377M,2942.19
2026-09-30T16:23:24.420092+00:00,20944,0.0,21M,65.4,7355M,2942.19
2026-09-30T16:23:55.172784+00:00,20768,0.0,21M,64.58,7378M,2942.19
2026-09-30T16:24:25.871279+00:00,20832,0.0,21M,72.83,7203M,2942.19
2026-09-30T16:24:56.554610+00:00,20912,0.0,21M,54.67,7021M,2942.19
2026-09-30T16:25:27.326775+00:00,20816,0.0,21M,72.95,7013M,2942.19
2026-09-30T16:25:57.996295+00:00,20864,0.0,21M,73.21,7375M,2942.19
2026-09-30T16:26:28.702481+00:00,20848,0.0,21M,71.95,7220M,2942.19
2026-09-30T16:26:59.399435+00:00,21056,0.0,21M,72.79,7336M,2942.19
2026-09-30T16:27:30.115473+00:00,21216,0.0,21M,73.38,7399M,2942.19
2026-09-30T16:28:00.819747+00:00,21648,0.0,21M,73.28,7654M,2942.19
2026-09-30T16:28:31.527644+00:00,21344,0.0,22M,71.91,7251M,2942.19
2026-09-30T16:29:02.220634+00:00,21280,0.0,21M,71.1,7356M,2942.19
2026-09-30T16:29:32.932284+00:00,21024,0.0,22M,75.29,7323M,2942.19
2026-09-30T16:30:03.630520+00:00,20608,0.0,22M,72.28,7475M,2942.19
2026-09-30T16:30:34.318558+00:00,21200,0.0,22M,60.12,7381M,2942.19
2026-09-30T16:31:05.147927+00:00,20496,0.0,22M,53.59,7973M,2942.19
2026-09-30T16:31:35.869716+00:00,21600,0.0,22M,73.94,7639M,3102.06
2026-09-30T16:32:06.560727+00:00,21056,0.0,22M,71.54,7222M,3102.06
2026-09-30T16:32:37.287190+00:00,21696,0.0,22M,73.45,6798M,3094.06
2026-09-30T16:33:07.980948+00:00,21856,0.0,22M,66.6,6709M,3094.06
2026-09-30T16:33:38.679487+00:00,21968,0.0,22M,72.83,6468M,3094.06
2026-09-30T16:34:09.370523+00:00,27472,0.0,22M,69.0,6433M,3094.06
2026-09-30T16:34:40.084519+00:00,22192,0.0,22M,61.8,6880M,3086.06
2026-09-30T16:35:10.769727+00:00,21200,0.0,22M,54.81,7227M,3078.06
2026-09-30T16:35:41.450986+00:00,20736,0.0,22M,60.12,7248M,3078.06
2026-09-30T16:36:12.117275+00:00,25440,0.0,22M,69.6,7260M,3078.06
2026-09-30T16:36:42.808923+00:00,24128,0.0,22M,59.63,6948M,3078.06
2026-09-30T16:37:13.497636+00:00,24320,0.0,22M,67.5,6775M,3078.06
2026-09-30T16:37:44.203894+00:00,26256,0.0,22M,69.24,6693M,3078.06
2026-09-30T16:38:14.886182+00:00,26384,0.2,22M,69.36,6510M,3078.06
2026-09-30T16:38:45.584717+00:00,26464,0.0,22M,73.0,6420M,3078.06
2026-09-30T16:39:16.272372+00:00,26512,0.0,22M,70.25,6358M,3078.06
2026-09-30T16:39:46.970615+00:00,26640,0.0,22M,70.65,6288M,3078.06
2026-09-30T16:40:17.618046+00:00,26672,0.0,22M,73.0,6219M,3078.06
2026-09-30T16:40:48.307161+00:00,26720,0.0,22M,72.54,6183M,3078.06
2026-09-30T16:41:18.995750+00:00,26752,0.0,22M,73.29,6166M,3078.06
2026-09-30T16:41:49.681647+00:00,26800,0.0,22M,72.74,6159M,3078.06
2026-09-30T16:42:20.351261+00:00,26816,0.0,23M,68.11,6141M,3078.06
2026-09-30T16:42:51.061106+00:00,27584,0.0,23M,67.81,6164M,3078.06
2026-09-30T16:43:21.757515+00:00,27728,0.1,23M,72.88,6213M,3078.06
2026-09-30T16:43:52.421305+00:00,27792,0.0,23M,72.59,6204M,3078.06
2026-09-30T16:44:23.104176+00:00,27808,0.0,23M,68.75,6148M,3078.06
2026-09-30T16:44:53.804543+00:00,26672,0.1,23M,39.57,7181M,3078.06
2026-09-30T16:45:24.688994+00:00,21536,0.0,23M,67.93,6411M,3925.75
2026-09-30T16:45:55.359804+00:00,22912,0.0,23M,72.59,6183M,3925.75
2026-09-30T16:46:26.046472+00:00,27792,0.0,23M,72.45,6155M,3925.75
2026-09-30T16:46:56.710913+00:00,27072,0.0,23M,72.7,5794M,3925.75
2026-09-30T16:47:27.391709+00:00,23488,0.0,23M,63.13,5718M,3925.75
2026-09-30T16:47:58.074316+00:00,27200,0.0,23M,71.54,5649M,3925.75
2026-09-30T16:48:28.768150+00:00,27232,0.0,23M,73.86,5664M,3925.75
2026-09-30T16:48:59.449727+00:00,26944,0.0,23M,72.15,5653M,3925.75
2026-09-30T16:49:30.139467+00:00,26992,0.0,23M,72.76,5619M,3925.75
2026-09-30T16:50:00.795980+00:00,27264,0.0,23M,73.44,5699M,3925.75
2026-09-30T16:50:31.464745+00:00,26720,0.0,23M,58.82,5865M,3917.75
2026-09-30T16:51:02.144758+00:00,27120,0.0,24M,58.76,5614M,3917.75
2026-09-30T16:51:32.812011+00:00,27968,0.0,24M,61.45,5449M,3909.75
